L 10/01/2026 - 21:39:57: [SPAWN] id=28 name="Security" time=98.153 map=fy_snow players=28
L 10/01/2026 - 21:39:57: [SPAWN] id=28 name="Security" time=98.163 map=fy_snow players=28
L 10/01/2026 - 21:39:57: [SPAWN] id=28 name="Security" time=98.173 map=fy_snow players=28
L 10/01/2026 - 21:39:57: [SPAWN] id=28 name="Security" time=98.182 map=fy_snow players=28
L 10/01/2026 - 21:39:57: [SPAWN] id=28 name="Security" time=98.192 map=fy_snow players=28
L 10/01/2026 - 21:39:57: [SPAWN] id=28 name="Security" time=98.202 map=fy_snow players=28
L 10/01/2026 - 21:39:57: [SPAWN] id=28 name="Security" time=98.212 map=fy_snow players=29
L 10/01/2026 - 21:39:57: [SPAWN] id=28 name="Security" time=98.222 map=fy_snow players=29
L 10/01/2026 - 21:39:57: [SPAWN] id=28 name="Security" time=98.231 map=fy_snow players=29
L 10/01/2026 - 21:39:57: [SPAWN] id=28 name="Security" time=98.241 map=fy_snow players=29
L 10/01/2026 - 21:39:57: [SPAWN] id=28 name="Security" time=98.252 map=fy_snow players=29
L 10/01/2026 - 21:39:57: [SPAWN] id=28 name="Security" time=98.262 map=fy_snow players=29
L 10/01/2026 - 21:39:57: [SPAWN] id=28 name="Security" time=98.271 map=fy_snow players=29
L 10/01/2026 - 21:39:57: [SPAWN] id=28 name="Security" time=98.281 map=fy_snow players=29
L 10/01/2026 - 21:39:57: [SPAWN] id=28 name="Security" time=98.292 map=fy_snow players=29
L 10/01/2026 - 21:39:57: [SPAWN] id=28 name="Security" time=98.302 map=fy_snow players=29
L 10/01/2026 - 21:39:57: [SPAWN] id=28 name="Security" time=98.311 map=fy_snow players=29
L 10/01/2026 - 21:39:57: [SPAWN] id=28 name="Security" time=98.321 map=fy_snow players=29
L 10/01/2026 - 21:39:57: [SPAWN] id=28 name="Security" time=98.332 map=fy_snow players=29
L 10/01/2026 - 21:39:57: [SPAWN] id=28 name="Security" time=98.342 map=fy_snow players=29
L 10/01/2026 - 21:39:57: [SPAWN] id=28 name="Security" time=98.352 map=fy_snow players=29
L 10/01/2026 - 21:39:57: [SPAWN] id=28 name="Security" time=98.362 map=fy_snow players=29
L 10/01/2026 - 21:39:57: [SPAWN] id=28 name="Security" time=98.372 map=fy_snow players=29
L 10/01/2026 - 21:39:57: [SPAWN] id=28 name="Security" time=98.382 map=fy_snow players=29
L 10/01/2026 - 21:39:57: [SPAWN] id=28 name="Security" time=98.391 map=fy_snow players=29
L 10/01/2026 - 21:39:57: [SPAWN] id=28 name="Security" time=98.401 map=fy_snow players=29
L 10/01/2026 - 21:39:57: [SPAWN] id=28 name="Security" time=98.411 map=fy_snow players=29
L 10/01/2026 - 21:39:57: [SPAWN] id=28 name="Security" time=98.421 map=fy_snow players=29
L 10/01/2026 - 21:39:57: [SPAWN] id=28 name="Security" time=98.431 map=fy_snow players=29
L 10/01/2026 - 21:39:57: [SPAWN] id=28 name="Security" time=98.441 map=fy_snow players=29
L 10/01/2026 - 21:39:57: [SPAWN] id=28 name="Security" time=98.451 map=fy_snow players=29
L 10/01/2026 - 21:39:57: [SPAWN] id=28 name="Security" time=98.461 map=fy_snow players=29
L 10/01/2026 - 21:39:57: [SPAWN] id=28 name="Security" time=98.472 map=fy_snow players=29
L 10/01/2026 - 21:39:57: [SPAWN] id=28 name="Security" time=98.482 map=fy_snow players=29
L 10/01/2026 - 21:39:57: [SPAWN] id=28 name="Security" time=98.491 map=fy_snow players=29
L 10/01/2026 - 21:39:57: [SPAWN] id=28 name="Security" time=98.501 map=fy_snow players=29
L 10/01/2026 - 21:39:57: [SPAWN] id=28 name="Security" time=98.511 map=fy_snow players=29
L 10/01/2026 - 21:39:57: [SPAWN] id=28 name="Security" time=98.521 map=fy_snow players=29
L 10/01/2026 - 21:39:57: [SPAWN] id=28 name="Security" time=98.531 map=fy_snow players=29
L 10/01/2026 - 21:39:57: [SPAWN] id=28 name="Security" time=98.541 map=fy_snow players=29
L 10/01/2026 - 21:39:57: [SPAWN] id=28 name="Security" time=98.551 map=fy_snow players=29
L 10/01/2026 - 21:39:57: [SPAWN] id=28 name="Security" time=98.561 map=fy_snow players=29
L 10/01/2026 - 21:39:57: [SPAWN] id=28 name="Security" time=98.570 map=fy_snow players=29
L 10/01/2026 - 21:39:57: [SPAWN] id=28 name="Security" time=98.580 map=fy_snow players=29
L 10/01/2026 - 21:39:57: [SPAWN] id=28 name="Security" time=98.591 map=fy_snow players=29
L 10/01/2026 - 21:39:57: [SPAWN] id=28 name="Security" time=98.601 map=fy_snow players=29
L 10/01/2026 - 21:39:57: [SPAWN] id=28 name="Security" time=98.611 map=fy_snow players=29
L 10/01/2026 - 21:39:57: [SPAWN] id=28 name="Security" time=98.621 map=fy_snow players=29
L 10/01/2026 - 21:39:57: [SPAWN] id=28 name="Security" time=98.631 map=fy_snow players=29
L 10/01/2026 - 21:39:57: [SPAWN] id=28 name="Security" time=98.641 map=fy_snow players=29
L 10/01/2026 - 21:39:57: [SPAWN] id=28 name="Security" time=98.650 map=fy_snow players=29
L 10/01/2026 - 21:39:57: [SPAWN] id=28 name="Security" time=98.660 map=fy_snow players=29
L 10/01/2026 - 21:39:57: [SPAWN] id=28 name="Security" time=98.669 map=fy_snow players=29
L 10/01/2026 - 21:39:57: [SPAWN] id=28 name="Security" time=98.679 map=fy_snow players=29
L 10/01/2026 - 21:39:57: [SPAWN] id=28 name="Security" time=98.689 map=fy_snow players=29
L 10/01/2026 - 21:39:57: [SPAWN] id=28 name="Security" time=98.699 map=fy_snow players=29
L 10/01/2026 - 21:39:57: [SPAWN] id=28 name="Security" time=98.709 map=fy_snow players=29
L 10/01/2026 - 21:39:57: [SPAWN] id=28 name="Security" time=98.719 map=fy_snow players=29
L 10/01/2026 - 21:39:57: [SPAWN] id=28 name="Security" time=98.731 map=fy_snow players=29
L 10/01/2026 - 21:39:57: [SPAWN] id=28 name="Security" time=98.741 map=fy_snow players=29
L 10/01/2026 - 21:39:57: [SPAWN] id=28 name="Security" time=98.750 map=fy_snow players=29
L 10/01/2026 - 21:39:57: [SPAWN] id=28 name="Security" time=98.760 map=fy_snow players=29
L 10/01/2026 - 21:39:57: [SPAWN] id=28 name="Security" time=98.770 map=fy_snow players=29
L 10/01/2026 - 21:39:57: [SPAWN] id=28 name="Security" time=98.780 map=fy_snow players=29
L 10/01/2026 - 21:39:57: [SPAWN] id=28 name="Security" time=98.790 map=fy_snow players=29
L 10/01/2026 - 21:39:57: [SPAWN] id=28 name="Security" time=98.800 map=fy_snow players=29
L 10/01/2026 - 21:39:57: [SPAWN] id=28 name="Security" time=98.809 map=fy_snow players=29
L 10/01/2026 - 21:39:57: [SPAWN] id=28 name="Security" time=98.819 map=fy_snow players=29
L 10/01/2026 - 21:39:57: [SPAWN] id=28 name="Security" time=98.829 map=fy_snow players=29
L 10/01/2026 - 21:39:57: [SPAWN] id=28 name="Security" time=98.839 map=fy_snow players=29
L 10/01/2026 - 21:39:57: [SPAWN] id=28 name="Security" time=98.849 map=fy_snow players=29
L 10/01/2026 - 21:39:57: [SPAWN] id=28 name="Security" time=98.859 map=fy_snow players=29
L 10/01/2026 - 21:39:57: [SPAWN] id=28 name="Security" time=98.868 map=fy_snow players=29
L 10/01/2026 - 21:39:57: [SPAWN] id=28 name="Security" time=98.878 map=fy_snow players=29
L 10/01/2026 - 21:39:57: [SPAWN] id=28 name="Security" time=98.891 map=fy_snow players=29
L 10/01/2026 - 21:39:57: [SPAWN] id=28 name="Security" time=98.901 map=fy_snow players=29
L 10/01/2026 - 21:39:57: [SPAWN] id=28 name="Security" time=98.908 map=fy_snow players=29
L 10/01/2026 - 21:39:57: [SPAWN] id=28 name="Security" time=98.918 map=fy_snow players=29
L 10/01/2026 - 21:39:57: [SPAWN] id=28 name="Security" time=98.929 map=fy_snow players=29
L 10/01/2026 - 21:39:57: [SPAWN] id=28 name="Security" time=98.939 map=fy_snow players=29
L 10/01/2026 - 21:39:57: [SPAWN] id=28 name="Security" time=98.949 map=fy_snow players=29
L 10/01/2026 - 21:39:57: [SPAWN] id=28 name="Security" time=98.959 map=fy_snow players=29
L 10/01/2026 - 21:39:57: [SPAWN] id=28 name="Security" time=98.968 map=fy_snow players=29
L 10/01/2026 - 21:39:57: [SPAWN] id=28 name="Security" time=98.978 map=fy_snow players=29
L 10/01/2026 - 21:39:57: [SPAWN] id=28 name="Security" time=98.990 map=fy_snow players=29
L 10/01/2026 - 21:39:57: [SPAWN] id=28 name="Security" time=98.999 map=fy_snow players=29
L 10/01/2026 - 21:39:57: [SPAWN] id=28 name="Security" time=99.009 map=fy_snow players=29
L 10/01/2026 - 21:39:57: [SPAWN] id=28 name="Security" time=99.019 map=fy_snow players=29
L 10/01/2026 - 21:39:57: [SPAWN] id=28 name="Security" time=99.028 map=fy_snow players=29
L 10/01/2026 - 21:39:57: [SPAWN] id=28 name="Security" time=99.038 map=fy_snow players=29
L 10/01/2026 - 21:39:57: [SPAWN] id=28 name="Security" time=99.048 map=fy_snow players=29
L 10/01/2026 - 21:39:57: [SPAWN] id=28 name="Security" time=99.058 map=fy_snow players=29
L 10/01/2026 - 21:39:58: [SPAWN] id=28 name="Security" time=99.068 map=fy_snow players=29
L 10/01/2026 - 21:39:58: [SPAWN] id=28 name="Security" time=99.078 map=fy_snow players=29
L 10/01/2026 - 21:39:58: [SPAWN] id=28 name="Security" time=99.088 map=fy_snow players=29
L 10/01/2026 - 21:39:58: [SPAWN] id=28 name="Security" time=99.098 map=fy_snow players=29
L 10/01/2026 - 21:39:58: [SPAWN] id=28 name="Security" time=99.108 map=fy_snow players=29
L 10/01/2026 - 21:39:58: [SPAWN] id=28 name="Security" time=99.118 map=fy_snow players=29
L 10/01/2026 - 21:39:58: [SPAWN] id=28 name="Security" time=99.128 map=fy_snow players=29
L 10/01/2026 - 21:39:58: [SPAWN] id=28 name="Security" time=99.138 map=fy_snow players=29
L 10/01/2026 - 21:39:58: [SPAWN] id=28 name="Security" time=99.147 map=fy_snow players=29
L 10/01/2026 - 21:39:58: [SPAWN] id=28 name="Security" time=99.157 map=fy_snow players=29
L 10/01/2026 - 21:39:58: [SPAWN] id=28 name="Security" time=99.168 map=fy_snow players=29
L 10/01/2026 - 21:39:58: [SPAWN] id=28 name="Security" time=99.178 map=fy_snow players=29
L 10/01/2026 - 21:39:58: [SPAWN] id=28 name="Security" time=99.189 map=fy_snow players=29
L 10/01/2026 - 21:39:58: [SPAWN] id=28 name="Security" time=99.198 map=fy_snow players=29
L 10/01/2026 - 21:39:58: [SPAWN] id=28 name="Security" time=99.207 map=fy_snow players=29
L 10/01/2026 - 21:39:58: [SPAWN] id=28 name="Security" time=99.217 map=fy_snow players=29
L 10/01/2026 - 21:39:58: [SPAWN] id=28 name="Security" time=99.228 map=fy_snow players=29
L 10/01/2026 - 21:39:58: [SPAWN] id=28 name="Security" time=99.238 map=fy_snow players=29
L 10/01/2026 - 21:39:58: [SPAWN] id=28 name="Security" time=99.247 map=fy_snow players=29
L 10/01/2026 - 21:39:58: [SPAWN] id=28 name="Security" time=99.257 map=fy_snow players=29
L 10/01/2026 - 21:39:58: [SPAWN] id=28 name="Security" time=99.267 map=fy_snow players=29
L 10/01/2026 - 21:39:58: [SPAWN] id=28 name="Security" time=99.277 map=fy_snow players=29
L 10/01/2026 - 21:39:58: [SPAWN] id=28 name="Security" time=99.287 map=fy_snow players=29
L 10/01/2026 - 21:39:58: [SPAWN] id=28 name="Security" time=99.297 map=fy_snow players=29
L 10/01/2026 - 21:39:58: [SPAWN] id=28 name="Security" time=99.307 map=fy_snow players=29
L 10/01/2026 - 21:39:58: [SPAWN] id=28 name="Security" time=99.317 map=fy_snow players=29
L 10/01/2026 - 21:39:58: [SPAWN] id=28 name="Security" time=99.328 map=fy_snow players=29
L 10/01/2026 - 21:39:58: [SPAWN] id=28 name="Security" time=99.338 map=fy_snow players=29
L 10/01/2026 - 21:39:58: [SPAWN] id=28 name="Security" time=99.347 map=fy_snow players=29
L 10/01/2026 - 21:39:58: [SPAWN] id=28 name="Security" time=99.357 map=fy_snow players=29
L 10/01/2026 - 21:39:58: [SPAWN] id=28 name="Security" time=99.366 map=fy_snow players=29
L 10/01/2026 - 21:39:58: [SPAWN] id=28 name="Security" time=99.376 map=fy_snow players=29
L 10/01/2026 - 21:39:58: [SPAWN] id=28 name="Security" time=99.388 map=fy_snow players=29
L 10/01/2026 - 21:39:58: [SPAWN] id=28 name="Security" time=99.397 map=fy_snow players=29
L 10/01/2026 - 21:39:58: [SPAWN] id=28 name="Security" time=99.406 map=fy_snow players=29
L 10/01/2026 - 21:39:58: [SPAWN] id=28 name="Security" time=99.416 map=fy_snow players=29
L 10/01/2026 - 21:39:58: [SPAWN] id=28 name="Security" time=99.426 map=fy_snow players=29
L 10/01/2026 - 21:39:58: [SPAWN] id=28 name="Security" time=99.436 map=fy_snow players=29
L 10/01/2026 - 21:39:58: [SPAWN] id=28 name="Security" time=99.447 map=fy_snow players=29
L 10/01/2026 - 21:39:58: [SPAWN] id=28 name="Security" time=99.457 map=fy_snow players=29
L 10/01/2026 - 21:39:58: [SPAWN] id=28 name="Security" time=99.466 map=fy_snow players=29
L 10/01/2026 - 21:39:58: [SPAWN] id=28 name="Security" time=99.476 map=fy_snow players=29
L 10/01/2026 - 21:39:58: [SPAWN] id=28 name="Security" time=99.486 map=fy_snow players=29
L 10/01/2026 - 21:39:58: [SPAWN] id=28 name="Security" time=99.496 map=fy_snow players=29
L 10/01/2026 - 21:39:58: [SPAWN] id=28 name="Security" time=99.507 map=fy_snow players=29
L 10/01/2026 - 21:39:58: [SPAWN] id=28 name="Security" time=99.517 map=fy_snow players=29
L 10/01/2026 - 21:39:58: [SPAWN] id=28 name="Security" time=99.525 map=fy_snow players=29
L 10/01/2026 - 21:39:58: [SPAWN] id=28 name="Security" time=99.535 map=fy_snow players=29
L 10/01/2026 - 21:39:58: [SPAWN] id=28 name="Security" time=99.545 map=fy_snow players=29
L 10/01/2026 - 21:39:58: [SPAWN] id=28 name="Security" time=99.555 map=fy_snow players=29
L 10/01/2026 - 21:39:58: [SPAWN] id=28 name="Security" time=99.565 map=fy_snow players=29
L 10/01/2026 - 21:39:58: [SPAWN] id=28 name="Security" time=99.575 map=fy_snow players=29
L 10/01/2026 - 21:39:58: [SPAWN] id=28 name="Security" time=99.586 map=fy_snow players=29
L 10/01/2026 - 21:39:58: [SPAWN] id=28 name="Security" time=99.596 map=fy_snow players=29
L 10/01/2026 - 21:39:58: [SPAWN] id=28 name="Security" time=99.605 map=fy_snow players=29
L 10/01/2026 - 21:39:58: [SPAWN] id=28 name="Security" time=99.615 map=fy_snow players=29
L 10/01/2026 - 21:39:58: [SPAWN] id=28 name="Security" time=99.625 map=fy_snow players=29
L 10/01/2026 - 21:39:58: [SPAWN] id=28 name="Security" time=99.635 map=fy_snow players=29
L 10/01/2026 - 21:39:58: [SPAWN] id=28 name="Security" time=99.645 map=fy_snow players=29
L 10/01/2026 - 21:39:58: [SPAWN] id=28 name="Security" time=99.655 map=fy_snow players=29
L 10/01/2026 - 21:39:58: [SPAWN] id=28 name="Security" time=99.665 map=fy_snow players=29
L 10/01/2026 - 21:39:58: [SPAWN] id=28 name="Security" time=99.675 map=fy_snow players=29
L 10/01/2026 - 21:39:58: [SPAWN] id=28 name="Security" time=99.685 map=fy_snow players=29
L 10/01/2026 - 21:39:58: [SPAWN] id=28 name="Security" time=99.695 map=fy_snow players=29
L 10/01/2026 - 21:39:58: [SPAWN] id=28 name="Security" time=99.704 map=fy_snow players=29
L 10/01/2026 - 21:39:58: [SPAWN] id=28 name="Security" time=99.714 map=fy_snow players=29
L 10/01/2026 - 21:39:58: [SPAWN] id=28 name="Security" time=99.724 map=fy_snow players=29
L 10/01/2026 - 21:39:58: [SPAWN] id=28 name="Security" time=99.734 map=fy_snow players=29
L 10/01/2026 - 21:39:58: [SPAWN] id=28 name="Security" time=99.744 map=fy_snow players=29
L 10/01/2026 - 21:39:58: [SPAWN] id=28 name="Security" time=99.754 map=fy_snow players=29
L 10/01/2026 - 21:39:58: [SPAWN] id=28 name="Security" time=99.764 map=fy_snow players=29
L 10/01/2026 - 21:39:58: [SPAWN] id=28 name="Security" time=99.774 map=fy_snow players=29
L 10/01/2026 - 21:39:58: [SPAWN] id=28 name="Security" time=99.784 map=fy_snow players=29
L 10/01/2026 - 21:39:58: [SPAWN] id=28 name="Security" time=99.794 map=fy_snow players=29
L 10/01/2026 - 21:39:58: [SPAWN] id=28 name="Security" time=99.804 map=fy_snow players=29
L 10/01/2026 - 21:39:58: [SPAWN] id=28 name="Security" time=99.814 map=fy_snow players=29
L 10/01/2026 - 21:39:58: [SPAWN] id=28 name="Security" time=99.824 map=fy_snow players=29
L 10/01/2026 - 21:39:58: [SPAWN] id=28 name="Security" time=99.834 map=fy_snow players=29
L 10/01/2026 - 21:39:58: [SPAWN] id=28 name="Security" time=99.844 map=fy_snow players=29
L 10/01/2026 - 21:39:58: [SPAWN] id=28 name="Security" time=99.854 map=fy_snow players=29
L 10/01/2026 - 21:39:58: [SPAWN] id=28 name="Security" time=99.864 map=fy_snow players=29
L 10/01/2026 - 21:39:58: [SPAWN] id=28 name="Security" time=99.874 map=fy_snow players=29
L 10/01/2026 - 21:39:58: [SPAWN] id=28 name="Security" time=99.884 map=fy_snow players=29
L 10/01/2026 - 21:39:58: [SPAWN] id=28 name="Security" time=99.894 map=fy_snow players=29
L 10/01/2026 - 21:39:58: [SPAWN] id=28 name="Security" time=99.904 map=fy_snow players=29
L 10/01/2026 - 21:39:58: [SPAWN] id=28 name="Security" time=99.914 map=fy_snow players=29
L 10/01/2026 - 21:39:58: [SPAWN] id=28 name="Security" time=99.923 map=fy_snow players=29
L 10/01/2026 - 21:39:58: [SPAWN] id=28 name="Security" time=99.933 map=fy_snow players=29
L 10/01/2026 - 21:39:58: [SPAWN] id=28 name="Security" time=99.944 map=fy_snow players=29
L 10/01/2026 - 21:39:58: [SPAWN] id=28 name="Security" time=99.954 map=fy_snow players=29
L 10/01/2026 - 21:39:58: [SPAWN] id=28 name="Security" time=99.963 map=fy_snow players=29
L 10/01/2026 - 21:39:58: [SPAWN] id=28 name="Security" time=99.973 map=fy_snow players=29
L 10/01/2026 - 21:39:58: [SPAWN] id=19 name="Unikov" time=99.991 map=fy_snow players=29
L 10/01/2026 - 21:39:58: [SPAWN] id=28 name="Security" time=99.984 map=fy_snow players=29
L 10/01/2026 - 21:39:58: [SPAWN] id=28 name="Security" time=99.994 map=fy_snow players=29
L 10/01/2026 - 21:39:58: [SPAWN] id=28 name="Security" time=100.005 map=fy_snow players=29
L 10/01/2026 - 21:39:58: [SPAWN] id=28 name="Security" time=100.014 map=fy_snow players=29
L 10/01/2026 - 21:39:58: [SPAWN] id=28 name="Security" time=100.023 map=fy_snow players=29
L 10/01/2026 - 21:39:58: [SPAWN] id=28 name="Security" time=100.033 map=fy_snow players=29
L 10/01/2026 - 21:39:58: [SPAWN] id=28 name="Security" time=100.043 map=fy_snow players=29
L 10/01/2026 - 21:39:58: [SPAWN] id=28 name="Security" time=100.053 map=fy_snow players=29
L 10/01/2026 - 21:39:59: [SPAWN] id=28 name="Security" time=100.063 map=fy_snow players=29
L 10/01/2026 - 21:39:59: [SPAWN] id=28 name="Security" time=100.073 map=fy_snow players=29
L 10/01/2026 - 21:39:59: [SPAWN] id=28 name="Security" time=100.083 map=fy_snow players=29
L 10/01/2026 - 21:39:59: [SPAWN] id=28 name="Security" time=100.093 map=fy_snow players=29
L 10/01/2026 - 21:39:59: [SPAWN] id=28 name="Security" time=100.103 map=fy_snow players=29
L 10/01/2026 - 21:39:59: [SPAWN] id=28 name="Security" time=100.113 map=fy_snow players=29
L 10/01/2026 - 21:39:59: [SPAWN] id=28 name="Security" time=100.123 map=fy_snow players=29
L 10/01/2026 - 21:39:59: [SPAWN] id=28 name="Security" time=100.133 map=fy_snow players=29
L 10/01/2026 - 21:39:59: [SPAWN] id=28 name="Security" time=100.143 map=fy_snow players=29
L 10/01/2026 - 21:39:59: [SPAWN] id=28 name="Security" time=100.153 map=fy_snow players=29
L 10/01/2026 - 21:39:59: [SPAWN] id=28 name="Security" time=100.163 map=fy_snow players=29
L 10/01/2026 - 21:39:59: [SPAWN] id=28 name="Security" time=100.173 map=fy_snow players=29
L 10/01/2026 - 21:39:59: [SPAWN] id=28 name="Security" time=100.182 map=fy_snow players=29
L 10/01/2026 - 21:39:59: [SPAWN] id=28 name="Security" time=100.192 map=fy_snow players=29
L 10/01/2026 - 21:39:59: [SPAWN] id=28 name="Security" time=100.203 map=fy_snow players=29
L 10/01/2026 - 21:39:59: [SPAWN] id=28 name="Security" time=100.212 map=fy_snow players=29
L 10/01/2026 - 21:39:59: [SPAWN] id=28 name="Security" time=100.222 map=fy_snow players=29
L 10/01/2026 - 21:39:59: [SPAWN] id=28 name="Security" time=100.232 map=fy_snow players=29
L 10/01/2026 - 21:39:59: [SPAWN] id=28 name="Security" time=100.242 map=fy_snow players=29
L 10/01/2026 - 21:39:59: [SPAWN] id=28 name="Security" time=100.252 map=fy_snow players=29
L 10/01/2026 - 21:39:59: [SPAWN] id=28 name="Security" time=100.262 map=fy_snow players=29
L 10/01/2026 - 21:39:59: [SPAWN] id=28 name="Security" time=100.272 map=fy_snow players=29
L 10/01/2026 - 21:39:59: [SPAWN] id=28 name="Security" time=100.283 map=fy_snow players=29
L 10/01/2026 - 21:39:59: [SPAWN] id=28 name="Security" time=100.293 map=fy_snow players=29
L 10/01/2026 - 21:39:59: [SPAWN] id=28 name="Security" time=100.302 map=fy_snow players=29
L 10/01/2026 - 21:39:59: [SPAWN] id=28 name="Security" time=100.312 map=fy_snow players=29
L 10/01/2026 - 21:39:59: [SPAWN] id=28 name="Security" time=100.322 map=fy_snow players=29
L 10/01/2026 - 21:39:59: [SPAWN] id=28 name="Security" time=100.332 map=fy_snow players=29
L 10/01/2026 - 21:39:59: [SPAWN] id=28 name="Security" time=100.341 map=fy_snow players=29
L 10/01/2026 - 21:39:59: [SPAWN] id=28 name="Security" time=100.351 map=fy_snow players=29
L 10/01/2026 - 21:39:59: [SPAWN] id=28 name="Security" time=100.361 map=fy_snow players=29
L 10/01/2026 - 21:39:59: [SPAWN] id=28 name="Security" time=100.371 map=fy_snow players=29
L 10/01/2026 - 21:39:59: [SPAWN] id=28 name="Security" time=100.381 map=fy_snow players=29
L 10/01/2026 - 21:39:59: [SPAWN] id=28 name="Security" time=100.391 map=fy_snow players=29
L 10/01/2026 - 21:39:59: [SPAWN] id=28 name="Security" time=100.403 map=fy_snow players=29
L 10/01/2026 - 21:39:59: [SPAWN] id=28 name="Security" time=100.412 map=fy_snow players=29
L 10/01/2026 - 21:39:59: [SPAWN] id=28 name="Security" time=100.422 map=fy_snow players=29
L 10/01/2026 - 21:39:59: [SPAWN] id=28 name="Security" time=100.432 map=fy_snow players=29
L 10/01/2026 - 21:39:59: [SPAWN] id=22 name="BobBDFDF" time=100.433 map=fy_snow players=29
L 10/01/2026 - 21:39:59: [SPAWN] id=28 name="Security" time=100.441 map=fy_snow players=29
L 10/01/2026 - 21:39:59: [SPAWN] id=28 name="Security" time=100.451 map=fy_snow players=29
L 10/01/2026 - 21:39:59: [SPAWN] id=28 name="Security" time=100.462 map=fy_snow players=29
L 10/01/2026 - 21:39:59: [SPAWN] id=28 name="Security" time=100.472 map=fy_snow players=29
L 10/01/2026 - 21:39:59: [SPAWN] id=28 name="Security" time=100.481 map=fy_snow players=29
L 10/01/2026 - 21:39:59: [SPAWN] id=28 name="Security" time=100.491 map=fy_snow players=29
L 10/01/2026 - 21:39:59: [SPAWN] id=28 name="Security" time=100.501 map=fy_snow players=29
L 10/01/2026 - 21:39:59: [SPAWN] id=28 name="Security" time=100.511 map=fy_snow players=29
L 10/01/2026 - 21:39:59: [SPAWN] id=28 name="Security" time=100.521 map=fy_snow players=29
L 10/01/2026 - 21:39:59: [SPAWN] id=28 name="Security" time=100.531 map=fy_snow players=29
L 10/01/2026 - 21:39:59: [SPAWN] id=28 name="Security" time=100.541 map=fy_snow players=29
L 10/01/2026 - 21:39:59: [SPAWN] id=28 name="Security" time=100.551 map=fy_snow players=29
L 10/01/2026 - 21:39:59: [SPAWN] id=28 name="Security" time=100.561 map=fy_snow players=29
L 10/01/2026 - 21:39:59: [SPAWN] id=28 name="Security" time=100.571 map=fy_snow players=29
L 10/01/2026 - 21:39:59: [SPAWN] id=28 name="Security" time=100.580 map=fy_snow players=29
L 10/01/2026 - 21:39:59: [SPAWN] id=28 name="Security" time=100.590 map=fy_snow players=29
L 10/01/2026 - 21:39:59: [SPAWN] id=28 name="Security" time=100.600 map=fy_snow players=29
L 10/01/2026 - 21:39:59: [SPAWN] id=28 name="Security" time=100.610 map=fy_snow players=29
L 10/01/2026 - 21:39:59: [SPAWN] id=28 name="Security" time=100.620 map=fy_snow players=29
L 10/01/2026 - 21:39:59: [SPAWN] id=28 name="Security" time=100.630 map=fy_snow players=29
L 10/01/2026 - 21:39:59: [SPAWN] id=28 name="Security" time=100.640 map=fy_snow players=29
L 10/01/2026 - 21:39:59: [SPAWN] id=28 name="Security" time=100.650 map=fy_snow players=29
L 10/01/2026 - 21:39:59: [SPAWN] id=28 name="Security" time=100.661 map=fy_snow players=29
L 10/01/2026 - 21:39:59: [SPAWN] id=28 name="Security" time=100.671 map=fy_snow players=29
L 10/01/2026 - 21:39:59: [SPAWN] id=28 name="Security" time=100.681 map=fy_snow players=29
L 10/01/2026 - 21:39:59: [SPAWN] id=28 name="Security" time=100.691 map=fy_snow players=29
L 10/01/2026 - 21:39:59: [SPAWN] id=28 name="Security" time=100.699 map=fy_snow players=29
L 10/01/2026 - 21:39:59: [SPAWN] id=28 name="Security" time=100.709 map=fy_snow players=29
L 10/01/2026 - 21:39:59: [SPAWN] id=28 name="Security" time=100.719 map=fy_snow players=29
L 10/01/2026 - 21:39:59: [SPAWN] id=28 name="Security" time=100.729 map=fy_snow players=29
L 10/01/2026 - 21:39:59: [SPAWN] id=28 name="Security" time=100.739 map=fy_snow players=30
L 10/01/2026 - 21:39:59: [SPAWN] id=28 name="Security" time=100.749 map=fy_snow players=30
L 10/01/2026 - 21:39:59: [SPAWN] id=28 name="Security" time=100.760 map=fy_snow players=30
L 10/01/2026 - 21:39:59: [SPAWN] id=28 name="Security" time=100.770 map=fy_snow players=30
L 10/01/2026 - 21:39:59: [SPAWN] id=28 name="Security" time=100.780 map=fy_snow players=30
L 10/01/2026 - 21:39:59: [SPAWN] id=28 name="Security" time=100.790 map=fy_snow players=30
L 10/01/2026 - 21:39:59: [SPAWN] id=28 name="Security" time=100.800 map=fy_snow players=30
L 10/01/2026 - 21:39:59: [SPAWN] id=28 name="Security" time=100.810 map=fy_snow players=30
L 10/01/2026 - 21:39:59: [SPAWN] id=28 name="Security" time=100.820 map=fy_snow players=30
L 10/01/2026 - 21:39:59: [SPAWN] id=28 name="Security" time=100.829 map=fy_snow players=30
L 10/01/2026 - 21:39:59: [SPAWN] id=28 name="Security" time=100.840 map=fy_snow players=30
L 10/01/2026 - 21:39:59: [SPAWN] id=28 name="Security" time=100.850 map=fy_snow players=30
L 10/01/2026 - 21:39:59: [SPAWN] id=28 name="Security" time=100.859 map=fy_snow players=30
L 10/01/2026 - 21:39:59: [SPAWN] id=28 name="Security" time=100.869 map=fy_snow players=30
L 10/01/2026 - 21:39:59: [SPAWN] id=28 name="Security" time=100.879 map=fy_snow players=30
L 10/01/2026 - 21:39:59: [SPAWN] id=28 name="Security" time=100.889 map=fy_snow players=30
L 10/01/2026 - 21:39:59: [SPAWN] id=28 name="Security" time=100.899 map=fy_snow players=30
L 10/01/2026 - 21:39:59: [SPAWN] id=28 name="Security" time=100.909 map=fy_snow players=30
L 10/01/2026 - 21:39:59: [SPAWN] id=28 name="Security" time=100.919 map=fy_snow players=30
L 10/01/2026 - 21:39:59: [SPAWN] id=28 name="Security" time=100.929 map=fy_snow players=30
L 10/01/2026 - 21:39:59: [SPAWN] id=28 name="Security" time=100.939 map=fy_snow players=30
L 10/01/2026 - 21:39:59: [SPAWN] id=28 name="Security" time=100.949 map=fy_snow players=30
L 10/01/2026 - 21:39:59: [SPAWN] id=28 name="Security" time=100.959 map=fy_snow players=30
L 10/01/2026 - 21:39:59: [SPAWN] id=28 name="Security" time=100.969 map=fy_snow players=30
L 10/01/2026 - 21:39:59: [SPAWN] id=28 name="Security" time=100.978 map=fy_snow players=30
L 10/01/2026 - 21:39:59: [SPAWN] id=28 name="Security" time=100.988 map=fy_snow players=30
L 10/01/2026 - 21:39:59: [SPAWN] id=28 name="Security" time=100.999 map=fy_snow players=30
L 10/01/2026 - 21:39:59: [SPAWN] id=28 name="Security" time=101.009 map=fy_snow players=30
L 10/01/2026 - 21:39:59: [SPAWN] id=28 name="Security" time=101.019 map=fy_snow players=30
L 10/01/2026 - 21:39:59: [SPAWN] id=28 name="Security" time=101.028 map=fy_snow players=30
L 10/01/2026 - 21:39:59: [SPAWN] id=28 name="Security" time=101.039 map=fy_snow players=30
L 10/01/2026 - 21:39:59: [SPAWN] id=28 name="Security" time=101.049 map=fy_snow players=30
L 10/01/2026 - 21:40:00: [SPAWN] id=28 name="Security" time=101.058 map=fy_snow players=30
L 10/01/2026 - 21:40:00: [SPAWN] id=28 name="Security" time=101.068 map=fy_snow players=30
L 10/01/2026 - 21:40:00: [SPAWN] id=28 name="Security" time=101.078 map=fy_snow players=30
L 10/01/2026 - 21:40:00: [SPAWN] id=28 name="Security" time=101.088 map=fy_snow players=30
L 10/01/2026 - 21:40:00: [SPAWN] id=28 name="Security" time=101.098 map=fy_snow players=30
L 10/01/2026 - 21:40:00: [SPAWN] id=28 name="Security" time=101.108 map=fy_snow players=30
L 10/01/2026 - 21:40:00: [SPAWN] id=28 name="Security" time=101.118 map=fy_snow players=30
L 10/01/2026 - 21:40:00: [SPAWN] id=28 name="Security" time=101.128 map=fy_snow players=30
L 10/01/2026 - 21:40:00: [SPAWN] id=28 name="Security" time=101.137 map=fy_snow players=30
L 10/01/2026 - 21:40:00: [SPAWN] id=28 name="Security" time=101.147 map=fy_snow players=30
L 10/01/2026 - 21:40:00: [SPAWN] id=28 name="Security" time=101.159 map=fy_snow players=30
L 10/01/2026 - 21:40:00: [SPAWN] id=28 name="Security" time=101.169 map=fy_snow players=30
L 10/01/2026 - 21:40:00: [SPAWN] id=28 name="Security" time=101.178 map=fy_snow players=30
L 10/01/2026 - 21:40:00: [SPAWN] id=28 name="Security" time=101.188 map=fy_snow players=30
L 10/01/2026 - 21:40:00: [SPAWN] id=28 name="Security" time=101.197 map=fy_snow players=30
L 10/01/2026 - 21:40:00: [SPAWN] id=28 name="Security" time=101.207 map=fy_snow players=30
L 10/01/2026 - 21:40:00: [SPAWN] id=28 name="Security" time=101.218 map=fy_snow players=30
L 10/01/2026 - 21:40:00: [SPAWN] id=28 name="Security" time=101.227 map=fy_snow players=30
L 10/01/2026 - 21:40:00: [SPAWN] id=25 name="(2)Unikov" time=101.237 map=fy_snow players=30
L 10/01/2026 - 21:40:00: [SPAWN] id=28 name="Security" time=101.238 map=fy_snow players=30
L 10/01/2026 - 21:40:00: [SPAWN] id=28 name="Security" time=101.248 map=fy_snow players=30
L 10/01/2026 - 21:40:00: [SPAWN] id=25 name="(2)Unikov" time=101.255 map=fy_snow players=30
L 10/01/2026 - 21:40:00: [SPAWN] id=28 name="Security" time=101.257 map=fy_snow players=30
L 10/01/2026 - 21:40:00: [SPAWN] id=28 name="Security" time=101.267 map=fy_snow players=30
L 10/01/2026 - 21:40:00: [SPAWN] id=25 name="(2)Unikov" time=101.270 map=fy_snow players=30
L 10/01/2026 - 21:40:00: [SPAWN] id=28 name="Security" time=101.277 map=fy_snow players=30
L 10/01/2026 - 21:40:00: [SPAWN] id=28 name="Security" time=101.287 map=fy_snow players=30
L 10/01/2026 - 21:40:00: [SPAWN] id=28 name="Security" time=101.298 map=fy_snow players=30
L 10/01/2026 - 21:40:00: [SPAWN] id=28 name="Security" time=101.308 map=fy_snow players=30
L 10/01/2026 - 21:40:00: [SPAWN] id=25 name="(2)Unikov" time=101.310 map=fy_snow players=30
L 10/01/2026 - 21:40:00: [SPAWN] id=25 name="(2)Unikov" time=101.324 map=fy_snow players=30
L 10/01/2026 - 21:40:00: [SPAWN] id=28 name="Security" time=101.317 map=fy_snow players=30
L 10/01/2026 - 21:40:00: [SPAWN] id=28 name="Security" time=101.327 map=fy_snow players=30
L 10/01/2026 - 21:40:00: [SPAWN] id=25 name="(2)Unikov" time=101.338 map=fy_snow players=30
L 10/01/2026 - 21:40:00: [SPAWN] id=28 name="Security" time=101.337 map=fy_snow players=30
L 10/01/2026 - 21:40:00: [SPAWN] id=28 name="Security" time=101.347 map=fy_snow players=30
L 10/01/2026 - 21:40:00: [SPAWN] id=25 name="(2)Unikov" time=101.356 map=fy_snow players=30
L 10/01/2026 - 21:40:00: [SPAWN] id=28 name="Security" time=101.357 map=fy_snow players=30
L 10/01/2026 - 21:40:00: [SPAWN] id=28 name="Security" time=101.367 map=fy_snow players=30
L 10/01/2026 - 21:40:00: [SPAWN] id=25 name="(2)Unikov" time=101.369 map=fy_snow players=30
L 10/01/2026 - 21:40:00: [SPAWN] id=25 name="(2)Unikov" time=101.384 map=fy_snow players=30
L 10/01/2026 - 21:40:00: [SPAWN] id=28 name="Security" time=101.377 map=fy_snow players=30
L 10/01/2026 - 21:40:00: [SPAWN] id=28 name="Security" time=101.387 map=fy_snow players=30
L 10/01/2026 - 21:40:00: [SPAWN] id=25 name="(2)Unikov" time=101.399 map=fy_snow players=30
L 10/01/2026 - 21:40:00: [SPAWN] id=28 name="Security" time=101.397 map=fy_snow players=30
L 10/01/2026 - 21:40:00: [SPAWN] id=28 name="Security" time=101.407 map=fy_snow players=30
L 10/01/2026 - 21:40:00: [SPAWN] id=25 name="(2)Unikov" time=101.413 map=fy_snow players=30
L 10/01/2026 - 21:40:00: [SPAWN] id=28 name="Security" time=101.416 map=fy_snow players=30
L 10/01/2026 - 21:40:00: [SPAWN] id=28 name="Security" time=101.426 map=fy_snow players=30
L 10/01/2026 - 21:40:00: [SPAWN] id=25 name="(2)Unikov" time=101.428 map=fy_snow players=30
L 10/01/2026 - 21:40:00: [SPAWN] id=28 name="Security" time=101.436 map=fy_snow players=30
L 10/01/2026 - 21:40:00: [SPAWN] id=28 name="Security" time=101.446 map=fy_snow players=30
L 10/01/2026 - 21:40:00: [SPAWN] id=25 name="(2)Unikov" time=101.446 map=fy_snow players=30
L 10/01/2026 - 21:40:00: [SPAWN] id=25 name="(2)Unikov" time=101.461 map=fy_snow players=30
L 10/01/2026 - 21:40:00: [SPAWN] id=28 name="Security" time=101.457 map=fy_snow players=30
L 10/01/2026 - 21:40:00: [SPAWN] id=28 name="Security" time=101.467 map=fy_snow players=30
L 10/01/2026 - 21:40:00: [SPAWN] id=25 name="(2)Unikov" time=101.475 map=fy_snow players=30
L 10/01/2026 - 21:40:00: [SPAWN] id=28 name="Security" time=101.476 map=fy_snow players=30
L 10/01/2026 - 21:40:00: [SPAWN] id=28 name="Security" time=101.486 map=fy_snow players=30
L 10/01/2026 - 21:40:00: [SPAWN] id=25 name="(2)Unikov" time=101.491 map=fy_snow players=30
L 10/01/2026 - 21:40:00: [SPAWN] id=28 name="Security" time=101.495 map=fy_snow players=30
L 10/01/2026 - 21:40:00: [SPAWN] id=28 name="Security" time=101.505 map=fy_snow players=30
L 10/01/2026 - 21:40:00: [SPAWN] id=25 name="(2)Unikov" time=101.507 map=fy_snow players=30
L 10/01/2026 - 21:40:00: [SPAWN] id=25 name="(2)Unikov" time=101.522 map=fy_snow players=30
L 10/01/2026 - 21:40:00: [SPAWN] id=28 name="Security" time=101.516 map=fy_snow players=30
L 10/01/2026 - 21:40:00: [SPAWN] id=28 name="Security" time=101.526 map=fy_snow players=30
L 10/01/2026 - 21:40:00: [SPAWN] id=28 name="Security" time=101.536 map=fy_snow players=30
L 10/01/2026 - 21:40:00: [SPAWN] id=28 name="Security" time=101.546 map=fy_snow players=30
L 10/01/2026 - 21:40:00: [SPAWN] id=25 name="(2)Unikov" time=101.550 map=fy_snow players=30
L 10/01/2026 - 21:40:00: [SPAWN] id=28 name="Security" time=101.556 map=fy_snow players=30
L 10/01/2026 - 21:40:00: [SPAWN] id=28 name="Security" time=101.566 map=fy_snow players=30
L 10/01/2026 - 21:40:00: [SPAWN] id=25 name="(2)Unikov" time=101.568 map=fy_snow players=30
L 10/01/2026 - 21:40:00: [SPAWN] id=25 name="(2)Unikov" time=101.586 map=fy_snow players=30
L 10/01/2026 - 21:40:00: [SPAWN] id=28 name="Security" time=101.576 map=fy_snow players=30
L 10/01/2026 - 21:40:00: [SPAWN] id=28 name="Security" time=101.586 map=fy_snow players=30
L 10/01/2026 - 21:40:00: [SPAWN] id=25 name="(2)Unikov" time=101.598 map=fy_snow players=30
L 10/01/2026 - 21:40:00: [SPAWN] id=28 name="Security" time=101.596 map=fy_snow players=30
L 10/01/2026 - 21:40:00: [SPAWN] id=28 name="Security" time=101.606 map=fy_snow players=30
L 10/01/2026 - 21:40:00: [SPAWN] id=25 name="(2)Unikov" time=101.612 map=fy_snow players=30
L 10/01/2026 - 21:40:00: [SPAWN] id=28 name="Security" time=101.616 map=fy_snow players=30
L 10/01/2026 - 21:40:00: [SPAWN] id=28 name="Security" time=101.626 map=fy_snow players=30
L 10/01/2026 - 21:40:00: [SPAWN] id=25 name="(2)Unikov" time=101.627 map=fy_snow players=30
L 10/01/2026 - 21:40:00: [SPAWN] id=28 name="Security" time=101.635 map=fy_snow players=30
L 10/01/2026 - 21:40:00: [SPAWN] id=28 name="Security" time=101.645 map=fy_snow players=30
L 10/01/2026 - 21:40:00: [SPAWN] id=25 name="(2)Unikov" time=101.647 map=fy_snow players=30
L 10/01/2026 - 21:40:00: [SPAWN] id=28 name="Security" time=101.656 map=fy_snow players=30
L 10/01/2026 - 21:40:00: [SPAWN] id=28 name="Security" time=101.666 map=fy_snow players=30
L 10/01/2026 - 21:40:00: [SPAWN] id=25 name="(2)Unikov" time=101.673 map=fy_snow players=30
L 10/01/2026 - 21:40:00: [SPAWN] id=28 name="Security" time=101.676 map=fy_snow players=30
L 10/01/2026 - 21:40:00: [SPAWN] id=28 name="Security" time=101.686 map=fy_snow players=30
L 10/01/2026 - 21:40:00: [SPAWN] id=25 name="(2)Unikov" time=101.689 map=fy_snow players=30
L 10/01/2026 - 21:40:00: [SPAWN] id=25 name="(2)Unikov" time=101.703 map=fy_snow players=30
L 10/01/2026 - 21:40:00: [SPAWN] id=28 name="Security" time=101.695 map=fy_snow players=30
L 10/01/2026 - 21:40:00: [SPAWN] id=28 name="Security" time=101.705 map=fy_snow players=30
L 10/01/2026 - 21:40:00: [SPAWN] id=25 name="(2)Unikov" time=101.723 map=fy_snow players=30
L 10/01/2026 - 21:40:00: [SPAWN] id=28 name="Security" time=101.716 map=fy_snow players=30
L 10/01/2026 - 21:40:00: [SPAWN] id=28 name="Security" time=101.726 map=fy_snow players=30
L 10/01/2026 - 21:40:00: [SPAWN] id=25 name="(2)Unikov" time=101.737 map=fy_snow players=30
L 10/01/2026 - 21:40:00: [SPAWN] id=28 name="Security" time=101.734 map=fy_snow players=30
L 10/01/2026 - 21:40:00: [SPAWN] id=28 name="Security" time=101.744 map=fy_snow players=30
L 10/01/2026 - 21:40:00: [SPAWN] id=25 name="(2)Unikov" time=101.755 map=fy_snow players=30
L 10/01/2026 - 21:40:00: [SPAWN] id=28 name="Security" time=101.755 map=fy_snow players=30
L 10/01/2026 - 21:40:00: [SPAWN] id=28 name="Security" time=101.765 map=fy_snow players=30
L 10/01/2026 - 21:40:00: [SPAWN] id=25 name="(2)Unikov" time=101.770 map=fy_snow players=30
L 10/01/2026 - 21:40:00: [SPAWN] id=25 name="(2)Unikov" time=101.783 map=fy_snow players=30
L 10/01/2026 - 21:40:00: [SPAWN] id=28 name="Security" time=101.776 map=fy_snow players=30
L 10/01/2026 - 21:40:00: [SPAWN] id=28 name="Security" time=101.786 map=fy_snow players=30
L 10/01/2026 - 21:40:00: [SPAWN] id=28 name="Security" time=101.797 map=fy_snow players=30
L 10/01/2026 - 21:40:00: [SPAWN] id=28 name="Security" time=101.807 map=fy_snow players=30
L 10/01/2026 - 21:40:00: [SPAWN] id=25 name="(2)Unikov" time=101.819 map=fy_snow players=30
L 10/01/2026 - 21:40:00: [SPAWN] id=28 name="Security" time=101.814 map=fy_snow players=30
L 10/01/2026 - 21:40:00: [SPAWN] id=28 name="Security" time=101.824 map=fy_snow players=30
L 10/01/2026 - 21:40:00: [SPAWN] id=28 name="Security" time=101.836 map=fy_snow players=30
L 10/01/2026 - 21:40:00: [SPAWN] id=28 name="Security" time=101.846 map=fy_snow players=30
L 10/01/2026 - 21:40:00: [SPAWN] id=28 name="Security" time=101.854 map=fy_snow players=30
L 10/01/2026 - 21:40:00: [SPAWN] id=28 name="Security" time=101.864 map=fy_snow players=30
L 10/01/2026 - 21:40:00: [SPAWN] id=25 name="(2)Unikov" time=101.864 map=fy_snow players=30
L 10/01/2026 - 21:40:00: [SPAWN] id=28 name="Security" time=101.874 map=fy_snow players=30
L 10/01/2026 - 21:40:00: [SPAWN] id=28 name="Security" time=101.884 map=fy_snow players=30
L 10/01/2026 - 21:40:00: [SPAWN] id=25 name="(2)Unikov" time=101.894 map=fy_snow players=30
L 10/01/2026 - 21:40:00: [SPAWN] id=28 name="Security" time=101.894 map=fy_snow players=30
L 10/01/2026 - 21:40:00: [SPAWN] id=28 name="Security" time=101.904 map=fy_snow players=30
L 10/01/2026 - 21:40:00: [SPAWN] id=25 name="(2)Unikov" time=101.908 map=fy_snow players=30
L 10/01/2026 - 21:40:00: [SPAWN] id=25 name="(2)Unikov" time=101.923 map=fy_snow players=30
L 10/01/2026 - 21:40:00: [SPAWN] id=28 name="Security" time=101.913 map=fy_snow players=30
L 10/01/2026 - 21:40:00: [SPAWN] id=28 name="Security" time=101.923 map=fy_snow players=30
L 10/01/2026 - 21:40:00: [SPAWN] id=25 name="(2)Unikov" time=101.937 map=fy_snow players=30
L 10/01/2026 - 21:40:00: [SPAWN] id=28 name="Security" time=101.934 map=fy_snow players=30
L 10/01/2026 - 21:40:00: [SPAWN] id=28 name="Security" time=101.944 map=fy_snow players=30
L 10/01/2026 - 21:40:00: [SPAWN] id=25 name="(2)Unikov" time=101.952 map=fy_snow players=30
L 10/01/2026 - 21:40:00: [SPAWN] id=28 name="Security" time=101.954 map=fy_snow players=30
L 10/01/2026 - 21:40:00: [SPAWN] id=28 name="Security" time=101.964 map=fy_snow players=30
L 10/01/2026 - 21:40:00: [SPAWN] id=25 name="(2)Unikov" time=101.967 map=fy_snow players=30
L 10/01/2026 - 21:40:00: [SPAWN] id=25 name="(2)Unikov" time=101.982 map=fy_snow players=30
L 10/01/2026 - 21:40:00: [SPAWN] id=28 name="Security" time=101.974 map=fy_snow players=30
L 10/01/2026 - 21:40:00: [SPAWN] id=28 name="Security" time=101.984 map=fy_snow players=30
L 10/01/2026 - 21:40:00: [SPAWN] id=25 name="(2)Unikov" time=101.998 map=fy_snow players=30
L 10/01/2026 - 21:40:00: [SPAWN] id=28 name="Security" time=101.994 map=fy_snow players=30
L 10/01/2026 - 21:40:00: [SPAWN] id=28 name="Security" time=102.004 map=fy_snow players=30
L 10/01/2026 - 21:40:00: [SPAWN] id=25 name="(2)Unikov" time=102.016 map=fy_snow players=30
L 10/01/2026 - 21:40:00: [SPAWN] id=28 name="Security" time=102.014 map=fy_snow players=30
L 10/01/2026 - 21:40:00: [SPAWN] id=28 name="Security" time=102.024 map=fy_snow players=30
L 10/01/2026 - 21:40:00: [SPAWN] id=25 name="(2)Unikov" time=102.031 map=fy_snow players=30
L 10/01/2026 - 21:40:00: [SPAWN] id=28 name="Security" time=102.035 map=fy_snow players=30
L 10/01/2026 - 21:40:00: [SPAWN] id=28 name="Security" time=102.044 map=fy_snow players=30
L 10/01/2026 - 21:40:00: [SPAWN] id=25 name="(2)Unikov" time=102.045 map=fy_snow players=30
L 10/01/2026 - 21:40:00: [SPAWN] id=28 name="Security" time=102.054 map=fy_snow players=30
L 10/01/2026 - 21:40:00: [SPAWN] id=28 name="Security" time=102.064 map=fy_snow players=30
L 10/01/2026 - 21:40:00: [SPAWN] id=25 name="(2)Unikov" time=102.064 map=fy_snow players=30
L 10/01/2026 - 21:40:01: [SPAWN] id=25 name="(2)Unikov" time=102.078 map=fy_snow players=30
L 10/01/2026 - 21:40:01: [SPAWN] id=28 name="Security" time=102.073 map=fy_snow players=30
L 10/01/2026 - 21:40:01: [SPAWN] id=28 name="Security" time=102.083 map=fy_snow players=30
L 10/01/2026 - 21:40:01: [SPAWN] id=25 name="(2)Unikov" time=102.096 map=fy_snow players=30
L 10/01/2026 - 21:40:01: [SPAWN] id=28 name="Security" time=102.093 map=fy_snow players=30
L 10/01/2026 - 21:40:01: [SPAWN] id=28 name="Security" time=102.103 map=fy_snow players=30
L 10/01/2026 - 21:40:01: [SPAWN] id=25 name="(2)Unikov" time=102.112 map=fy_snow players=30
L 10/01/2026 - 21:40:01: [SPAWN] id=28 name="Security" time=102.112 map=fy_snow players=30
L 10/01/2026 - 21:40:01: [SPAWN] id=28 name="Security" time=102.122 map=fy_snow players=30
L 10/01/2026 - 21:40:01: [SPAWN] id=25 name="(2)Unikov" time=102.127 map=fy_snow players=30
L 10/01/2026 - 21:40:01: [SPAWN] id=28 name="Security" time=102.133 map=fy_snow players=30
L 10/01/2026 - 21:40:01: [SPAWN] id=28 name="Security" time=102.143 map=fy_snow players=30
L 10/01/2026 - 21:40:01: [SPAWN] id=25 name="(2)Unikov" time=102.148 map=fy_snow players=30
L 10/01/2026 - 21:40:01: [SPAWN] id=25 name="(2)Unikov" time=102.160 map=fy_snow players=30
L 10/01/2026 - 21:40:01: [SPAWN] id=28 name="Security" time=102.153 map=fy_snow players=30
L 10/01/2026 - 21:40:01: [SPAWN] id=28 name="Security" time=102.163 map=fy_snow players=30
L 10/01/2026 - 21:40:01: [SPAWN] id=25 name="(2)Unikov" time=102.175 map=fy_snow players=30
L 10/01/2026 - 21:40:01: [SPAWN] id=28 name="Security" time=102.173 map=fy_snow players=30
L 10/01/2026 - 21:40:01: [SPAWN] id=28 name="Security" time=102.183 map=fy_snow players=30
L 10/01/2026 - 21:40:01: [SPAWN] id=25 name="(2)Unikov" time=102.191 map=fy_snow players=30
L 10/01/2026 - 21:40:01: [SPAWN] id=28 name="Security" time=102.193 map=fy_snow players=30
L 10/01/2026 - 21:40:01: [SPAWN] id=28 name="Security" time=102.203 map=fy_snow players=30
L 10/01/2026 - 21:40:01: [SPAWN] id=25 name="(2)Unikov" time=102.209 map=fy_snow players=30
L 10/01/2026 - 21:40:01: [SPAWN] id=28 name="Security" time=102.212 map=fy_snow players=30
L 10/01/2026 - 21:40:01: [SPAWN] id=28 name="Security" time=102.222 map=fy_snow players=30
L 10/01/2026 - 21:40:01: [SPAWN] id=25 name="(2)Unikov" time=102.223 map=fy_snow players=30
L 10/01/2026 - 21:40:01: [SPAWN] id=25 name="(2)Unikov" time=102.243 map=fy_snow players=30
L 10/01/2026 - 21:40:01: [SPAWN] id=28 name="Security" time=102.234 map=fy_snow players=30
L 10/01/2026 - 21:40:01: [SPAWN] id=28 name="Security" time=102.243 map=fy_snow players=30
L 10/01/2026 - 21:40:01: [SPAWN] id=25 name="(2)Unikov" time=102.260 map=fy_snow players=30
L 10/01/2026 - 21:40:01: [SPAWN] id=28 name="Security" time=102.253 map=fy_snow players=30
L 10/01/2026 - 21:40:01: [SPAWN] id=28 name="Security" time=102.263 map=fy_snow players=30
L 10/01/2026 - 21:40:01: [SPAWN] id=25 name="(2)Unikov" time=102.277 map=fy_snow players=30
L 10/01/2026 - 21:40:01: [SPAWN] id=28 name="Security" time=102.272 map=fy_snow players=30
L 10/01/2026 - 21:40:01: [SPAWN] id=28 name="Security" time=102.282 map=fy_snow players=30
L 10/01/2026 - 21:40:01: [SPAWN] id=25 name="(2)Unikov" time=102.292 map=fy_snow players=30
L 10/01/2026 - 21:40:01: [SPAWN] id=28 name="Security" time=102.292 map=fy_snow players=30
L 10/01/2026 - 21:40:01: [SPAWN] id=28 name="Security" time=102.302 map=fy_snow players=30
L 10/01/2026 - 21:40:01: [SPAWN] id=25 name="(2)Unikov" time=102.311 map=fy_snow players=30
L 10/01/2026 - 21:40:01: [SPAWN] id=28 name="Security" time=102.312 map=fy_snow players=30
L 10/01/2026 - 21:40:01: [SPAWN] id=28 name="Security" time=102.322 map=fy_snow players=30
L 10/01/2026 - 21:40:01: [SPAWN] id=25 name="(2)Unikov" time=102.326 map=fy_snow players=30
L 10/01/2026 - 21:40:01: [SPAWN] id=28 name="Security" time=102.331 map=fy_snow players=30
L 10/01/2026 - 21:40:01: [SPAWN] id=28 name="Security" time=102.341 map=fy_snow players=30
L 10/01/2026 - 21:40:01: [SPAWN] id=25 name="(2)Unikov" time=102.344 map=fy_snow players=30
L 10/01/2026 - 21:40:01: [SPAWN] id=28 name="Security" time=102.351 map=fy_snow players=30
L 10/01/2026 - 21:40:01: [SPAWN] id=28 name="Security" time=102.361 map=fy_snow players=30
L 10/01/2026 - 21:40:01: [SPAWN] id=25 name="(2)Unikov" time=102.361 map=fy_snow players=30
L 10/01/2026 - 21:40:01: [SPAWN] id=25 name="(2)Unikov" time=102.379 map=fy_snow players=30
L 10/01/2026 - 21:40:01: [SPAWN] id=28 name="Security" time=102.372 map=fy_snow players=30
L 10/01/2026 - 21:40:01: [SPAWN] id=28 name="Security" time=102.382 map=fy_snow players=30
L 10/01/2026 - 21:40:01: [SPAWN] id=28 name="Security" time=102.393 map=fy_snow players=30
L 10/01/2026 - 21:40:01: [SPAWN] id=25 name="(2)Unikov" time=102.402 map=fy_snow players=30
L 10/01/2026 - 21:40:01: [SPAWN] id=28 name="Security" time=102.402 map=fy_snow players=30
L 10/01/2026 - 21:40:01: [SPAWN] id=28 name="Security" time=102.412 map=fy_snow players=30
L 10/01/2026 - 21:40:01: [SPAWN] id=25 name="(2)Unikov" time=102.422 map=fy_snow players=30
L 10/01/2026 - 21:40:01: [SPAWN] id=28 name="Security" time=102.422 map=fy_snow players=30
L 10/01/2026 - 21:40:01: [SPAWN] id=28 name="Security" time=102.432 map=fy_snow players=30
L 10/01/2026 - 21:40:01: [SPAWN] id=25 name="(2)Unikov" time=102.441 map=fy_snow players=30
L 10/01/2026 - 21:40:01: [SPAWN] id=28 name="Security" time=102.441 map=fy_snow players=30
L 10/01/2026 - 21:40:01: [SPAWN] id=28 name="Security" time=102.451 map=fy_snow players=30
L 10/01/2026 - 21:40:01: [SPAWN] id=25 name="(2)Unikov" time=102.460 map=fy_snow players=30
L 10/01/2026 - 21:40:01: [SPAWN] id=28 name="Security" time=102.461 map=fy_snow players=30
L 10/01/2026 - 21:40:01: [SPAWN] id=28 name="Security" time=102.471 map=fy_snow players=30
L 10/01/2026 - 21:40:01: [SPAWN] id=25 name="(2)Unikov" time=102.478 map=fy_snow players=30
L 10/01/2026 - 21:40:01: [SPAWN] id=28 name="Security" time=102.481 map=fy_snow players=30
L 10/01/2026 - 21:40:01: [SPAWN] id=28 name="Security" time=102.491 map=fy_snow players=30
L 10/01/2026 - 21:40:01: [SPAWN] id=25 name="(2)Unikov" time=102.497 map=fy_snow players=30
L 10/01/2026 - 21:40:01: [SPAWN] id=28 name="Security" time=102.502 map=fy_snow players=30
L 10/01/2026 - 21:40:01: [SPAWN] id=28 name="Security" time=102.512 map=fy_snow players=30
L 10/01/2026 - 21:40:01: [SPAWN] id=25 name="(2)Unikov" time=102.518 map=fy_snow players=30
L 10/01/2026 - 21:40:01: [SPAWN] id=28 name="Security" time=102.521 map=fy_snow players=30
L 10/01/2026 - 21:40:01: [SPAWN] id=28 name="Security" time=102.531 map=fy_snow players=30
L 10/01/2026 - 21:40:01: [SPAWN] id=25 name="(2)Unikov" time=102.544 map=fy_snow players=30
L 10/01/2026 - 21:40:01: [SPAWN] id=28 name="Security" time=102.540 map=fy_snow players=30
L 10/01/2026 - 21:40:01: [SPAWN] id=28 name="Security" time=102.550 map=fy_snow players=30
L 10/01/2026 - 21:40:01: [SPAWN] id=25 name="(2)Unikov" time=102.561 map=fy_snow players=30
L 10/01/2026 - 21:40:01: [SPAWN] id=28 name="Security" time=102.561 map=fy_snow players=30
L 10/01/2026 - 21:40:01: [SPAWN] id=28 name="Security" time=102.571 map=fy_snow players=30
L 10/01/2026 - 21:40:01: [SPAWN] id=25 name="(2)Unikov" time=102.577 map=fy_snow players=30
L 10/01/2026 - 21:40:01: [SPAWN] id=28 name="Security" time=102.581 map=fy_snow players=30
L 10/01/2026 - 21:40:01: ============================================================
L 10/01/2026 - 21:40:01: [OVERFLOW] time=102.584 map=fy_snow id=15 name="KenZo -.-"
L 10/01/2026 - 21:40:01: [OVERFLOW] line=WARNING: datagram overflowed for KenZo -.-

L 10/01/2026 - 21:40:01: [OVERFLOW] since_spawn=6.549 sec | since_death=0.563 sec | alive=0 | overflow_count=2 | players=30 | maxentities=2265
L 10/01/2026 - 21:40:01: [OVERFLOW] last_death attacker="4939268" weapon="galil"
L 10/01/2026 - 21:40:01: [MESSAGES] Personal messages since last spawn:
L 10/01/2026 - 21:40:01: [MESSAGES]   Radar(id=112): 34 personal
L 10/01/2026 - 21:40:01: [MESSAGES]   ScoreAttrib(id=84): 26 personal
L 10/01/2026 - 21:40:01: [MESSAGES]   StatusValue(id=105): 21 personal
L 10/01/2026 - 21:40:01: [MESSAGES]   CurWeapon(id=66): 6 personal
L 10/01/2026 - 21:40:01: [MESSAGES]   SetFOV(id=95): 3 personal
L 10/01/2026 - 21:40:01: [MESSAGES]   StatusText(id=106): 3 personal
L 10/01/2026 - 21:40:01: [MESSAGES]   Damage(id=71): 3 personal
L 10/01/2026 - 21:40:01: [MESSAGES]   AmmoX(id=99): 2 personal
L 10/01/2026 - 21:40:01: [MESSAGES]   HideWeapon(id=94): 2 personal
L 10/01/2026 - 21:40:01: [MESSAGES]   StatusIcon(id=107): 2 personal
L 10/01/2026 - 21:40:01: [MESSAGES] Personal messages since last death:
L 10/01/2026 - 21:40:01: [MESSAGES]   ScoreAttrib(id=84): 4 since death
L 10/01/2026 - 21:40:01: [MESSAGES]   CurWeapon(id=66): 2 since death
L 10/01/2026 - 21:40:01: [MESSAGES]   AmmoX(id=99): 1 since death
L 10/01/2026 - 21:40:01: [MESSAGES]   HideWeapon(id=94): 1 since death
L 10/01/2026 - 21:40:01: [MESSAGES]   SetFOV(id=95): 2 since death
L 10/01/2026 - 21:40:01: [MESSAGES]   StatusIcon(id=107): 1 since death
L 10/01/2026 - 21:40:01: [MESSAGES]   Damage(id=71): 2 since death
L 10/01/2026 - 21:40:01: [MESSAGES]   ADStop(id=128): 1 since death
L 10/01/2026 - 21:40:01: [MESSAGES] Broadcast-like messages seen during watch window:
L 10/01/2026 - 21:40:01: [MESSAGES]   TeamInfo(id=86): 8 broadcast/PVS/PAS
L 10/01/2026 - 21:40:01: [MESSAGES]   ScoreInfo(id=85): 26 broadcast/PVS/PAS
L 10/01/2026 - 21:40:01: [MESSAGES]   DeathMsg(id=83): 9 broadcast/PVS/PAS
L 10/01/2026 - 21:40:01: [MESSAGES]   Brass(id=142): 3 broadcast/PVS/PAS
L 10/01/2026 - 21:40:01: [ENTITIES] Valid non-player entities at overflow (excluding player=15): 201
L 10/01/2026 - 21:40:01: [ENTITIES]   armoury_entity: 58
L 10/01/2026 - 21:40:01: [ENTITIES]   player: 29
L 10/01/2026 - 21:40:01: [ENTITIES]   weapon_knife: 20
L 10/01/2026 - 21:40:01: [ENTITIES]   weapon_hegrenade: 17
L 10/01/2026 - 21:40:01: [ENTITIES]   info_player_deathmatch: 16
L 10/01/2026 - 21:40:01: [ENTITIES]   info_player_start: 16
L 10/01/2026 - 21:40:01: [ENTITIES]   weapon_deagle: 7
L 10/01/2026 - 21:40:01: [ENTITIES]   weapon_famas: 4
L 10/01/2026 - 21:40:01: [ENTITIES]   weapon_m4a1: 4
L 10/01/2026 - 21:40:01: [ENTITIES]   weapon_glock18: 3
L 10/01/2026 - 21:40:01: [ENTITIES]   <empty>: 2
L 10/01/2026 - 21:40:01: [ENTITIES]   weapon_p228: 2
L 10/01/2026 - 21:40:01: [CLIENT] rate=30000 updaterate=101 cmdrate= fps_max= cl_timeout= cl_cmdbackup= ping=29 loss=0
L 10/01/2026 - 21:40:01: [SPAWN] id=25 name="(2)Unikov" time=102.593 map=fy_snow players=30
L 10/01/2026 - 21:40:01: [SPAWN] id=28 name="Security" time=102.591 map=fy_snow players=30
L 10/01/2026 - 21:40:01: [SPAWN] id=28 name="Security" time=102.601 map=fy_snow players=30
L 10/01/2026 - 21:40:01: [SPAWN] id=25 name="(2)Unikov" time=102.609 map=fy_snow players=30
L 10/01/2026 - 21:40:01: [SPAWN] id=28 name="Security" time=102.611 map=fy_snow players=30
L 10/01/2026 - 21:40:01: [SPAWN] id=28 name="Security" time=102.621 map=fy_snow players=30
L 10/01/2026 - 21:40:01: [SPAWN] id=25 name="(2)Unikov" time=102.627 map=fy_snow players=30
L 10/01/2026 - 21:40:01: [SPAWN] id=28 name="Security" time=102.631 map=fy_snow players=30
L 10/01/2026 - 21:40:01: [SPAWN] id=28 name="Security" time=102.641 map=fy_snow players=30
L 10/01/2026 - 21:40:01: [SPAWN] id=25 name="(2)Unikov" time=102.645 map=fy_snow players=30
L 10/01/2026 - 21:40:01: [SPAWN] id=25 name="(2)Unikov" time=102.661 map=fy_snow players=30
L 10/01/2026 - 21:40:01: [SPAWN] id=28 name="Security" time=102.651 map=fy_snow players=30
L 10/01/2026 - 21:40:01: [SPAWN] id=28 name="Security" time=102.661 map=fy_snow players=30
L 10/01/2026 - 21:40:01: [SPAWN] id=25 name="(2)Unikov" time=102.678 map=fy_snow players=30
L 10/01/2026 - 21:40:01: [SPAWN] id=28 name="Security" time=102.672 map=fy_snow players=30
L 10/01/2026 - 21:40:01: [SPAWN] id=28 name="Security" time=102.681 map=fy_snow players=30
L 10/01/2026 - 21:40:01: [SPAWN] id=25 name="(2)Unikov" time=102.694 map=fy_snow players=30
L 10/01/2026 - 21:40:01: [SPAWN] id=28 name="Security" time=102.691 map=fy_snow players=30
L 10/01/2026 - 21:40:01: [SPAWN] id=28 name="Security" time=102.701 map=fy_snow players=30
L 10/01/2026 - 21:40:01: [SPAWN] id=25 name="(2)Unikov" time=102.713 map=fy_snow players=30
L 10/01/2026 - 21:40:01: [SPAWN] id=28 name="Security" time=102.711 map=fy_snow players=30
L 10/01/2026 - 21:40:01: [SPAWN] id=28 name="Security" time=102.721 map=fy_snow players=30
L 10/01/2026 - 21:40:01: [SPAWN] id=25 name="(2)Unikov" time=102.728 map=fy_snow players=30
L 10/01/2026 - 21:40:01: [SPAWN] id=28 name="Security" time=102.731 map=fy_snow players=30
L 10/01/2026 - 21:40:01: [SPAWN] id=28 name="Security" time=102.741 map=fy_snow players=30
L 10/01/2026 - 21:40:01: [SPAWN] id=25 name="(2)Unikov" time=102.746 map=fy_snow players=30
L 10/01/2026 - 21:40:01: [SPAWN] id=28 name="Security" time=102.750 map=fy_snow players=30
L 10/01/2026 - 21:40:01: [SPAWN] id=28 name="Security" time=102.760 map=fy_snow players=30
L 10/01/2026 - 21:40:01: [SPAWN] id=25 name="(2)Unikov" time=102.761 map=fy_snow players=30
L 10/01/2026 - 21:40:01: [SPAWN] id=28 name="Security" time=102.771 map=fy_snow players=30
L 10/01/2026 - 21:40:01: [SPAWN] id=28 name="Security" time=102.781 map=fy_snow players=30
L 10/01/2026 - 21:40:01: [SPAWN] id=25 name="(2)Unikov" time=102.782 map=fy_snow players=30
L 10/01/2026 - 21:40:01: [SPAWN] id=28 name="Security" time=102.790 map=fy_snow players=30
L 10/01/2026 - 21:40:01: [SPAWN] id=28 name="Security" time=102.800 map=fy_snow players=30
L 10/01/2026 - 21:40:01: [SPAWN] id=25 name="(2)Unikov" time=102.802 map=fy_snow players=30
L 10/01/2026 - 21:40:01: [SPAWN] id=28 name="Security" time=102.810 map=fy_snow players=30
L 10/01/2026 - 21:40:01: [SPAWN] id=28 name="Security" time=102.820 map=fy_snow players=30
L 10/01/2026 - 21:40:01: [SPAWN] id=25 name="(2)Unikov" time=102.826 map=fy_snow players=30
L 10/01/2026 - 21:40:01: [SPAWN] id=17 name="^Ch!ter^" time=102.829 map=fy_snow players=30
L 10/01/2026 - 21:40:01: [SPAWN] id=25 name="(2)Unikov" time=102.834 map=fy_snow players=30
L 10/01/2026 - 21:40:01: [SPAWN] id=28 name="Security" time=102.830 map=fy_snow players=30
L 10/01/2026 - 21:40:01: [SPAWN] id=28 name="Security" time=102.840 map=fy_snow players=30
L 10/01/2026 - 21:40:01: [SPAWN] id=25 name="(2)Unikov" time=102.852 map=fy_snow players=30
L 10/01/2026 - 21:40:01: [SPAWN] id=28 name="Security" time=102.850 map=fy_snow players=30
L 10/01/2026 - 21:40:01: [SPAWN] id=28 name="Security" time=102.860 map=fy_snow players=30
L 10/01/2026 - 21:40:01: [SPAWN] id=25 name="(2)Unikov" time=102.865 map=fy_snow players=30
L 10/01/2026 - 21:40:01: [SPAWN] id=28 name="Security" time=102.870 map=fy_snow players=30
L 10/01/2026 - 21:40:01: [SPAWN] id=28 name="Security" time=102.880 map=fy_snow players=30
L 10/01/2026 - 21:40:01: [SPAWN] id=25 name="(2)Unikov" time=102.897 map=fy_snow players=30
L 10/01/2026 - 21:40:01: [SPAWN] id=28 name="Security" time=102.891 map=fy_snow players=30
L 10/01/2026 - 21:40:01: [SPAWN] id=28 name="Security" time=102.900 map=fy_snow players=30
L 10/01/2026 - 21:40:01: [SPAWN] id=25 name="(2)Unikov" time=102.915 map=fy_snow players=30
L 10/01/2026 - 21:40:01: [SPAWN] id=28 name="Security" time=102.909 map=fy_snow players=30
L 10/01/2026 - 21:40:01: [SPAWN] id=28 name="Security" time=102.919 map=fy_snow players=30
L 10/01/2026 - 21:40:01: [SPAWN] id=25 name="(2)Unikov" time=102.931 map=fy_snow players=30
L 10/01/2026 - 21:40:01: [SPAWN] id=28 name="Security" time=102.930 map=fy_snow players=30
L 10/01/2026 - 21:40:01: [SPAWN] id=28 name="Security" time=102.940 map=fy_snow players=30
L 10/01/2026 - 21:40:01: [SPAWN] id=25 name="(2)Unikov" time=102.948 map=fy_snow players=30
L 10/01/2026 - 21:40:01: [SPAWN] id=28 name="Security" time=102.949 map=fy_snow players=30
L 10/01/2026 - 21:40:01: [SPAWN] id=28 name="Security" time=102.959 map=fy_snow players=30
L 10/01/2026 - 21:40:01: [SPAWN] id=25 name="(2)Unikov" time=102.959 map=fy_snow players=30
L 10/01/2026 - 21:40:01: [SPAWN] id=28 name="Security" time=102.970 map=fy_snow players=30
L 10/01/2026 - 21:40:01: [SPAWN] id=28 name="Security" time=102.980 map=fy_snow players=30
L 10/01/2026 - 21:40:01: [SPAWN] id=25 name="(2)Unikov" time=102.980 map=fy_snow players=30
L 10/01/2026 - 21:40:01: [SPAWN] id=25 name="(2)Unikov" time=102.994 map=fy_snow players=30
L 10/01/2026 - 21:40:01: [SPAWN] id=28 name="Security" time=102.990 map=fy_snow players=30
L 10/01/2026 - 21:40:01: [SPAWN] id=28 name="Security" time=103.000 map=fy_snow players=30
L 10/01/2026 - 21:40:01: [SPAWN] id=25 name="(2)Unikov" time=103.013 map=fy_snow players=30
L 10/01/2026 - 21:40:01: [SPAWN] id=28 name="Security" time=103.009 map=fy_snow players=30
L 10/01/2026 - 21:40:01: [SPAWN] id=28 name="Security" time=103.019 map=fy_snow players=30
L 10/01/2026 - 21:40:01: [SPAWN] id=25 name="(2)Unikov" time=103.030 map=fy_snow players=30
L 10/01/2026 - 21:40:01: [SPAWN] id=28 name="Security" time=103.028 map=fy_snow players=30
L 10/01/2026 - 21:40:01: [SPAWN] id=28 name="Security" time=103.038 map=fy_snow players=30
L 10/01/2026 - 21:40:01: [SPAWN] id=25 name="(2)Unikov" time=103.045 map=fy_snow players=30
L 10/01/2026 - 21:40:01: [SPAWN] id=28 name="Security" time=103.049 map=fy_snow players=30
L 10/01/2026 - 21:40:01: [SPAWN] id=28 name="Security" time=103.059 map=fy_snow players=30
L 10/01/2026 - 21:40:01: [SPAWN] id=25 name="(2)Unikov" time=103.064 map=fy_snow players=30
L 10/01/2026 - 21:40:02: [SPAWN] id=28 name="Security" time=103.069 map=fy_snow players=30
L 10/01/2026 - 21:40:02: [SPAWN] id=28 name="Security" time=103.079 map=fy_snow players=30
L 10/01/2026 - 21:40:02: [SPAWN] id=25 name="(2)Unikov" time=103.083 map=fy_snow players=30
L 10/01/2026 - 21:40:02: [SPAWN] id=25 name="(2)Unikov" time=103.098 map=fy_snow players=30
L 10/01/2026 - 21:40:02: [SPAWN] id=28 name="Security" time=103.090 map=fy_snow players=30
L 10/01/2026 - 21:40:02: [SPAWN] id=28 name="Security" time=103.099 map=fy_snow players=30
L 10/01/2026 - 21:40:02: [SPAWN] id=25 name="(2)Unikov" time=103.117 map=fy_snow players=30
L 10/01/2026 - 21:40:02: [SPAWN] id=28 name="Security" time=103.108 map=fy_snow players=30
L 10/01/2026 - 21:40:02: [SPAWN] id=28 name="Security" time=103.118 map=fy_snow players=30
L 10/01/2026 - 21:40:02: [SPAWN] id=25 name="(2)Unikov" time=103.132 map=fy_snow players=30
L 10/01/2026 - 21:40:02: [SPAWN] id=28 name="Security" time=103.128 map=fy_snow players=30
L 10/01/2026 - 21:40:02: [SPAWN] id=28 name="Security" time=103.138 map=fy_snow players=30
L 10/01/2026 - 21:40:02: [SPAWN] id=25 name="(2)Unikov" time=103.149 map=fy_snow players=30
L 10/01/2026 - 21:40:02: [SPAWN] id=28 name="Security" time=103.148 map=fy_snow players=30
L 10/01/2026 - 21:40:02: [SPAWN] id=28 name="Security" time=103.158 map=fy_snow players=30
L 10/01/2026 - 21:40:02: [SPAWN] id=25 name="(2)Unikov" time=103.167 map=fy_snow players=30
L 10/01/2026 - 21:40:02: [SPAWN] id=28 name="Security" time=103.169 map=fy_snow players=30
L 10/01/2026 - 21:40:02: [SPAWN] id=28 name="Security" time=103.179 map=fy_snow players=30
L 10/01/2026 - 21:40:02: [SPAWN] id=25 name="(2)Unikov" time=103.187 map=fy_snow players=30
L 10/01/2026 - 21:40:02: [SPAWN] id=28 name="Security" time=103.189 map=fy_snow players=30
L 10/01/2026 - 21:40:02: [SPAWN] id=28 name="Security" time=103.199 map=fy_snow players=30
L 10/01/2026 - 21:40:02: [SPAWN] id=25 name="(2)Unikov" time=103.201 map=fy_snow players=30
L 10/01/2026 - 21:40:02: [SPAWN] id=28 name="Security" time=103.208 map=fy_snow players=30
L 10/01/2026 - 21:40:02: [SPAWN] id=28 name="Security" time=103.218 map=fy_snow players=30
L 10/01/2026 - 21:40:02: [SPAWN] id=25 name="(2)Unikov" time=103.218 map=fy_snow players=30
L 10/01/2026 - 21:40:02: [SPAWN] id=25 name="(2)Unikov" time=103.236 map=fy_snow players=30
L 10/01/2026 - 21:40:02: [SPAWN] id=28 name="Security" time=103.228 map=fy_snow players=30
L 10/01/2026 - 21:40:02: [SPAWN] id=28 name="Security" time=103.238 map=fy_snow players=30
L 10/01/2026 - 21:40:02: [SPAWN] id=25 name="(2)Unikov" time=103.255 map=fy_snow players=30
L 10/01/2026 - 21:40:02: [SPAWN] id=28 name="Security" time=103.248 map=fy_snow players=30
L 10/01/2026 - 21:40:02: [SPAWN] id=28 name="Security" time=103.258 map=fy_snow players=30
L 10/01/2026 - 21:40:02: [SPAWN] id=25 name="(2)Unikov" time=103.276 map=fy_snow players=30
L 10/01/2026 - 21:40:02: [SPAWN] id=28 name="Security" time=103.269 map=fy_snow players=30
L 10/01/2026 - 21:40:02: [SPAWN] id=28 name="Security" time=103.279 map=fy_snow players=30
L 10/01/2026 - 21:40:02: [SPAWN] id=25 name="(2)Unikov" time=103.294 map=fy_snow players=30
L 10/01/2026 - 21:40:02: [SPAWN] id=28 name="Security" time=103.289 map=fy_snow players=30
L 10/01/2026 - 21:40:02: [SPAWN] id=28 name="Security" time=103.298 map=fy_snow players=30
L 10/01/2026 - 21:40:02: [SPAWN] id=28 name="Security" time=103.308 map=fy_snow players=30
L 10/01/2026 - 21:40:02: [SPAWN] id=28 name="Security" time=103.318 map=fy_snow players=30
L 10/01/2026 - 21:40:02: [SPAWN] id=25 name="(2)Unikov" time=103.321 map=fy_snow players=30
L 10/01/2026 - 21:40:02: [SPAWN] id=25 name="(2)Unikov" time=103.335 map=fy_snow players=30
L 10/01/2026 - 21:40:02: [SPAWN] id=28 name="Security" time=103.329 map=fy_snow players=30
L 10/01/2026 - 21:40:02: [SPAWN] id=28 name="Security" time=103.339 map=fy_snow players=30
L 10/01/2026 - 21:40:02: [SPAWN] id=25 name="(2)Unikov" time=103.352 map=fy_snow players=30
L 10/01/2026 - 21:40:02: [SPAWN] id=28 name="Security" time=103.347 map=fy_snow players=30
L 10/01/2026 - 21:40:02: [SPAWN] id=28 name="Security" time=103.357 map=fy_snow players=30
L 10/01/2026 - 21:40:02: [SPAWN] id=25 name="(2)Unikov" time=103.370 map=fy_snow players=30
L 10/01/2026 - 21:40:02: [SPAWN] id=28 name="Security" time=103.368 map=fy_snow players=30
L 10/01/2026 - 21:40:02: [SPAWN] id=28 name="Security" time=103.378 map=fy_snow players=30
L 10/01/2026 - 21:40:02: [SPAWN] id=28 name="Security" time=103.387 map=fy_snow players=30
L 10/01/2026 - 21:40:02: [SPAWN] id=28 name="Security" time=103.397 map=fy_snow players=30
L 10/01/2026 - 21:40:02: [SPAWN] id=25 name="(2)Unikov" time=103.415 map=fy_snow players=30
L 10/01/2026 - 21:40:02: [SPAWN] id=28 name="Security" time=103.406 map=fy_snow players=30
L 10/01/2026 - 21:40:02: [SPAWN] id=28 name="Security" time=103.416 map=fy_snow players=30
L 10/01/2026 - 21:40:02: [SPAWN] id=28 name="Security" time=103.426 map=fy_snow players=30
L 10/01/2026 - 21:40:02: [SPAWN] id=28 name="Security" time=103.436 map=fy_snow players=30
L 10/01/2026 - 21:40:02: [SPAWN] id=25 name="(2)Unikov" time=103.413 map=fy_snow players=30
L 10/01/2026 - 21:40:02: [SPAWN] id=25 name="(2)Unikov" time=103.438 map=fy_snow players=30
L 10/01/2026 - 21:40:02: [SPAWN] id=25 name="(2)Unikov" time=103.454 map=fy_snow players=30
L 10/01/2026 - 21:40:02: [SPAWN] id=28 name="Security" time=103.447 map=fy_snow players=30
L 10/01/2026 - 21:40:02: [SPAWN] id=28 name="Security" time=103.457 map=fy_snow players=30
L 10/01/2026 - 21:40:02: [SPAWN] id=25 name="(2)Unikov" time=103.471 map=fy_snow players=30
L 10/01/2026 - 21:40:02: [SPAWN] id=28 name="Security" time=103.466 map=fy_snow players=30
L 10/01/2026 - 21:40:02: [SPAWN] id=28 name="Security" time=103.476 map=fy_snow players=30
L 10/01/2026 - 21:40:02: [SPAWN] id=25 name="(2)Unikov" time=103.494 map=fy_snow players=30
L 10/01/2026 - 21:40:02: [SPAWN] id=28 name="Security" time=103.486 map=fy_snow players=30
L 10/01/2026 - 21:40:02: [SPAWN] id=28 name="Security" time=103.496 map=fy_snow players=30
L 10/01/2026 - 21:40:02: [SPAWN] id=25 name="(2)Unikov" time=103.511 map=fy_snow players=30
L 10/01/2026 - 21:40:02: [SPAWN] id=28 name="Security" time=103.507 map=fy_snow players=30
L 10/01/2026 - 21:40:02: [SPAWN] id=28 name="Security" time=103.517 map=fy_snow players=30
L 10/01/2026 - 21:40:02: [SPAWN] id=25 name="(2)Unikov" time=103.527 map=fy_snow players=30
L 10/01/2026 - 21:40:02: [SPAWN] id=28 name="Security" time=103.526 map=fy_snow players=30
L 10/01/2026 - 21:40:02: [SPAWN] id=28 name="Security" time=103.536 map=fy_snow players=30
L 10/01/2026 - 21:40:02: [SPAWN] id=25 name="(2)Unikov" time=103.545 map=fy_snow players=30
L 10/01/2026 - 21:40:02: [SPAWN] id=28 name="Security" time=103.547 map=fy_snow players=30
L 10/01/2026 - 21:40:02: [SPAWN] id=28 name="Security" time=103.557 map=fy_snow players=30
L 10/01/2026 - 21:40:02: [SPAWN] id=25 name="(2)Unikov" time=103.562 map=fy_snow players=30
L 10/01/2026 - 21:40:02: [SPAWN] id=28 name="Security" time=103.566 map=fy_snow players=30
L 10/01/2026 - 21:40:02: [SPAWN] id=28 name="Security" time=103.576 map=fy_snow players=30
L 10/01/2026 - 21:40:02: [SPAWN] id=25 name="(2)Unikov" time=103.579 map=fy_snow players=30
L 10/01/2026 - 21:40:02: [SPAWN] id=28 name="Security" time=103.585 map=fy_snow players=30
L 10/01/2026 - 21:40:02: [SPAWN] id=28 name="Security" time=103.595 map=fy_snow players=30
L 10/01/2026 - 21:40:02: [SPAWN] id=25 name="(2)Unikov" time=103.598 map=fy_snow players=30
L 10/01/2026 - 21:40:02: [SPAWN] id=28 name="Security" time=103.606 map=fy_snow players=30
L 10/01/2026 - 21:40:02: [SPAWN] id=28 name="Security" time=103.616 map=fy_snow players=30
L 10/01/2026 - 21:40:02: [SPAWN] id=25 name="(2)Unikov" time=103.616 map=fy_snow players=30
L 10/01/2026 - 21:40:02: [SPAWN] id=28 name="Security" time=103.625 map=fy_snow players=30
L 10/01/2026 - 21:40:02: [SPAWN] id=28 name="Security" time=103.635 map=fy_snow players=30
L 10/01/2026 - 21:40:02: [SPAWN] id=25 name="(2)Unikov" time=103.637 map=fy_snow players=30
L 10/01/2026 - 21:40:02: [SPAWN] id=25 name="(2)Unikov" time=103.654 map=fy_snow players=30
L 10/01/2026 - 21:40:02: [SPAWN] id=28 name="Security" time=103.646 map=fy_snow players=30
L 10/01/2026 - 21:40:02: [SPAWN] id=28 name="Security" time=103.656 map=fy_snow players=30
L 10/01/2026 - 21:40:02: [SPAWN] id=25 name="(2)Unikov" time=103.675 map=fy_snow players=30
L 10/01/2026 - 21:40:02: [SPAWN] id=28 name="Security" time=103.666 map=fy_snow players=30
L 10/01/2026 - 21:40:02: [SPAWN] id=28 name="Security" time=103.676 map=fy_snow players=30
L 10/01/2026 - 21:40:02: [SPAWN] id=25 name="(2)Unikov" time=103.690 map=fy_snow players=30
L 10/01/2026 - 21:40:02: [SPAWN] id=28 name="Security" time=103.686 map=fy_snow players=30
L 10/01/2026 - 21:40:02: [SPAWN] id=28 name="Security" time=103.696 map=fy_snow players=30
L 10/01/2026 - 21:40:02: [SPAWN] id=30 name="DRAGON" time=103.701 map=fy_snow players=30
L 10/01/2026 - 21:40:02: [SPAWN] id=25 name="(2)Unikov" time=103.710 map=fy_snow players=30
L 10/01/2026 - 21:40:02: [SPAWN] id=28 name="Security" time=103.705 map=fy_snow players=30
L 10/01/2026 - 21:40:02: [SPAWN] id=28 name="Security" time=103.715 map=fy_snow players=30
L 10/01/2026 - 21:40:02: [SPAWN] id=25 name="(2)Unikov" time=103.726 map=fy_snow players=30
L 10/01/2026 - 21:40:02: [SPAWN] id=28 name="Security" time=103.725 map=fy_snow players=30
L 10/01/2026 - 21:40:02: [SPAWN] id=28 name="Security" time=103.735 map=fy_snow players=30
L 10/01/2026 - 21:40:02: [SPAWN] id=25 name="(2)Unikov" time=103.744 map=fy_snow players=30
L 10/01/2026 - 21:40:02: [SPAWN] id=28 name="Security" time=103.745 map=fy_snow players=30
L 10/01/2026 - 21:40:02: [SPAWN] id=28 name="Security" time=103.755 map=fy_snow players=30
L 10/01/2026 - 21:40:02: [SPAWN] id=25 name="(2)Unikov" time=103.770 map=fy_snow players=30
L 10/01/2026 - 21:40:02: [SPAWN] id=28 name="Security" time=103.765 map=fy_snow players=30
L 10/01/2026 - 21:40:02: [SPAWN] id=28 name="Security" time=103.775 map=fy_snow players=30
L 10/01/2026 - 21:40:02: [SPAWN] id=25 name="(2)Unikov" time=103.783 map=fy_snow players=30
L 10/01/2026 - 21:40:02: [SPAWN] id=28 name="Security" time=103.785 map=fy_snow players=30
L 10/01/2026 - 21:40:02: [SPAWN] id=28 name="Security" time=103.795 map=fy_snow players=30
L 10/01/2026 - 21:40:02: [SPAWN] id=25 name="(2)Unikov" time=103.804 map=fy_snow players=30
L 10/01/2026 - 21:40:02: [SPAWN] id=28 name="Security" time=103.805 map=fy_snow players=30
L 10/01/2026 - 21:40:02: [SPAWN] id=28 name="Security" time=103.815 map=fy_snow players=30
L 10/01/2026 - 21:40:02: [SPAWN] id=25 name="(2)Unikov" time=103.824 map=fy_snow players=30
L 10/01/2026 - 21:40:02: [SPAWN] id=28 name="Security" time=103.824 map=fy_snow players=30
L 10/01/2026 - 21:40:02: [SPAWN] id=28 name="Security" time=103.834 map=fy_snow players=30
L 10/01/2026 - 21:40:02: [SPAWN] id=25 name="(2)Unikov" time=103.845 map=fy_snow players=30
L 10/01/2026 - 21:40:02: [SPAWN] id=28 name="Security" time=103.845 map=fy_snow players=30
L 10/01/2026 - 21:40:02: [SPAWN] id=28 name="Security" time=103.855 map=fy_snow players=30
L 10/01/2026 - 21:40:02: [SPAWN] id=25 name="(2)Unikov" time=103.863 map=fy_snow players=30
L 10/01/2026 - 21:40:02: [SPAWN] id=28 name="Security" time=103.864 map=fy_snow players=30
L 10/01/2026 - 21:40:02: [SPAWN] id=28 name="Security" time=103.874 map=fy_snow players=30
L 10/01/2026 - 21:40:02: [SPAWN] id=25 name="(2)Unikov" time=103.885 map=fy_snow players=30
L 10/01/2026 - 21:40:02: [SPAWN] id=28 name="Security" time=103.884 map=fy_snow players=30
L 10/01/2026 - 21:40:02: [SPAWN] id=28 name="Security" time=103.894 map=fy_snow players=30
L 10/01/2026 - 21:40:02: [SPAWN] id=25 name="(2)Unikov" time=103.905 map=fy_snow players=30
L 10/01/2026 - 21:40:02: [SPAWN] id=28 name="Security" time=103.905 map=fy_snow players=30
L 10/01/2026 - 21:40:02: [SPAWN] id=28 name="Security" time=103.914 map=fy_snow players=30
L 10/01/2026 - 21:40:02: [SPAWN] id=25 name="(2)Unikov" time=103.922 map=fy_snow players=30
L 10/01/2026 - 21:40:02: [SPAWN] id=28 name="Security" time=103.924 map=fy_snow players=30
L 10/01/2026 - 21:40:02: [SPAWN] id=28 name="Security" time=103.934 map=fy_snow players=30
L 10/01/2026 - 21:40:02: [SPAWN] id=25 name="(2)Unikov" time=103.941 map=fy_snow players=30
L 10/01/2026 - 21:40:02: [SPAWN] id=28 name="Security" time=103.944 map=fy_snow players=30
L 10/01/2026 - 21:40:02: [SPAWN] id=28 name="Security" time=103.954 map=fy_snow players=30
L 10/01/2026 - 21:40:02: [SPAWN] id=25 name="(2)Unikov" time=103.960 map=fy_snow players=30
L 10/01/2026 - 21:40:02: [SPAWN] id=28 name="Security" time=103.965 map=fy_snow players=30
L 10/01/2026 - 21:40:02: [SPAWN] id=28 name="Security" time=103.974 map=fy_snow players=30
L 10/01/2026 - 21:40:02: [SPAWN] id=28 name="Security" time=103.984 map=fy_snow players=30
L 10/01/2026 - 21:40:02: [SPAWN] id=25 name="(2)Unikov" time=103.991 map=fy_snow players=30
L 10/01/2026 - 21:40:02: [SPAWN] id=28 name="Security" time=103.994 map=fy_snow players=30
L 10/01/2026 - 21:40:02: [SPAWN] id=28 name="Security" time=104.004 map=fy_snow players=30
L 10/01/2026 - 21:40:02: [SPAWN] id=25 name="(2)Unikov" time=104.014 map=fy_snow players=30
L 10/01/2026 - 21:40:02: [SPAWN] id=28 name="Security" time=104.014 map=fy_snow players=30
L 10/01/2026 - 21:40:02: [SPAWN] id=28 name="Security" time=104.024 map=fy_snow players=30
L 10/01/2026 - 21:40:02: [SPAWN] id=25 name="(2)Unikov" time=104.035 map=fy_snow players=30
L 10/01/2026 - 21:40:02: [SPAWN] id=28 name="Security" time=104.034 map=fy_snow players=30
L 10/01/2026 - 21:40:02: [SPAWN] id=28 name="Security" time=104.044 map=fy_snow players=30
L 10/01/2026 - 21:40:02: [SPAWN] id=25 name="(2)Unikov" time=104.053 map=fy_snow players=30
L 10/01/2026 - 21:40:02: [SPAWN] id=28 name="Security" time=104.054 map=fy_snow players=30
L 10/01/2026 - 21:40:02: [SPAWN] id=28 name="Security" time=104.064 map=fy_snow players=30
L 10/01/2026 - 21:40:03: [SPAWN] id=25 name="(2)Unikov" time=104.073 map=fy_snow players=30
L 10/01/2026 - 21:40:03: [SPAWN] id=28 name="Security" time=104.074 map=fy_snow players=30
L 10/01/2026 - 21:40:03: [SPAWN] id=28 name="Security" time=104.084 map=fy_snow players=30
L 10/01/2026 - 21:40:03: [SPAWN] id=25 name="(2)Unikov" time=104.092 map=fy_snow players=30
L 10/01/2026 - 21:40:03: [SPAWN] id=28 name="Security" time=104.093 map=fy_snow players=30
L 10/01/2026 - 21:40:03: [SPAWN] id=28 name="Security" time=104.103 map=fy_snow players=30
L 10/01/2026 - 21:40:03: [SPAWN] id=25 name="(2)Unikov" time=104.113 map=fy_snow players=30
L 10/01/2026 - 21:40:03: [SPAWN] id=28 name="Security" time=104.114 map=fy_snow players=30
L 10/01/2026 - 21:40:03: [SPAWN] id=28 name="Security" time=104.124 map=fy_snow players=30
L 10/01/2026 - 21:40:03: [SPAWN] id=25 name="(2)Unikov" time=104.132 map=fy_snow players=30
L 10/01/2026 - 21:40:03: [SPAWN] id=28 name="Security" time=104.135 map=fy_snow players=30
L 10/01/2026 - 21:40:03: [SPAWN] id=28 name="Security" time=104.145 map=fy_snow players=30
L 10/01/2026 - 21:40:03: [SPAWN] id=25 name="(2)Unikov" time=104.154 map=fy_snow players=30
L 10/01/2026 - 21:40:03: [SPAWN] id=28 name="Security" time=104.154 map=fy_snow players=30
L 10/01/2026 - 21:40:03: [SPAWN] id=28 name="Security" time=104.164 map=fy_snow players=30
L 10/01/2026 - 21:40:03: [SPAWN] id=25 name="(2)Unikov" time=104.169 map=fy_snow players=30
L 10/01/2026 - 21:40:03: [SPAWN] id=28 name="Security" time=104.174 map=fy_snow players=30
L 10/01/2026 - 21:40:03: [SPAWN] id=28 name="Security" time=104.184 map=fy_snow players=30
L 10/01/2026 - 21:40:03: [SPAWN] id=25 name="(2)Unikov" time=104.188 map=fy_snow players=30
L 10/01/2026 - 21:40:03: [SPAWN] id=28 name="Security" time=104.193 map=fy_snow players=30
L 10/01/2026 - 21:40:03: [SPAWN] id=28 name="Security" time=104.203 map=fy_snow players=30
L 10/01/2026 - 21:40:03: [SPAWN] id=25 name="(2)Unikov" time=104.203 map=fy_snow players=30
L 10/01/2026 - 21:40:03: [SPAWN] id=25 name="(2)Unikov" time=104.222 map=fy_snow players=30
L 10/01/2026 - 21:40:03: [SPAWN] id=28 name="Security" time=104.212 map=fy_snow players=30
L 10/01/2026 - 21:40:03: [SPAWN] id=28 name="Security" time=104.222 map=fy_snow players=30
L 10/01/2026 - 21:40:03: [SPAWN] id=25 name="(2)Unikov" time=104.238 map=fy_snow players=30
L 10/01/2026 - 21:40:03: [SPAWN] id=28 name="Security" time=104.233 map=fy_snow players=30
L 10/01/2026 - 21:40:03: [SPAWN] id=28 name="Security" time=104.243 map=fy_snow players=30
L 10/01/2026 - 21:40:03: [SPAWN] id=25 name="(2)Unikov" time=104.259 map=fy_snow players=30
L 10/01/2026 - 21:40:03: [SPAWN] id=28 name="Security" time=104.253 map=fy_snow players=30
L 10/01/2026 - 21:40:03: [SPAWN] id=28 name="Security" time=104.263 map=fy_snow players=30
L 10/01/2026 - 21:40:03: [SPAWN] id=25 name="(2)Unikov" time=104.276 map=fy_snow players=30
L 10/01/2026 - 21:40:03: [SPAWN] id=28 name="Security" time=104.273 map=fy_snow players=30
L 10/01/2026 - 21:40:03: [SPAWN] id=28 name="Security" time=104.283 map=fy_snow players=30
L 10/01/2026 - 21:40:03: [SPAWN] id=25 name="(2)Unikov" time=104.294 map=fy_snow players=30
L 10/01/2026 - 21:40:03: [SPAWN] id=28 name="Security" time=104.293 map=fy_snow players=30
L 10/01/2026 - 21:40:03: [SPAWN] id=28 name="Security" time=104.303 map=fy_snow players=30
L 10/01/2026 - 21:40:03: [SPAWN] id=25 name="(2)Unikov" time=104.312 map=fy_snow players=30
L 10/01/2026 - 21:40:03: [SPAWN] id=28 name="Security" time=104.312 map=fy_snow players=30
L 10/01/2026 - 21:40:03: [SPAWN] id=28 name="Security" time=104.322 map=fy_snow players=30
L 10/01/2026 - 21:40:03: [SPAWN] id=25 name="(2)Unikov" time=104.331 map=fy_snow players=30
L 10/01/2026 - 21:40:03: [SPAWN] id=28 name="Security" time=104.333 map=fy_snow players=30
L 10/01/2026 - 21:40:03: [SPAWN] id=28 name="Security" time=104.342 map=fy_snow players=30
L 10/01/2026 - 21:40:03: [SPAWN] id=25 name="(2)Unikov" time=104.346 map=fy_snow players=30
L 10/01/2026 - 21:40:03: [SPAWN] id=28 name="Security" time=104.354 map=fy_snow players=30
L 10/01/2026 - 21:40:03: [SPAWN] id=28 name="Security" time=104.364 map=fy_snow players=30
L 10/01/2026 - 21:40:03: [SPAWN] id=25 name="(2)Unikov" time=104.366 map=fy_snow players=30
L 10/01/2026 - 21:40:03: [SPAWN] id=28 name="Security" time=104.372 map=fy_snow players=30
L 10/01/2026 - 21:40:03: [SPAWN] id=28 name="Security" time=104.382 map=fy_snow players=30
L 10/01/2026 - 21:40:03: [SPAWN] id=25 name="(2)Unikov" time=104.382 map=fy_snow players=30
L 10/01/2026 - 21:40:03: [SPAWN] id=28 name="Security" time=104.392 map=fy_snow players=30
L 10/01/2026 - 21:40:03: [SPAWN] id=28 name="Security" time=104.402 map=fy_snow players=30
L 10/01/2026 - 21:40:03: [SPAWN] id=25 name="(2)Unikov" time=104.404 map=fy_snow players=30
L 10/01/2026 - 21:40:03: [SPAWN] id=25 name="(2)Unikov" time=104.421 map=fy_snow players=30
L 10/01/2026 - 21:40:03: [SPAWN] id=28 name="Security" time=104.413 map=fy_snow players=30
L 10/01/2026 - 21:40:03: [SPAWN] id=28 name="Security" time=104.423 map=fy_snow players=30
L 10/01/2026 - 21:40:03: [SPAWN] id=25 name="(2)Unikov" time=104.440 map=fy_snow players=30
L 10/01/2026 - 21:40:03: [SPAWN] id=28 name="Security" time=104.433 map=fy_snow players=30
L 10/01/2026 - 21:40:03: [SPAWN] id=28 name="Security" time=104.443 map=fy_snow players=30
L 10/01/2026 - 21:40:03: [SPAWN] id=25 name="(2)Unikov" time=104.460 map=fy_snow players=30
L 10/01/2026 - 21:40:03: [SPAWN] id=28 name="Security" time=104.452 map=fy_snow players=30
L 10/01/2026 - 21:40:03: [SPAWN] id=28 name="Security" time=104.462 map=fy_snow players=30
L 10/01/2026 - 21:40:03: [SPAWN] id=25 name="(2)Unikov" time=104.480 map=fy_snow players=30
L 10/01/2026 - 21:40:03: [SPAWN] id=28 name="Security" time=104.473 map=fy_snow players=30
L 10/01/2026 - 21:40:03: [SPAWN] id=28 name="Security" time=104.483 map=fy_snow players=30
L 10/01/2026 - 21:40:03: [SPAWN] id=25 name="(2)Unikov" time=104.501 map=fy_snow players=30
L 10/01/2026 - 21:40:03: [SPAWN] id=28 name="Security" time=104.492 map=fy_snow players=30
L 10/01/2026 - 21:40:03: [SPAWN] id=28 name="Security" time=104.502 map=fy_snow players=30
L 10/01/2026 - 21:40:03: [SPAWN] id=25 name="(2)Unikov" time=104.520 map=fy_snow players=30
L 10/01/2026 - 21:40:03: [SPAWN] id=28 name="Security" time=104.511 map=fy_snow players=30
L 10/01/2026 - 21:40:03: [SPAWN] id=28 name="Security" time=104.521 map=fy_snow players=30
L 10/01/2026 - 21:40:03: [SPAWN] id=28 name="Security" time=104.533 map=fy_snow players=30
L 10/01/2026 - 21:40:03: [SPAWN] id=28 name="Security" time=104.542 map=fy_snow players=30
L 10/01/2026 - 21:40:03: [SPAWN] id=25 name="(2)Unikov" time=104.543 map=fy_snow players=30
L 10/01/2026 - 21:40:03: [SPAWN] id=25 name="(2)Unikov" time=104.561 map=fy_snow players=30
L 10/01/2026 - 21:40:03: [SPAWN] id=28 name="Security" time=104.551 map=fy_snow players=30
L 10/01/2026 - 21:40:03: [SPAWN] id=28 name="Security" time=104.561 map=fy_snow players=30
L 10/01/2026 - 21:40:03: [SPAWN] id=25 name="(2)Unikov" time=104.581 map=fy_snow players=30
L 10/01/2026 - 21:40:03: [SPAWN] id=28 name="Security" time=104.571 map=fy_snow players=30
L 10/01/2026 - 21:40:03: [SPAWN] id=28 name="Security" time=104.581 map=fy_snow players=30
L 10/01/2026 - 21:40:03: [SPAWN] id=28 name="Security" time=104.591 map=fy_snow players=30
L 10/01/2026 - 21:40:03: [SPAWN] id=28 name="Security" time=104.601 map=fy_snow players=30
L 10/01/2026 - 21:40:03: [SPAWN] id=25 name="(2)Unikov" time=104.601 map=fy_snow players=30
L 10/01/2026 - 21:40:03: [SPAWN] id=28 name="Security" time=104.611 map=fy_snow players=30
L 10/01/2026 - 21:40:03: [SPAWN] id=28 name="Security" time=104.621 map=fy_snow players=30
L 10/01/2026 - 21:40:03: [SPAWN] id=25 name="(2)Unikov" time=104.625 map=fy_snow players=30
L 10/01/2026 - 21:40:03: [SPAWN] id=25 name="(2)Unikov" time=104.644 map=fy_snow players=30
L 10/01/2026 - 21:40:03: [SPAWN] id=25 name="(2)Unikov" time=104.663 map=fy_snow players=30
L 10/01/2026 - 21:40:03: [SPAWN] id=25 name="(2)Unikov" time=104.682 map=fy_snow players=30
L 10/01/2026 - 21:40:03: [SPAWN] id=25 name="(2)Unikov" time=104.700 map=fy_snow players=30
L 10/01/2026 - 21:40:03: [SPAWN] id=25 name="(2)Unikov" time=104.719 map=fy_snow players=30
L 10/01/2026 - 21:40:03: [SPAWN] id=25 name="(2)Unikov" time=104.739 map=fy_snow players=30
L 10/01/2026 - 21:40:03: [SPAWN] id=25 name="(2)Unikov" time=104.763 map=fy_snow players=30
L 10/01/2026 - 21:40:03: [SPAWN] id=25 name="(2)Unikov" time=104.782 map=fy_snow players=30
L 10/01/2026 - 21:40:03: [SPAWN] id=25 name="(2)Unikov" time=104.803 map=fy_snow players=30
L 10/01/2026 - 21:40:03: [SPAWN] id=25 name="(2)Unikov" time=104.831 map=fy_snow players=30
L 10/01/2026 - 21:40:03: [SPAWN] id=25 name="(2)Unikov" time=104.850 map=fy_snow players=30
L 10/01/2026 - 21:40:03: [SPAWN] id=28 name="Security" time=104.846 map=fy_snow players=30
L 10/01/2026 - 21:40:03: [SPAWN] id=28 name="Security" time=104.856 map=fy_snow players=30
L 10/01/2026 - 21:40:03: [SPAWN] id=28 name="Security" time=104.846 map=fy_snow players=30
L 10/01/2026 - 21:40:03: [SPAWN] id=28 name="Security" time=104.856 map=fy_snow players=30
L 10/01/2026 - 21:40:03: [SPAWN] id=28 name="Security" time=104.846 map=fy_snow players=30
L 10/01/2026 - 21:40:03: [SPAWN] id=28 name="Security" time=104.856 map=fy_snow players=30
L 10/01/2026 - 21:40:03: [SPAWN] id=28 name="Security" time=104.846 map=fy_snow players=30
L 10/01/2026 - 21:40:03: [SPAWN] id=28 name="Security" time=104.856 map=fy_snow players=30
L 10/01/2026 - 21:40:03: [SPAWN] id=28 name="Security" time=104.846 map=fy_snow players=30
L 10/01/2026 - 21:40:03: [SPAWN] id=28 name="Security" time=104.856 map=fy_snow players=30
L 10/01/2026 - 21:40:03: [SPAWN] id=28 name="Security" time=104.846 map=fy_snow players=30
L 10/01/2026 - 21:40:03: [SPAWN] id=28 name="Security" time=104.856 map=fy_snow players=30
L 10/01/2026 - 21:40:03: [SPAWN] id=28 name="Security" time=104.846 map=fy_snow players=30
L 10/01/2026 - 21:40:03: [SPAWN] id=28 name="Security" time=104.856 map=fy_snow players=30
L 10/01/2026 - 21:40:03: [SPAWN] id=28 name="Security" time=104.846 map=fy_snow players=30
L 10/01/2026 - 21:40:03: [SPAWN] id=28 name="Security" time=104.856 map=fy_snow players=30
L 10/01/2026 - 21:40:03: [SPAWN] id=28 name="Security" time=104.846 map=fy_snow players=30
L 10/01/2026 - 21:40:03: [SPAWN] id=28 name="Security" time=104.856 map=fy_snow players=30
L 10/01/2026 - 21:40:03: [SPAWN] id=28 name="Security" time=104.846 map=fy_snow players=30
L 10/01/2026 - 21:40:03: [SPAWN] id=28 name="Security" time=104.856 map=fy_snow players=30
L 10/01/2026 - 21:40:03: [SPAWN] id=28 name="Security" time=104.846 map=fy_snow players=30
L 10/01/2026 - 21:40:03: [SPAWN] id=28 name="Security" time=104.856 map=fy_snow players=30
L 10/01/2026 - 21:40:03: [SPAWN] id=25 name="(2)Unikov" time=104.875 map=fy_snow players=30
L 10/01/2026 - 21:40:03: [SPAWN] id=25 name="(2)Unikov" time=104.892 map=fy_snow players=30
L 10/01/2026 - 21:40:03: [SPAWN] id=25 name="(2)Unikov" time=104.908 map=fy_snow players=30
L 10/01/2026 - 21:40:03: [SPAWN] id=25 name="(2)Unikov" time=104.926 map=fy_snow players=30
L 10/01/2026 - 21:40:03: [SPAWN] id=25 name="(2)Unikov" time=104.944 map=fy_snow players=30
L 10/01/2026 - 21:40:03: [SPAWN] id=25 name="(2)Unikov" time=104.964 map=fy_snow players=30
L 10/01/2026 - 21:40:03: [SPAWN] id=25 name="(2)Unikov" time=104.982 map=fy_snow players=30
L 10/01/2026 - 21:40:03: [SPAWN] id=25 name="(2)Unikov" time=105.004 map=fy_snow players=30
L 10/01/2026 - 21:40:03: [SPAWN] id=15 name="KenZo -.-" time=105.021 map=fy_snow players=30
L 10/01/2026 - 21:40:03: [SPAWN] id=25 name="(2)Unikov" time=105.024 map=fy_snow players=30
L 10/01/2026 - 21:40:03: [SPAWN] id=28 name="Security" time=105.018 map=fy_snow players=30
L 10/01/2026 - 21:40:03: [SPAWN] id=28 name="Security" time=105.028 map=fy_snow players=30
L 10/01/2026 - 21:40:03: [SPAWN] id=28 name="Security" time=105.018 map=fy_snow players=30
L 10/01/2026 - 21:40:03: [SPAWN] id=28 name="Security" time=105.028 map=fy_snow players=30
L 10/01/2026 - 21:40:03: [SPAWN] id=28 name="Security" time=105.018 map=fy_snow players=30
L 10/01/2026 - 21:40:03: [SPAWN] id=28 name="Security" time=105.028 map=fy_snow players=30
L 10/01/2026 - 21:40:03: [SPAWN] id=28 name="Security" time=105.018 map=fy_snow players=30
L 10/01/2026 - 21:40:03: [SPAWN] id=28 name="Security" time=105.028 map=fy_snow players=30
L 10/01/2026 - 21:40:03: [SPAWN] id=28 name="Security" time=105.018 map=fy_snow players=30
L 10/01/2026 - 21:40:03: [SPAWN] id=28 name="Security" time=105.028 map=fy_snow players=30
L 10/01/2026 - 21:40:03: [SPAWN] id=28 name="Security" time=105.018 map=fy_snow players=30
L 10/01/2026 - 21:40:03: [SPAWN] id=28 name="Security" time=105.028 map=fy_snow players=30
L 10/01/2026 - 21:40:03: [SPAWN] id=28 name="Security" time=105.018 map=fy_snow players=30
L 10/01/2026 - 21:40:03: [SPAWN] id=28 name="Security" time=105.028 map=fy_snow players=30
L 10/01/2026 - 21:40:03: [SPAWN] id=28 name="Security" time=105.018 map=fy_snow players=30
L 10/01/2026 - 21:40:03: [SPAWN] id=28 name="Security" time=105.028 map=fy_snow players=30
L 10/01/2026 - 21:40:03: [SPAWN] id=28 name="Security" time=105.018 map=fy_snow players=30
L 10/01/2026 - 21:40:03: [SPAWN] id=28 name="Security" time=105.028 map=fy_snow players=30
L 10/01/2026 - 21:40:03: [SPAWN] id=28 name="Security" time=105.029 map=fy_snow players=30
L 10/01/2026 - 21:40:03: [SPAWN] id=28 name="Security" time=105.039 map=fy_snow players=30
L 10/01/2026 - 21:40:03: [SPAWN] id=25 name="(2)Unikov" time=105.042 map=fy_snow players=30
L 10/01/2026 - 21:40:03: [SPAWN] id=25 name="(2)Unikov" time=105.060 map=fy_snow players=30
L 10/01/2026 - 21:40:04: [SPAWN] id=25 name="(2)Unikov" time=105.080 map=fy_snow players=30
L 10/01/2026 - 21:40:04: [SPAWN] id=28 name="Security" time=105.080 map=fy_snow players=30
L 10/01/2026 - 21:40:04: [SPAWN] id=28 name="Security" time=105.090 map=fy_snow players=30
L 10/01/2026 - 21:40:04: [SPAWN] id=28 name="Security" time=105.080 map=fy_snow players=30
L 10/01/2026 - 21:40:04: [SPAWN] id=28 name="Security" time=105.090 map=fy_snow players=30
L 10/01/2026 - 21:40:04: [SPAWN] id=25 name="(2)Unikov" time=105.095 map=fy_snow players=30
L 10/01/2026 - 21:40:04: [SPAWN] id=28 name="Security" time=105.089 map=fy_snow players=30
L 10/01/2026 - 21:40:04: [SPAWN] id=28 name="Security" time=105.099 map=fy_snow players=30
L 10/01/2026 - 21:40:04: [SPAWN] id=25 name="(2)Unikov" time=105.110 map=fy_snow players=30
L 10/01/2026 - 21:40:04: [SPAWN] id=16 name="ExCuseMe" time=105.111 map=fy_snow players=30
L 10/01/2026 - 21:40:04: [SPAWN] id=28 name="Security" time=105.109 map=fy_snow players=30
L 10/01/2026 - 21:40:04: [SPAWN] id=28 name="Security" time=105.119 map=fy_snow players=30
L 10/01/2026 - 21:40:04: [SPAWN] id=25 name="(2)Unikov" time=105.124 map=fy_snow players=30
L 10/01/2026 - 21:40:04: [SPAWN] id=25 name="(2)Unikov" time=105.138 map=fy_snow players=30
L 10/01/2026 - 21:40:04: [SPAWN] id=25 name="(2)Unikov" time=105.154 map=fy_snow players=30
L 10/01/2026 - 21:40:04: [SPAWN] id=25 name="(2)Unikov" time=105.168 map=fy_snow players=30
L 10/01/2026 - 21:40:04: [SPAWN] id=25 name="(2)Unikov" time=105.183 map=fy_snow players=30
L 10/01/2026 - 21:40:04: [SPAWN] id=25 name="(2)Unikov" time=105.196 map=fy_snow players=30
L 10/01/2026 - 21:40:04: [SPAWN] id=25 name="(2)Unikov" time=105.212 map=fy_snow players=30
L 10/01/2026 - 21:40:04: [SPAWN] id=28 name="Security" time=105.205 map=fy_snow players=30
L 10/01/2026 - 21:40:04: [SPAWN] id=28 name="Security" time=105.215 map=fy_snow players=30
L 10/01/2026 - 21:40:04: [SPAWN] id=28 name="Security" time=105.206 map=fy_snow players=30
L 10/01/2026 - 21:40:04: [SPAWN] id=28 name="Security" time=105.215 map=fy_snow players=30
L 10/01/2026 - 21:40:04: [SPAWN] id=28 name="Security" time=105.205 map=fy_snow players=30
L 10/01/2026 - 21:40:04: [SPAWN] id=28 name="Security" time=105.215 map=fy_snow players=30
L 10/01/2026 - 21:40:04: [SPAWN] id=28 name="Security" time=105.205 map=fy_snow players=30
L 10/01/2026 - 21:40:04: [SPAWN] id=28 name="Security" time=105.215 map=fy_snow players=30
L 10/01/2026 - 21:40:04: [SPAWN] id=28 name="Security" time=105.209 map=fy_snow players=30
L 10/01/2026 - 21:40:04: [SPAWN] id=28 name="Security" time=105.219 map=fy_snow players=30
L 10/01/2026 - 21:40:04: [SPAWN] id=25 name="(2)Unikov" time=105.229 map=fy_snow players=30
L 10/01/2026 - 21:40:04: [SPAWN] id=28 name="Security" time=105.227 map=fy_snow players=30
L 10/01/2026 - 21:40:04: [SPAWN] id=28 name="Security" time=105.237 map=fy_snow players=30
L 10/01/2026 - 21:40:04: [SPAWN] id=25 name="(2)Unikov" time=105.246 map=fy_snow players=30
L 10/01/2026 - 21:40:04: [SPAWN] id=28 name="Security" time=105.248 map=fy_snow players=30
L 10/01/2026 - 21:40:04: [SPAWN] id=28 name="Security" time=105.258 map=fy_snow players=30
L 10/01/2026 - 21:40:04: [SPAWN] id=25 name="(2)Unikov" time=105.261 map=fy_snow players=30
L 10/01/2026 - 21:40:04: [SPAWN] id=25 name="(2)Unikov" time=105.276 map=fy_snow players=30
L 10/01/2026 - 21:40:04: [SPAWN] id=25 name="(2)Unikov" time=105.289 map=fy_snow players=30
L 10/01/2026 - 21:40:04: [SPAWN] id=25 name="(2)Unikov" time=105.304 map=fy_snow players=30
L 10/01/2026 - 21:40:04: [SPAWN] id=25 name="(2)Unikov" time=105.318 map=fy_snow players=30
L 10/01/2026 - 21:40:04: [SPAWN] id=28 name="Security" time=105.314 map=fy_snow players=30
L 10/01/2026 - 21:40:04: [SPAWN] id=28 name="Security" time=105.323 map=fy_snow players=30
L 10/01/2026 - 21:40:04: [SPAWN] id=28 name="Security" time=105.314 map=fy_snow players=30
L 10/01/2026 - 21:40:04: [SPAWN] id=28 name="Security" time=105.323 map=fy_snow players=30
L 10/01/2026 - 21:40:04: [SPAWN] id=28 name="Security" time=105.314 map=fy_snow players=30
L 10/01/2026 - 21:40:04: [SPAWN] id=28 name="Security" time=105.323 map=fy_snow players=30
L 10/01/2026 - 21:40:04: [SPAWN] id=25 name="(2)Unikov" time=105.333 map=fy_snow players=30
L 10/01/2026 - 21:40:04: [SPAWN] id=28 name="Security" time=105.328 map=fy_snow players=30
L 10/01/2026 - 21:40:04: [SPAWN] id=28 name="Security" time=105.338 map=fy_snow players=30
L 10/01/2026 - 21:40:04: [SPAWN] id=25 name="(2)Unikov" time=105.345 map=fy_snow players=30
L 10/01/2026 - 21:40:04: [SPAWN] id=28 name="Security" time=105.348 map=fy_snow players=30
L 10/01/2026 - 21:40:04: [SPAWN] id=28 name="Security" time=105.357 map=fy_snow players=30
L 10/01/2026 - 21:40:04: [SPAWN] id=25 name="(2)Unikov" time=105.361 map=fy_snow players=30
L 10/01/2026 - 21:40:04: [SPAWN] id=25 name="(2)Unikov" time=105.376 map=fy_snow players=30
L 10/01/2026 - 21:40:04: [SPAWN] id=25 name="(2)Unikov" time=105.391 map=fy_snow players=30
L 10/01/2026 - 21:40:04: [SPAWN] id=25 name="(2)Unikov" time=105.406 map=fy_snow players=30
L 10/01/2026 - 21:40:04: [SPAWN] id=25 name="(2)Unikov" time=105.422 map=fy_snow players=30
L 10/01/2026 - 21:40:04: [SPAWN] id=25 name="(2)Unikov" time=105.438 map=fy_snow players=30
L 10/01/2026 - 21:40:04: [SPAWN] id=25 name="(2)Unikov" time=105.452 map=fy_snow players=30
L 10/01/2026 - 21:40:04: [SPAWN] id=25 name="(2)Unikov" time=105.468 map=fy_snow players=30
L 10/01/2026 - 21:40:04: [SPAWN] id=25 name="(2)Unikov" time=105.483 map=fy_snow players=30
L 10/01/2026 - 21:40:04: [SPAWN] id=25 name="(2)Unikov" time=105.500 map=fy_snow players=30
L 10/01/2026 - 21:40:04: [SPAWN] id=25 name="(2)Unikov" time=105.513 map=fy_snow players=30
L 10/01/2026 - 21:40:04: [SPAWN] id=25 name="(2)Unikov" time=105.528 map=fy_snow players=30
L 10/01/2026 - 21:40:04: [SPAWN] id=28 name="Security" time=105.530 map=fy_snow players=30
L 10/01/2026 - 21:40:04: [SPAWN] id=28 name="Security" time=105.540 map=fy_snow players=30
L 10/01/2026 - 21:40:04: [SPAWN] id=28 name="Security" time=105.530 map=fy_snow players=30
L 10/01/2026 - 21:40:04: [SPAWN] id=28 name="Security" time=105.540 map=fy_snow players=30
L 10/01/2026 - 21:40:04: [SPAWN] id=28 name="Security" time=105.530 map=fy_snow players=30
L 10/01/2026 - 21:40:04: [SPAWN] id=28 name="Security" time=105.540 map=fy_snow players=30
L 10/01/2026 - 21:40:04: [SPAWN] id=28 name="Security" time=105.530 map=fy_snow players=30
L 10/01/2026 - 21:40:04: [SPAWN] id=28 name="Security" time=105.540 map=fy_snow players=30
L 10/01/2026 - 21:40:04: [SPAWN] id=28 name="Security" time=105.530 map=fy_snow players=30
L 10/01/2026 - 21:40:04: [SPAWN] id=28 name="Security" time=105.540 map=fy_snow players=30
L 10/01/2026 - 21:40:04: [SPAWN] id=28 name="Security" time=105.530 map=fy_snow players=30
L 10/01/2026 - 21:40:04: [SPAWN] id=28 name="Security" time=105.540 map=fy_snow players=30
L 10/01/2026 - 21:40:04: [SPAWN] id=28 name="Security" time=105.530 map=fy_snow players=30
L 10/01/2026 - 21:40:04: [SPAWN] id=28 name="Security" time=105.540 map=fy_snow players=30
L 10/01/2026 - 21:40:04: [SPAWN] id=28 name="Security" time=105.530 map=fy_snow players=30
L 10/01/2026 - 21:40:04: [SPAWN] id=28 name="Security" time=105.540 map=fy_snow players=30
L 10/01/2026 - 21:40:04: [SPAWN] id=28 name="Security" time=105.530 map=fy_snow players=30
L 10/01/2026 - 21:40:04: [SPAWN] id=28 name="Security" time=105.540 map=fy_snow players=30
L 10/01/2026 - 21:40:04: [SPAWN] id=25 name="(2)Unikov" time=105.544 map=fy_snow players=30
L 10/01/2026 - 21:40:04: [SPAWN] id=28 name="Security" time=105.548 map=fy_snow players=30
L 10/01/2026 - 21:40:04: [SPAWN] id=28 name="Security" time=105.557 map=fy_snow players=30
L 10/01/2026 - 21:40:04: [SPAWN] id=25 name="(2)Unikov" time=105.559 map=fy_snow players=30
L 10/01/2026 - 21:40:04: [SPAWN] id=28 name="Security" time=105.566 map=fy_snow players=30
L 10/01/2026 - 21:40:04: [SPAWN] id=28 name="Security" time=105.576 map=fy_snow players=30
L 10/01/2026 - 21:40:04: [SPAWN] id=25 name="(2)Unikov" time=105.577 map=fy_snow players=30
L 10/01/2026 - 21:40:04: [SPAWN] id=25 name="(2)Unikov" time=105.597 map=fy_snow players=30
L 10/01/2026 - 21:40:04: [SPAWN] id=25 name="(2)Unikov" time=105.613 map=fy_snow players=30
L 10/01/2026 - 21:40:04: [SPAWN] id=28 name="Security" time=105.608 map=fy_snow players=30
L 10/01/2026 - 21:40:04: [SPAWN] id=28 name="Security" time=105.618 map=fy_snow players=30
L 10/01/2026 - 21:40:04: [SPAWN] id=28 name="Security" time=105.608 map=fy_snow players=30
L 10/01/2026 - 21:40:04: [SPAWN] id=28 name="Security" time=105.618 map=fy_snow players=30
L 10/01/2026 - 21:40:04: [SPAWN] id=25 name="(2)Unikov" time=105.630 map=fy_snow players=30
L 10/01/2026 - 21:40:04: [SPAWN] id=28 name="Security" time=105.626 map=fy_snow players=30
L 10/01/2026 - 21:40:04: [SPAWN] id=28 name="Security" time=105.636 map=fy_snow players=30
L 10/01/2026 - 21:40:04: [SPAWN] id=25 name="(2)Unikov" time=105.649 map=fy_snow players=30
L 10/01/2026 - 21:40:04: [SPAWN] id=28 name="Security" time=105.646 map=fy_snow players=30
L 10/01/2026 - 21:40:04: [SPAWN] id=28 name="Security" time=105.656 map=fy_snow players=30
L 10/01/2026 - 21:40:04: [SPAWN] id=25 name="(2)Unikov" time=105.666 map=fy_snow players=30
L 10/01/2026 - 21:40:04: [SPAWN] id=25 name="(2)Unikov" time=105.686 map=fy_snow players=30
L 10/01/2026 - 21:40:04: [SPAWN] id=25 name="(2)Unikov" time=105.705 map=fy_snow players=30
L 10/01/2026 - 21:40:04: [SPAWN] id=25 name="(2)Unikov" time=105.725 map=fy_snow players=30
L 10/01/2026 - 21:40:04: [SPAWN] id=28 name="Security" time=105.732 map=fy_snow players=30
L 10/01/2026 - 21:40:04: [SPAWN] id=28 name="Security" time=105.742 map=fy_snow players=30
L 10/01/2026 - 21:40:04: [SPAWN] id=28 name="Security" time=105.732 map=fy_snow players=30
L 10/01/2026 - 21:40:04: [SPAWN] id=28 name="Security" time=105.742 map=fy_snow players=30
L 10/01/2026 - 21:40:04: [SPAWN] id=28 name="Security" time=105.732 map=fy_snow players=30
L 10/01/2026 - 21:40:04: [SPAWN] id=28 name="Security" time=105.742 map=fy_snow players=30
L 10/01/2026 - 21:40:04: [SPAWN] id=28 name="Security" time=105.734 map=fy_snow players=30
L 10/01/2026 - 21:40:04: [SPAWN] id=28 name="Security" time=105.744 map=fy_snow players=30
L 10/01/2026 - 21:40:04: [SPAWN] id=25 name="(2)Unikov" time=105.754 map=fy_snow players=30
L 10/01/2026 - 21:40:04: [SPAWN] id=28 name="Security" time=105.746 map=fy_snow players=30
L 10/01/2026 - 21:40:04: [SPAWN] id=28 name="Security" time=105.756 map=fy_snow players=30
L 10/01/2026 - 21:40:04: [SPAWN] id=28 name="Security" time=105.766 map=fy_snow players=30
L 10/01/2026 - 21:40:04: [SPAWN] id=28 name="Security" time=105.776 map=fy_snow players=30
L 10/01/2026 - 21:40:04: [SPAWN] id=25 name="(2)Unikov" time=105.776 map=fy_snow players=30
L 10/01/2026 - 21:40:04: [SPAWN] id=25 name="(2)Unikov" time=105.798 map=fy_snow players=30
L 10/01/2026 - 21:40:04: [SPAWN] id=25 name="(2)Unikov" time=105.825 map=fy_snow players=30
L 10/01/2026 - 21:40:04: [SPAWN] id=25 name="(2)Unikov" time=105.848 map=fy_snow players=30
L 10/01/2026 - 21:40:04: [SPAWN] id=28 name="Security" time=105.841 map=fy_snow players=30
L 10/01/2026 - 21:40:04: [SPAWN] id=28 name="Security" time=105.851 map=fy_snow players=30
L 10/01/2026 - 21:40:04: [SPAWN] id=28 name="Security" time=105.841 map=fy_snow players=30
L 10/01/2026 - 21:40:04: [SPAWN] id=28 name="Security" time=105.851 map=fy_snow players=30
L 10/01/2026 - 21:40:04: [SPAWN] id=28 name="Security" time=105.841 map=fy_snow players=30
L 10/01/2026 - 21:40:04: [SPAWN] id=28 name="Security" time=105.851 map=fy_snow players=30
L 10/01/2026 - 21:40:04: [SPAWN] id=28 name="Security" time=105.846 map=fy_snow players=30
L 10/01/2026 - 21:40:04: [SPAWN] id=28 name="Security" time=105.856 map=fy_snow players=30
L 10/01/2026 - 21:40:04: [SPAWN] id=25 name="(2)Unikov" time=105.872 map=fy_snow players=30
L 10/01/2026 - 21:40:04: [SPAWN] id=28 name="Security" time=105.865 map=fy_snow players=30
L 10/01/2026 - 21:40:04: [SPAWN] id=28 name="Security" time=105.875 map=fy_snow players=30
L 10/01/2026 - 21:40:04: [SPAWN] id=25 name="(2)Unikov" time=105.895 map=fy_snow players=30
L 10/01/2026 - 21:40:04: [SPAWN] id=28 name="Security" time=105.885 map=fy_snow players=30
L 10/01/2026 - 21:40:04: [SPAWN] id=28 name="Security" time=105.895 map=fy_snow players=30
L 10/01/2026 - 21:40:04: [SPAWN] id=28 name="Security" time=105.905 map=fy_snow players=30
L 10/01/2026 - 21:40:04: [SPAWN] id=28 name="Security" time=105.915 map=fy_snow players=30
L 10/01/2026 - 21:40:04: [SPAWN] id=25 name="(2)Unikov" time=105.919 map=fy_snow players=30
L 10/01/2026 - 21:40:04: [SPAWN] id=28 name="Security" time=105.924 map=fy_snow players=30
L 10/01/2026 - 21:40:04: [SPAWN] id=28 name="Security" time=105.934 map=fy_snow players=30
L 10/01/2026 - 21:40:04: [SPAWN] id=25 name="(2)Unikov" time=105.944 map=fy_snow players=30
L 10/01/2026 - 21:40:04: [SPAWN] id=28 name="Security" time=105.945 map=fy_snow players=30
L 10/01/2026 - 21:40:04: [SPAWN] id=28 name="Security" time=105.955 map=fy_snow players=30
L 10/01/2026 - 21:40:04: [SPAWN] id=25 name="(2)Unikov" time=105.971 map=fy_snow players=30
L 10/01/2026 - 21:40:04: [SPAWN] id=28 name="Security" time=105.964 map=fy_snow players=30
L 10/01/2026 - 21:40:04: [SPAWN] id=28 name="Security" time=105.974 map=fy_snow players=30
L 10/01/2026 - 21:40:04: [SPAWN] id=28 name="Security" time=105.985 map=fy_snow players=30
L 10/01/2026 - 21:40:04: [SPAWN] id=28 name="Security" time=105.995 map=fy_snow players=30
L 10/01/2026 - 21:40:04: [SPAWN] id=25 name="(2)Unikov" time=105.995 map=fy_snow players=30
L 10/01/2026 - 21:40:04: [SPAWN] id=28 name="Security" time=106.004 map=fy_snow players=30
L 10/01/2026 - 21:40:04: [SPAWN] id=28 name="Security" time=106.014 map=fy_snow players=30
L 10/01/2026 - 21:40:04: [SPAWN] id=25 name="(2)Unikov" time=106.020 map=fy_snow players=30
L 10/01/2026 - 21:40:04: [SPAWN] id=19 name="Unikov" time=106.030 map=fy_snow players=30
L 10/01/2026 - 21:40:04: [SPAWN] id=28 name="Security" time=106.024 map=fy_snow players=30
L 10/01/2026 - 21:40:04: [SPAWN] id=28 name="Security" time=106.034 map=fy_snow players=30
L 10/01/2026 - 21:40:04: [SPAWN] id=25 name="(2)Unikov" time=106.046 map=fy_snow players=30
L 10/01/2026 - 21:40:04: [SPAWN] id=28 name="Security" time=106.044 map=fy_snow players=30
L 10/01/2026 - 21:40:04: [SPAWN] id=28 name="Security" time=106.054 map=fy_snow players=30
L 10/01/2026 - 21:40:05: [SPAWN] id=25 name="(2)Unikov" time=106.072 map=fy_snow players=30
L 10/01/2026 - 21:40:05: [SPAWN] id=28 name="Security" time=106.065 map=fy_snow players=30
L 10/01/2026 - 21:40:05: [SPAWN] id=28 name="Security" time=106.075 map=fy_snow players=30
L 10/01/2026 - 21:40:05: [SPAWN] id=28 name="Security" time=106.084 map=fy_snow players=30
L 10/01/2026 - 21:40:05: [SPAWN] id=28 name="Security" time=106.094 map=fy_snow players=30
L 10/01/2026 - 21:40:05: [SPAWN] id=25 name="(2)Unikov" time=106.097 map=fy_snow players=30
L 10/01/2026 - 21:40:05: [SPAWN] id=28 name="Security" time=106.104 map=fy_snow players=30
L 10/01/2026 - 21:40:05: [SPAWN] id=28 name="Security" time=106.114 map=fy_snow players=30
L 10/01/2026 - 21:40:05: [SPAWN] id=25 name="(2)Unikov" time=106.125 map=fy_snow players=30
L 10/01/2026 - 21:40:05: [SPAWN] id=28 name="Security" time=106.123 map=fy_snow players=30
L 10/01/2026 - 21:40:05: [SPAWN] id=28 name="Security" time=106.133 map=fy_snow players=30
L 10/01/2026 - 21:40:05: [SPAWN] id=25 name="(2)Unikov" time=106.149 map=fy_snow players=30
L 10/01/2026 - 21:40:05: [SPAWN] id=28 name="Security" time=106.143 map=fy_snow players=30
L 10/01/2026 - 21:40:05: [SPAWN] id=28 name="Security" time=106.153 map=fy_snow players=30
L 10/01/2026 - 21:40:05: [SPAWN] id=28 name="Security" time=106.164 map=fy_snow players=30
L 10/01/2026 - 21:40:05: [SPAWN] id=28 name="Security" time=106.173 map=fy_snow players=30
L 10/01/2026 - 21:40:05: [SPAWN] id=25 name="(2)Unikov" time=106.174 map=fy_snow players=30
L 10/01/2026 - 21:40:05: [SPAWN] id=28 name="Security" time=106.184 map=fy_snow players=30
L 10/01/2026 - 21:40:05: [SPAWN] id=28 name="Security" time=106.194 map=fy_snow players=30
L 10/01/2026 - 21:40:05: [SPAWN] id=25 name="(2)Unikov" time=106.202 map=fy_snow players=30
L 10/01/2026 - 21:40:05: [SPAWN] id=28 name="Security" time=106.203 map=fy_snow players=30
L 10/01/2026 - 21:40:05: [SPAWN] id=28 name="Security" time=106.213 map=fy_snow players=30
L 10/01/2026 - 21:40:05: [SPAWN] id=25 name="(2)Unikov" time=106.230 map=fy_snow players=30
L 10/01/2026 - 21:40:05: [SPAWN] id=28 name="Security" time=106.224 map=fy_snow players=30
L 10/01/2026 - 21:40:05: [SPAWN] id=28 name="Security" time=106.234 map=fy_snow players=30
L 10/01/2026 - 21:40:05: [SPAWN] id=28 name="Security" time=106.243 map=fy_snow players=30
L 10/01/2026 - 21:40:05: [SPAWN] id=28 name="Security" time=106.253 map=fy_snow players=30
L 10/01/2026 - 21:40:05: [SPAWN] id=25 name="(2)Unikov" time=106.257 map=fy_snow players=30
L 10/01/2026 - 21:40:05: [SPAWN] id=28 name="Security" time=106.263 map=fy_snow players=30
L 10/01/2026 - 21:40:05: [SPAWN] id=28 name="Security" time=106.273 map=fy_snow players=30
L 10/01/2026 - 21:40:05: [SPAWN] id=25 name="(2)Unikov" time=106.281 map=fy_snow players=30
L 10/01/2026 - 21:40:05: [SPAWN] id=28 name="Security" time=106.283 map=fy_snow players=30
L 10/01/2026 - 21:40:05: [SPAWN] id=28 name="Security" time=106.293 map=fy_snow players=30
L 10/01/2026 - 21:40:05: [SPAWN] id=25 name="(2)Unikov" time=106.306 map=fy_snow players=30
L 10/01/2026 - 21:40:05: [SPAWN] id=28 name="Security" time=106.303 map=fy_snow players=30
L 10/01/2026 - 21:40:05: [SPAWN] id=28 name="Security" time=106.313 map=fy_snow players=30
L 10/01/2026 - 21:40:05: [SPAWN] id=25 name="(2)Unikov" time=106.329 map=fy_snow players=30
L 10/01/2026 - 21:40:05: [SPAWN] id=28 name="Security" time=106.323 map=fy_snow players=30
L 10/01/2026 - 21:40:05: [SPAWN] id=28 name="Security" time=106.333 map=fy_snow players=30
L 10/01/2026 - 21:40:05: [SPAWN] id=28 name="Security" time=106.344 map=fy_snow players=30
L 10/01/2026 - 21:40:05: [SPAWN] id=28 name="Security" time=106.354 map=fy_snow players=30
L 10/01/2026 - 21:40:05: [SPAWN] id=25 name="(2)Unikov" time=106.357 map=fy_snow players=30
L 10/01/2026 - 21:40:05: [SPAWN] id=28 name="Security" time=106.364 map=fy_snow players=30
L 10/01/2026 - 21:40:05: [SPAWN] id=28 name="Security" time=106.373 map=fy_snow players=30
L 10/01/2026 - 21:40:05: [SPAWN] id=25 name="(2)Unikov" time=106.386 map=fy_snow players=30
L 10/01/2026 - 21:40:05: [SPAWN] id=28 name="Security" time=106.382 map=fy_snow players=30
L 10/01/2026 - 21:40:05: [SPAWN] id=28 name="Security" time=106.392 map=fy_snow players=30
L 10/01/2026 - 21:40:05: [SPAWN] id=28 name="Security" time=106.402 map=fy_snow players=30
L 10/01/2026 - 21:40:05: [SPAWN] id=28 name="Security" time=106.412 map=fy_snow players=30
L 10/01/2026 - 21:40:05: [SPAWN] id=25 name="(2)Unikov" time=106.412 map=fy_snow players=30
L 10/01/2026 - 21:40:05: [SPAWN] id=28 name="Security" time=106.422 map=fy_snow players=30
L 10/01/2026 - 21:40:05: [SPAWN] id=28 name="Security" time=106.432 map=fy_snow players=30
L 10/01/2026 - 21:40:05: [SPAWN] id=25 name="(2)Unikov" time=106.438 map=fy_snow players=30
L 10/01/2026 - 21:40:05: [SPAWN] id=28 name="Security" time=106.443 map=fy_snow players=30
L 10/01/2026 - 21:40:05: [SPAWN] id=28 name="Security" time=106.453 map=fy_snow players=30
L 10/01/2026 - 21:40:05: [SPAWN] id=25 name="(2)Unikov" time=106.462 map=fy_snow players=30
L 10/01/2026 - 21:40:05: [SPAWN] id=28 name="Security" time=106.462 map=fy_snow players=30
L 10/01/2026 - 21:40:05: [SPAWN] id=28 name="Security" time=106.472 map=fy_snow players=30
L 10/01/2026 - 21:40:05: [SPAWN] id=25 name="(2)Unikov" time=106.489 map=fy_snow players=30
L 10/01/2026 - 21:40:05: [SPAWN] id=28 name="Security" time=106.482 map=fy_snow players=30
L 10/01/2026 - 21:40:05: [SPAWN] id=28 name="Security" time=106.492 map=fy_snow players=30
L 10/01/2026 - 21:40:05: [SPAWN] id=28 name="Security" time=106.502 map=fy_snow players=30
L 10/01/2026 - 21:40:05: [SPAWN] id=28 name="Security" time=106.512 map=fy_snow players=30
L 10/01/2026 - 21:40:05: [SPAWN] id=25 name="(2)Unikov" time=106.519 map=fy_snow players=30
L 10/01/2026 - 21:40:05: [SPAWN] id=28 name="Security" time=106.522 map=fy_snow players=30
L 10/01/2026 - 21:40:05: [SPAWN] id=28 name="Security" time=106.532 map=fy_snow players=30
L 10/01/2026 - 21:40:05: [SPAWN] id=25 name="(2)Unikov" time=106.550 map=fy_snow players=30
L 10/01/2026 - 21:40:05: [SPAWN] id=28 name="Security" time=106.541 map=fy_snow players=30
L 10/01/2026 - 21:40:05: [SPAWN] id=28 name="Security" time=106.551 map=fy_snow players=30
L 10/01/2026 - 21:40:05: [SPAWN] id=28 name="Security" time=106.562 map=fy_snow players=30
L 10/01/2026 - 21:40:05: [SPAWN] id=28 name="Security" time=106.572 map=fy_snow players=30
L 10/01/2026 - 21:40:05: [SPAWN] id=25 name="(2)Unikov" time=106.578 map=fy_snow players=30
L 10/01/2026 - 21:40:05: [SPAWN] id=28 name="Security" time=106.581 map=fy_snow players=30
L 10/01/2026 - 21:40:05: [SPAWN] id=28 name="Security" time=106.591 map=fy_snow players=30
L 10/01/2026 - 21:40:05: [SPAWN] id=25 name="(2)Unikov" time=106.604 map=fy_snow players=30
L 10/01/2026 - 21:40:05: [SPAWN] id=28 name="Security" time=106.600 map=fy_snow players=30
L 10/01/2026 - 21:40:05: [SPAWN] id=28 name="Security" time=106.611 map=fy_snow players=30
L 10/01/2026 - 21:40:05: [SPAWN] id=25 name="(2)Unikov" time=106.628 map=fy_snow players=30
L 10/01/2026 - 21:40:05: [SPAWN] id=28 name="Security" time=106.622 map=fy_snow players=30
L 10/01/2026 - 21:40:05: [SPAWN] id=28 name="Security" time=106.632 map=fy_snow players=30
L 10/01/2026 - 21:40:05: [SPAWN] id=28 name="Security" time=106.642 map=fy_snow players=30
L 10/01/2026 - 21:40:05: [SPAWN] id=28 name="Security" time=106.652 map=fy_snow players=30
L 10/01/2026 - 21:40:05: [SPAWN] id=25 name="(2)Unikov" time=106.656 map=fy_snow players=30
L 10/01/2026 - 21:40:05: [SPAWN] id=28 name="Security" time=106.661 map=fy_snow players=30
L 10/01/2026 - 21:40:05: [SPAWN] id=28 name="Security" time=106.671 map=fy_snow players=30
L 10/01/2026 - 21:40:05: [SPAWN] id=25 name="(2)Unikov" time=106.684 map=fy_snow players=30
L 10/01/2026 - 21:40:05: [SPAWN] id=28 name="Security" time=106.682 map=fy_snow players=30
L 10/01/2026 - 21:40:05: [SPAWN] id=28 name="Security" time=106.692 map=fy_snow players=30
L 10/01/2026 - 21:40:05: [SPAWN] id=28 name="Security" time=106.701 map=fy_snow players=30
L 10/01/2026 - 21:40:05: [SPAWN] id=28 name="Security" time=106.711 map=fy_snow players=30
L 10/01/2026 - 21:40:05: [SPAWN] id=25 name="(2)Unikov" time=106.712 map=fy_snow players=30
L 10/01/2026 - 21:40:05: [SPAWN] id=28 name="Security" time=106.721 map=fy_snow players=30
L 10/01/2026 - 21:40:05: [SPAWN] id=28 name="Security" time=106.731 map=fy_snow players=30
L 10/01/2026 - 21:40:05: [SPAWN] id=25 name="(2)Unikov" time=106.737 map=fy_snow players=30
L 10/01/2026 - 21:40:05: [SPAWN] id=28 name="Security" time=106.741 map=fy_snow players=30
L 10/01/2026 - 21:40:05: [SPAWN] id=28 name="Security" time=106.751 map=fy_snow players=30
L 10/01/2026 - 21:40:05: [SPAWN] id=28 name="Security" time=106.761 map=fy_snow players=30
L 10/01/2026 - 21:40:05: [SPAWN] id=28 name="Security" time=106.771 map=fy_snow players=30
L 10/01/2026 - 21:40:05: [SPAWN] id=25 name="(2)Unikov" time=106.771 map=fy_snow players=30
L 10/01/2026 - 21:40:05: [SPAWN] id=28 name="Security" time=106.780 map=fy_snow players=30
L 10/01/2026 - 21:40:05: [SPAWN] id=28 name="Security" time=106.790 map=fy_snow players=30
L 10/01/2026 - 21:40:05: [SPAWN] id=25 name="(2)Unikov" time=106.797 map=fy_snow players=30
L 10/01/2026 - 21:40:05: [SPAWN] id=28 name="Security" time=106.801 map=fy_snow players=30
L 10/01/2026 - 21:40:05: [SPAWN] id=28 name="Security" time=106.811 map=fy_snow players=30
L 10/01/2026 - 21:40:05: [SPAWN] id=25 name="(2)Unikov" time=106.820 map=fy_snow players=30
L 10/01/2026 - 21:40:05: [SPAWN] id=28 name="Security" time=106.821 map=fy_snow players=30
L 10/01/2026 - 21:40:05: [SPAWN] id=28 name="Security" time=106.831 map=fy_snow players=30
L 10/01/2026 - 21:40:05: [SPAWN] id=25 name="(2)Unikov" time=106.841 map=fy_snow players=30
L 10/01/2026 - 21:40:05: [SPAWN] id=28 name="Security" time=106.841 map=fy_snow players=30
L 10/01/2026 - 21:40:05: [SPAWN] id=28 name="Security" time=106.851 map=fy_snow players=30
L 10/01/2026 - 21:40:05: [SPAWN] id=25 name="(2)Unikov" time=106.863 map=fy_snow players=30
L 10/01/2026 - 21:40:05: [SPAWN] id=28 name="Security" time=106.860 map=fy_snow players=30
L 10/01/2026 - 21:40:05: [SPAWN] id=28 name="Security" time=106.870 map=fy_snow players=30
L 10/01/2026 - 21:40:05: [SPAWN] id=28 name="Security" time=106.880 map=fy_snow players=30
L 10/01/2026 - 21:40:05: [SPAWN] id=28 name="Security" time=106.890 map=fy_snow players=30
L 10/01/2026 - 21:40:05: [SPAWN] id=25 name="(2)Unikov" time=106.905 map=fy_snow players=30
L 10/01/2026 - 21:40:05: [SPAWN] id=28 name="Security" time=106.899 map=fy_snow players=30
L 10/01/2026 - 21:40:05: [SPAWN] id=28 name="Security" time=106.909 map=fy_snow players=30
L 10/01/2026 - 21:40:05: [SPAWN] id=28 name="Security" time=106.920 map=fy_snow players=30
L 10/01/2026 - 21:40:05: [SPAWN] id=28 name="Security" time=106.930 map=fy_snow players=30
L 10/01/2026 - 21:40:05: [SPAWN] id=25 name="(2)Unikov" time=106.930 map=fy_snow players=30
L 10/01/2026 - 21:40:05: [SPAWN] id=28 name="Security" time=106.940 map=fy_snow players=30
L 10/01/2026 - 21:40:05: [SPAWN] id=28 name="Security" time=106.950 map=fy_snow players=30
L 10/01/2026 - 21:40:05: [SPAWN] id=25 name="(2)Unikov" time=106.954 map=fy_snow players=30
L 10/01/2026 - 21:40:05: [SPAWN] id=28 name="Security" time=106.961 map=fy_snow players=30
L 10/01/2026 - 21:40:05: [SPAWN] id=28 name="Security" time=106.971 map=fy_snow players=30
L 10/01/2026 - 21:40:05: [SPAWN] id=25 name="(2)Unikov" time=106.979 map=fy_snow players=30
L 10/01/2026 - 21:40:05: [SPAWN] id=28 name="Security" time=106.980 map=fy_snow players=30
L 10/01/2026 - 21:40:05: [SPAWN] id=28 name="Security" time=106.990 map=fy_snow players=30
L 10/01/2026 - 21:40:05: [SPAWN] id=25 name="(2)Unikov" time=107.007 map=fy_snow players=30
L 10/01/2026 - 21:40:05: [SPAWN] id=28 name="Security" time=107.000 map=fy_snow players=30
L 10/01/2026 - 21:40:05: [SPAWN] id=28 name="Security" time=107.010 map=fy_snow players=30
L 10/01/2026 - 21:40:05: [SPAWN] id=28 name="Security" time=107.019 map=fy_snow players=30
L 10/01/2026 - 21:40:05: [SPAWN] id=28 name="Security" time=107.029 map=fy_snow players=30
L 10/01/2026 - 21:40:05: [SPAWN] id=25 name="(2)Unikov" time=107.038 map=fy_snow players=30
L 10/01/2026 - 21:40:05: [SPAWN] id=28 name="Security" time=107.039 map=fy_snow players=30
L 10/01/2026 - 21:40:05: [SPAWN] id=28 name="Security" time=107.049 map=fy_snow players=30
L 10/01/2026 - 21:40:05: [SPAWN] id=25 name="(2)Unikov" time=107.061 map=fy_snow players=30
L 10/01/2026 - 21:40:06: [SPAWN] id=28 name="Security" time=107.060 map=fy_snow players=30
L 10/01/2026 - 21:40:06: [SPAWN] id=28 name="Security" time=107.070 map=fy_snow players=30
L 10/01/2026 - 21:40:06: [SPAWN] id=28 name="Security" time=107.079 map=fy_snow players=30
L 10/01/2026 - 21:40:06: [SPAWN] id=28 name="Security" time=107.089 map=fy_snow players=30
L 10/01/2026 - 21:40:06: [SPAWN] id=25 name="(2)Unikov" time=107.092 map=fy_snow players=30
L 10/01/2026 - 21:40:06: [SPAWN] id=28 name="Security" time=107.099 map=fy_snow players=30
L 10/01/2026 - 21:40:06: [SPAWN] id=28 name="Security" time=107.109 map=fy_snow players=30
L 10/01/2026 - 21:40:06: [SPAWN] id=25 name="(2)Unikov" time=107.117 map=fy_snow players=30
L 10/01/2026 - 21:40:06: [SPAWN] id=28 name="Security" time=107.119 map=fy_snow players=30
L 10/01/2026 - 21:40:06: [SPAWN] id=28 name="Security" time=107.129 map=fy_snow players=30
L 10/01/2026 - 21:40:06: [SPAWN] id=25 name="(2)Unikov" time=107.144 map=fy_snow players=30
L 10/01/2026 - 21:40:06: [SPAWN] id=28 name="Security" time=107.138 map=fy_snow players=30
L 10/01/2026 - 21:40:06: [SPAWN] id=28 name="Security" time=107.148 map=fy_snow players=30
L 10/01/2026 - 21:40:06: [SPAWN] id=28 name="Security" time=107.158 map=fy_snow players=30
L 10/01/2026 - 21:40:06: [SPAWN] id=28 name="Security" time=107.168 map=fy_snow players=30
L 10/01/2026 - 21:40:06: [SPAWN] id=25 name="(2)Unikov" time=107.169 map=fy_snow players=30
L 10/01/2026 - 21:40:06: [SPAWN] id=28 name="Security" time=107.179 map=fy_snow players=30
L 10/01/2026 - 21:40:06: [SPAWN] id=28 name="Security" time=107.188 map=fy_snow players=30
L 10/01/2026 - 21:40:06: [SPAWN] id=25 name="(2)Unikov" time=107.195 map=fy_snow players=30
L 10/01/2026 - 21:40:06: [SPAWN] id=28 name="Security" time=107.199 map=fy_snow players=30
L 10/01/2026 - 21:40:06: [SPAWN] id=28 name="Security" time=107.209 map=fy_snow players=30
L 10/01/2026 - 21:40:06: [SPAWN] id=25 name="(2)Unikov" time=107.218 map=fy_snow players=30
L 10/01/2026 - 21:40:06: [SPAWN] id=28 name="Security" time=107.219 map=fy_snow players=30
L 10/01/2026 - 21:40:06: [SPAWN] id=28 name="Security" time=107.229 map=fy_snow players=30
L 10/01/2026 - 21:40:06: [SPAWN] id=25 name="(2)Unikov" time=107.244 map=fy_snow players=30
L 10/01/2026 - 21:40:06: [SPAWN] id=28 name="Security" time=107.239 map=fy_snow players=30
L 10/01/2026 - 21:40:06: [SPAWN] id=28 name="Security" time=107.249 map=fy_snow players=30
L 10/01/2026 - 21:40:06: [SPAWN] id=25 name="(2)Unikov" time=107.267 map=fy_snow players=30
L 10/01/2026 - 21:40:06: [SPAWN] id=28 name="Security" time=107.258 map=fy_snow players=30
L 10/01/2026 - 21:40:06: [SPAWN] id=28 name="Security" time=107.268 map=fy_snow players=30
L 10/01/2026 - 21:40:06: [SPAWN] id=28 name="Security" time=107.278 map=fy_snow players=30
L 10/01/2026 - 21:40:06: [SPAWN] id=28 name="Security" time=107.288 map=fy_snow players=30
L 10/01/2026 - 21:40:06: [SPAWN] id=25 name="(2)Unikov" time=107.302 map=fy_snow players=30
L 10/01/2026 - 21:40:06: [SPAWN] id=28 name="Security" time=107.298 map=fy_snow players=30
L 10/01/2026 - 21:40:06: [SPAWN] id=28 name="Security" time=107.308 map=fy_snow players=30
L 10/01/2026 - 21:40:06: [SPAWN] id=28 name="Security" time=107.317 map=fy_snow players=30
L 10/01/2026 - 21:40:06: [SPAWN] id=28 name="Security" time=107.327 map=fy_snow players=30
L 10/01/2026 - 21:40:06: [SPAWN] id=25 name="(2)Unikov" time=107.330 map=fy_snow players=30
L 10/01/2026 - 21:40:06: [SPAWN] id=28 name="Security" time=107.338 map=fy_snow players=30
L 10/01/2026 - 21:40:06: [SPAWN] id=28 name="Security" time=107.348 map=fy_snow players=30
L 10/01/2026 - 21:40:06: [SPAWN] id=25 name="(2)Unikov" time=107.348 map=fy_snow players=30
L 10/01/2026 - 21:40:06: [SPAWN] id=28 name="Security" time=107.357 map=fy_snow players=30
L 10/01/2026 - 21:40:06: [SPAWN] id=28 name="Security" time=107.367 map=fy_snow players=30
L 10/01/2026 - 21:40:06: [SPAWN] id=25 name="(2)Unikov" time=107.378 map=fy_snow players=30
L 10/01/2026 - 21:40:06: [SPAWN] id=28 name="Security" time=107.378 map=fy_snow players=30
L 10/01/2026 - 21:40:06: [SPAWN] id=28 name="Security" time=107.387 map=fy_snow players=30
L 10/01/2026 - 21:40:06: [SPAWN] id=25 name="(2)Unikov" time=107.405 map=fy_snow players=30
L 10/01/2026 - 21:40:06: [SPAWN] id=28 name="Security" time=107.398 map=fy_snow players=30
L 10/01/2026 - 21:40:06: [SPAWN] id=28 name="Security" time=107.408 map=fy_snow players=30
L 10/01/2026 - 21:40:06: [SPAWN] id=28 name="Security" time=107.418 map=fy_snow players=30
L 10/01/2026 - 21:40:06: [SPAWN] id=28 name="Security" time=107.428 map=fy_snow players=30
L 10/01/2026 - 21:40:06: [SPAWN] id=25 name="(2)Unikov" time=107.429 map=fy_snow players=30
L 10/01/2026 - 21:40:06: [SPAWN] id=28 name="Security" time=107.438 map=fy_snow players=30
L 10/01/2026 - 21:40:06: [SPAWN] id=28 name="Security" time=107.448 map=fy_snow players=30
L 10/01/2026 - 21:40:06: [SPAWN] id=25 name="(2)Unikov" time=107.457 map=fy_snow players=30
L 10/01/2026 - 21:40:06: [SPAWN] id=28 name="Security" time=107.456 map=fy_snow players=30
L 10/01/2026 - 21:40:06: [SPAWN] id=28 name="Security" time=107.466 map=fy_snow players=30
L 10/01/2026 - 21:40:06: [SPAWN] id=25 name="(2)Unikov" time=107.481 map=fy_snow players=30
L 10/01/2026 - 21:40:06: [SPAWN] id=28 name="Security" time=107.477 map=fy_snow players=30
L 10/01/2026 - 21:40:06: [SPAWN] id=28 name="Security" time=107.487 map=fy_snow players=30
L 10/01/2026 - 21:40:06: [SPAWN] id=28 name="Security" time=107.496 map=fy_snow players=30
L 10/01/2026 - 21:40:06: [SPAWN] id=28 name="Security" time=107.506 map=fy_snow players=30
L 10/01/2026 - 21:40:06: [SPAWN] id=25 name="(2)Unikov" time=107.508 map=fy_snow players=30
L 10/01/2026 - 21:40:06: [SPAWN] id=28 name="Security" time=107.517 map=fy_snow players=30
L 10/01/2026 - 21:40:06: [SPAWN] id=28 name="Security" time=107.527 map=fy_snow players=30
L 10/01/2026 - 21:40:06: [SPAWN] id=25 name="(2)Unikov" time=107.538 map=fy_snow players=30
L 10/01/2026 - 21:40:06: [SPAWN] id=28 name="Security" time=107.538 map=fy_snow players=30
L 10/01/2026 - 21:40:06: [SPAWN] id=28 name="Security" time=107.548 map=fy_snow players=30
L 10/01/2026 - 21:40:06: [SPAWN] id=25 name="(2)Unikov" time=107.565 map=fy_snow players=30
L 10/01/2026 - 21:40:06: [SPAWN] id=28 name="Security" time=107.556 map=fy_snow players=30
L 10/01/2026 - 21:40:06: [SPAWN] id=28 name="Security" time=107.566 map=fy_snow players=30
L 10/01/2026 - 21:40:06: [SPAWN] id=28 name="Security" time=107.577 map=fy_snow players=30
L 10/01/2026 - 21:40:06: [SPAWN] id=28 name="Security" time=107.587 map=fy_snow players=30
L 10/01/2026 - 21:40:06: [SPAWN] id=25 name="(2)Unikov" time=107.593 map=fy_snow players=30
L 10/01/2026 - 21:40:06: [SPAWN] id=28 name="Security" time=107.597 map=fy_snow players=30
L 10/01/2026 - 21:40:06: [SPAWN] id=28 name="Security" time=107.607 map=fy_snow players=30
L 10/01/2026 - 21:40:06: [SPAWN] id=25 name="(2)Unikov" time=107.617 map=fy_snow players=30
L 10/01/2026 - 21:40:06: [SPAWN] id=28 name="Security" time=107.616 map=fy_snow players=30
L 10/01/2026 - 21:40:06: [SPAWN] id=28 name="Security" time=107.626 map=fy_snow players=30
L 10/01/2026 - 21:40:06: [SPAWN] id=25 name="(2)Unikov" time=107.641 map=fy_snow players=30
L 10/01/2026 - 21:40:06: [SPAWN] id=28 name="Security" time=107.636 map=fy_snow players=30
L 10/01/2026 - 21:40:06: [SPAWN] id=28 name="Security" time=107.646 map=fy_snow players=30
L 10/01/2026 - 21:40:06: [SPAWN] id=25 name="(2)Unikov" time=107.663 map=fy_snow players=30
L 10/01/2026 - 21:40:06: [SPAWN] id=28 name="Security" time=107.656 map=fy_snow players=30
L 10/01/2026 - 21:40:06: [SPAWN] id=28 name="Security" time=107.666 map=fy_snow players=30
L 10/01/2026 - 21:40:06: [SPAWN] id=28 name="Security" time=107.676 map=fy_snow players=30
L 10/01/2026 - 21:40:06: [SPAWN] id=28 name="Security" time=107.686 map=fy_snow players=30
L 10/01/2026 - 21:40:06: [SPAWN] id=25 name="(2)Unikov" time=107.692 map=fy_snow players=30
L 10/01/2026 - 21:40:06: [SPAWN] id=28 name="Security" time=107.696 map=fy_snow players=30
L 10/01/2026 - 21:40:06: [SPAWN] id=28 name="Security" time=107.706 map=fy_snow players=30
L 10/01/2026 - 21:40:06: [SPAWN] id=25 name="(2)Unikov" time=107.714 map=fy_snow players=30
L 10/01/2026 - 21:40:06: [SPAWN] id=28 name="Security" time=107.716 map=fy_snow players=30
L 10/01/2026 - 21:40:06: [SPAWN] id=28 name="Security" time=107.726 map=fy_snow players=30
L 10/01/2026 - 21:40:06: [SPAWN] id=25 name="(2)Unikov" time=107.742 map=fy_snow players=30
L 10/01/2026 - 21:40:06: [SPAWN] id=28 name="Security" time=107.736 map=fy_snow players=30
L 10/01/2026 - 21:40:06: [SPAWN] id=28 name="Security" time=107.746 map=fy_snow players=30
L 10/01/2026 - 21:40:06: [SPAWN] id=25 name="(2)Unikov" time=107.766 map=fy_snow players=30
L 10/01/2026 - 21:40:06: [SPAWN] id=28 name="Security" time=107.756 map=fy_snow players=30
L 10/01/2026 - 21:40:06: [SPAWN] id=28 name="Security" time=107.766 map=fy_snow players=30
L 10/01/2026 - 21:40:06: [SPAWN] id=28 name="Security" time=107.776 map=fy_snow players=30
L 10/01/2026 - 21:40:06: [SPAWN] id=28 name="Security" time=107.786 map=fy_snow players=30
L 10/01/2026 - 21:40:06: [SPAWN] id=25 name="(2)Unikov" time=107.792 map=fy_snow players=30
L 10/01/2026 - 21:40:06: [SPAWN] id=28 name="Security" time=107.796 map=fy_snow players=30
L 10/01/2026 - 21:40:06: [SPAWN] id=28 name="Security" time=107.806 map=fy_snow players=30
L 10/01/2026 - 21:40:06: [SPAWN] id=25 name="(2)Unikov" time=107.816 map=fy_snow players=30
L 10/01/2026 - 21:40:06: [SPAWN] id=28 name="Security" time=107.816 map=fy_snow players=30
L 10/01/2026 - 21:40:06: [SPAWN] id=28 name="Security" time=107.826 map=fy_snow players=30
L 10/01/2026 - 21:40:06: [SPAWN] id=25 name="(2)Unikov" time=107.841 map=fy_snow players=30
L 10/01/2026 - 21:40:06: [SPAWN] id=28 name="Security" time=107.835 map=fy_snow players=30
L 10/01/2026 - 21:40:06: [SPAWN] id=28 name="Security" time=107.845 map=fy_snow players=30
L 10/01/2026 - 21:40:06: [SPAWN] id=25 name="(2)Unikov" time=107.862 map=fy_snow players=30
L 10/01/2026 - 21:40:06: [SPAWN] id=28 name="Security" time=107.855 map=fy_snow players=30
L 10/01/2026 - 21:40:06: [SPAWN] id=28 name="Security" time=107.865 map=fy_snow players=30
L 10/01/2026 - 21:40:06: [SPAWN] id=28 name="Security" time=107.875 map=fy_snow players=30
L 10/01/2026 - 21:40:06: [SPAWN] id=28 name="Security" time=107.885 map=fy_snow players=30
L 10/01/2026 - 21:40:06: [SPAWN] id=25 name="(2)Unikov" time=107.888 map=fy_snow players=30
L 10/01/2026 - 21:40:06: [SPAWN] id=28 name="Security" time=107.895 map=fy_snow players=30
L 10/01/2026 - 21:40:06: [SPAWN] id=28 name="Security" time=107.905 map=fy_snow players=30
L 10/01/2026 - 21:40:06: [SPAWN] id=28 name="Security" time=107.914 map=fy_snow players=30
L 10/01/2026 - 21:40:06: [SPAWN] id=28 name="Security" time=107.924 map=fy_snow players=30
L 10/01/2026 - 21:40:06: [SPAWN] id=25 name="(2)Unikov" time=107.928 map=fy_snow players=30
L 10/01/2026 - 21:40:06: [SPAWN] id=28 name="Security" time=107.935 map=fy_snow players=30
L 10/01/2026 - 21:40:06: [SPAWN] id=28 name="Security" time=107.945 map=fy_snow players=30
L 10/01/2026 - 21:40:06: [SPAWN] id=25 name="(2)Unikov" time=107.947 map=fy_snow players=30
L 10/01/2026 - 21:40:06: [SPAWN] id=28 name="Security" time=107.955 map=fy_snow players=30
L 10/01/2026 - 21:40:06: [SPAWN] id=28 name="Security" time=107.965 map=fy_snow players=30
L 10/01/2026 - 21:40:06: [SPAWN] id=25 name="(2)Unikov" time=107.970 map=fy_snow players=30
L 10/01/2026 - 21:40:06: [SPAWN] id=28 name="Security" time=107.974 map=fy_snow players=30
L 10/01/2026 - 21:40:06: [SPAWN] id=28 name="Security" time=107.984 map=fy_snow players=30
L 10/01/2026 - 21:40:06: [SPAWN] id=25 name="(2)Unikov" time=107.997 map=fy_snow players=30
L 10/01/2026 - 21:40:06: [SPAWN] id=28 name="Security" time=107.995 map=fy_snow players=30
L 10/01/2026 - 21:40:06: [SPAWN] id=28 name="Security" time=108.004 map=fy_snow players=30
L 10/01/2026 - 21:40:06: [SPAWN] id=25 name="(2)Unikov" time=108.021 map=fy_snow players=30
L 10/01/2026 - 21:40:06: [SPAWN] id=28 name="Security" time=108.014 map=fy_snow players=30
L 10/01/2026 - 21:40:06: [SPAWN] id=28 name="Security" time=108.024 map=fy_snow players=30
L 10/01/2026 - 21:40:06: [SPAWN] id=25 name="(2)Unikov" time=108.042 map=fy_snow players=30
L 10/01/2026 - 21:40:06: [SPAWN] id=28 name="Security" time=108.034 map=fy_snow players=30
L 10/01/2026 - 21:40:06: [SPAWN] id=28 name="Security" time=108.044 map=fy_snow players=30
L 10/01/2026 - 21:40:06: [SPAWN] id=28 name="Security" time=108.055 map=fy_snow players=30
L 10/01/2026 - 21:40:06: [SPAWN] id=28 name="Security" time=108.065 map=fy_snow players=30
L 10/01/2026 - 21:40:07: [SPAWN] id=25 name="(2)Unikov" time=108.071 map=fy_snow players=30
L 10/01/2026 - 21:40:07: [SPAWN] id=28 name="Security" time=108.073 map=fy_snow players=30
L 10/01/2026 - 21:40:07: [SPAWN] id=28 name="Security" time=108.083 map=fy_snow players=30
L 10/01/2026 - 21:40:07: [SPAWN] id=25 name="(2)Unikov" time=108.102 map=fy_snow players=30
L 10/01/2026 - 21:40:07: [SPAWN] id=28 name="Security" time=108.094 map=fy_snow players=30
L 10/01/2026 - 21:40:07: [SPAWN] id=28 name="Security" time=108.104 map=fy_snow players=30
L 10/01/2026 - 21:40:07: [SPAWN] id=28 name="Security" time=108.114 map=fy_snow players=30
L 10/01/2026 - 21:40:07: [SPAWN] id=28 name="Security" time=108.124 map=fy_snow players=30
L 10/01/2026 - 21:40:07: [SPAWN] id=28 name="Security" time=108.134 map=fy_snow players=30
L 10/01/2026 - 21:40:07: [SPAWN] id=28 name="Security" time=108.144 map=fy_snow players=30
L 10/01/2026 - 21:40:07: [SPAWN] id=25 name="(2)Unikov" time=108.146 map=fy_snow players=30
L 10/01/2026 - 21:40:07: [SPAWN] id=28 name="Security" time=108.153 map=fy_snow players=30
L 10/01/2026 - 21:40:07: [SPAWN] id=28 name="Security" time=108.163 map=fy_snow players=30
L 10/01/2026 - 21:40:07: [SPAWN] id=25 name="(2)Unikov" time=108.167 map=fy_snow players=30
L 10/01/2026 - 21:40:07: [SPAWN] id=28 name="Security" time=108.174 map=fy_snow players=30
L 10/01/2026 - 21:40:07: [SPAWN] id=28 name="Security" time=108.184 map=fy_snow players=30
L 10/01/2026 - 21:40:07: [SPAWN] id=25 name="(2)Unikov" time=108.193 map=fy_snow players=30
L 10/01/2026 - 21:40:07: [SPAWN] id=28 name="Security" time=108.195 map=fy_snow players=30
L 10/01/2026 - 21:40:07: [SPAWN] id=28 name="Security" time=108.204 map=fy_snow players=30
L 10/01/2026 - 21:40:07: [SPAWN] id=25 name="(2)Unikov" time=108.217 map=fy_snow players=30
L 10/01/2026 - 21:40:07: [SPAWN] id=28 name="Security" time=108.213 map=fy_snow players=30
L 10/01/2026 - 21:40:07: [SPAWN] id=28 name="Security" time=108.223 map=fy_snow players=30
L 10/01/2026 - 21:40:07: [SPAWN] id=25 name="(2)Unikov" time=108.242 map=fy_snow players=30
L 10/01/2026 - 21:40:07: [SPAWN] id=28 name="Security" time=108.233 map=fy_snow players=30
L 10/01/2026 - 21:40:07: [SPAWN] id=28 name="Security" time=108.243 map=fy_snow players=30
L 10/01/2026 - 21:40:07: [SPAWN] id=28 name="Security" time=108.252 map=fy_snow players=30
L 10/01/2026 - 21:40:07: [SPAWN] id=28 name="Security" time=108.262 map=fy_snow players=30
L 10/01/2026 - 21:40:07: [SPAWN] id=25 name="(2)Unikov" time=108.266 map=fy_snow players=30
L 10/01/2026 - 21:40:07: [SPAWN] id=28 name="Security" time=108.273 map=fy_snow players=30
L 10/01/2026 - 21:40:07: [SPAWN] id=28 name="Security" time=108.283 map=fy_snow players=30
L 10/01/2026 - 21:40:07: [SPAWN] id=25 name="(2)Unikov" time=108.290 map=fy_snow players=30
L 10/01/2026 - 21:40:07: [SPAWN] id=28 name="Security" time=108.292 map=fy_snow players=30
L 10/01/2026 - 21:40:07: [SPAWN] id=28 name="Security" time=108.302 map=fy_snow players=30
L 10/01/2026 - 21:40:07: [SPAWN] id=25 name="(2)Unikov" time=108.318 map=fy_snow players=30
L 10/01/2026 - 21:40:07: [SPAWN] id=28 name="Security" time=108.312 map=fy_snow players=30
L 10/01/2026 - 21:40:07: [SPAWN] id=28 name="Security" time=108.322 map=fy_snow players=30
L 10/01/2026 - 21:40:07: [SPAWN] id=25 name="(2)Unikov" time=108.338 map=fy_snow players=30
L 10/01/2026 - 21:40:07: [SPAWN] id=28 name="Security" time=108.333 map=fy_snow players=30
L 10/01/2026 - 21:40:07: [SPAWN] id=28 name="Security" time=108.343 map=fy_snow players=30
L 10/01/2026 - 21:40:07: [SPAWN] id=25 name="(2)Unikov" time=108.362 map=fy_snow players=30
L 10/01/2026 - 21:40:07: [SPAWN] id=28 name="Security" time=108.353 map=fy_snow players=30
L 10/01/2026 - 21:40:07: [SPAWN] id=28 name="Security" time=108.363 map=fy_snow players=30
L 10/01/2026 - 21:40:07: [SPAWN] id=28 name="Security" time=108.372 map=fy_snow players=30
L 10/01/2026 - 21:40:07: [SPAWN] id=28 name="Security" time=108.382 map=fy_snow players=30
L 10/01/2026 - 21:40:07: [SPAWN] id=25 name="(2)Unikov" time=108.387 map=fy_snow players=30
L 10/01/2026 - 21:40:07: [SPAWN] id=28 name="Security" time=108.392 map=fy_snow players=30
L 10/01/2026 - 21:40:07: [SPAWN] id=28 name="Security" time=108.402 map=fy_snow players=30
L 10/01/2026 - 21:40:07: [SPAWN] id=25 name="(2)Unikov" time=108.421 map=fy_snow players=30
L 10/01/2026 - 21:40:07: [SPAWN] id=28 name="Security" time=108.414 map=fy_snow players=30
L 10/01/2026 - 21:40:07: [SPAWN] id=28 name="Security" time=108.424 map=fy_snow players=30
L 10/01/2026 - 21:40:07: [SPAWN] id=28 name="Security" time=108.432 map=fy_snow players=30
L 10/01/2026 - 21:40:07: [SPAWN] id=28 name="Security" time=108.442 map=fy_snow players=30
L 10/01/2026 - 21:40:07: [SPAWN] id=25 name="(2)Unikov" time=108.454 map=fy_snow players=30
L 10/01/2026 - 21:40:07: [SPAWN] id=28 name="Security" time=108.453 map=fy_snow players=30
L 10/01/2026 - 21:40:07: [SPAWN] id=28 name="Security" time=108.463 map=fy_snow players=30
L 10/01/2026 - 21:40:07: [SPAWN] id=25 name="(2)Unikov" time=108.475 map=fy_snow players=30
L 10/01/2026 - 21:40:07: [SPAWN] id=28 name="Security" time=108.472 map=fy_snow players=30
L 10/01/2026 - 21:40:07: [SPAWN] id=28 name="Security" time=108.482 map=fy_snow players=30
L 10/01/2026 - 21:40:07: [SPAWN] id=25 name="(2)Unikov" time=108.499 map=fy_snow players=30
L 10/01/2026 - 21:40:07: [SPAWN] id=28 name="Security" time=108.493 map=fy_snow players=30
L 10/01/2026 - 21:40:07: [SPAWN] id=28 name="Security" time=108.503 map=fy_snow players=30
L 10/01/2026 - 21:40:07: [SPAWN] id=25 name="(2)Unikov" time=108.521 map=fy_snow players=30
L 10/01/2026 - 21:40:07: [SPAWN] id=28 name="Security" time=108.512 map=fy_snow players=30
L 10/01/2026 - 21:40:07: [SPAWN] id=28 name="Security" time=108.522 map=fy_snow players=30
L 10/01/2026 - 21:40:07: [SPAWN] id=28 name="Security" time=108.531 map=fy_snow players=30
L 10/01/2026 - 21:40:07: [SPAWN] id=28 name="Security" time=108.541 map=fy_snow players=30
L 10/01/2026 - 21:40:07: [SPAWN] id=25 name="(2)Unikov" time=108.545 map=fy_snow players=30
L 10/01/2026 - 21:40:07: [SPAWN] id=28 name="Security" time=108.551 map=fy_snow players=30
L 10/01/2026 - 21:40:07: [SPAWN] id=28 name="Security" time=108.561 map=fy_snow players=30
L 10/01/2026 - 21:40:07: [SPAWN] id=25 name="(2)Unikov" time=108.567 map=fy_snow players=30
L 10/01/2026 - 21:40:07: [SPAWN] id=28 name="Security" time=108.571 map=fy_snow players=30
L 10/01/2026 - 21:40:07: [SPAWN] id=28 name="Security" time=108.581 map=fy_snow players=30
L 10/01/2026 - 21:40:07: [SPAWN] id=28 name="Security" time=108.592 map=fy_snow players=30
L 10/01/2026 - 21:40:07: [SPAWN] id=28 name="Security" time=108.602 map=fy_snow players=30
L 10/01/2026 - 21:40:07: [SPAWN] id=28 name="Security" time=108.611 map=fy_snow players=30
L 10/01/2026 - 21:40:07: [SPAWN] id=28 name="Security" time=108.621 map=fy_snow players=30
L 10/01/2026 - 21:40:07: [SPAWN] id=28 name="Security" time=108.631 map=fy_snow players=30
L 10/01/2026 - 21:40:07: [SPAWN] id=28 name="Security" time=108.641 map=fy_snow players=30
L 10/01/2026 - 21:40:07: [SPAWN] id=28 name="Security" time=108.865 map=fy_snow players=30
L 10/01/2026 - 21:40:07: [SPAWN] id=28 name="Security" time=108.875 map=fy_snow players=30
L 10/01/2026 - 21:40:07: [SPAWN] id=28 name="Security" time=108.865 map=fy_snow players=30
L 10/01/2026 - 21:40:07: [SPAWN] id=28 name="Security" time=108.875 map=fy_snow players=30
L 10/01/2026 - 21:40:07: [SPAWN] id=28 name="Security" time=108.865 map=fy_snow players=30
L 10/01/2026 - 21:40:07: [SPAWN] id=28 name="Security" time=108.875 map=fy_snow players=30
L 10/01/2026 - 21:40:07: [SPAWN] id=28 name="Security" time=108.865 map=fy_snow players=30
L 10/01/2026 - 21:40:07: [SPAWN] id=28 name="Security" time=108.875 map=fy_snow players=30
L 10/01/2026 - 21:40:07: [SPAWN] id=28 name="Security" time=108.865 map=fy_snow players=30
L 10/01/2026 - 21:40:07: [SPAWN] id=28 name="Security" time=108.875 map=fy_snow players=30
L 10/01/2026 - 21:40:07: [SPAWN] id=28 name="Security" time=108.865 map=fy_snow players=30
L 10/01/2026 - 21:40:07: [SPAWN] id=28 name="Security" time=108.875 map=fy_snow players=30
L 10/01/2026 - 21:40:07: [SPAWN] id=28 name="Security" time=108.865 map=fy_snow players=30
L 10/01/2026 - 21:40:07: [SPAWN] id=28 name="Security" time=108.875 map=fy_snow players=30
L 10/01/2026 - 21:40:07: [SPAWN] id=28 name="Security" time=108.865 map=fy_snow players=30
L 10/01/2026 - 21:40:07: [SPAWN] id=28 name="Security" time=108.875 map=fy_snow players=30
L 10/01/2026 - 21:40:07: [SPAWN] id=28 name="Security" time=108.865 map=fy_snow players=30
L 10/01/2026 - 21:40:07: [SPAWN] id=28 name="Security" time=108.875 map=fy_snow players=30
L 10/01/2026 - 21:40:07: [SPAWN] id=28 name="Security" time=108.865 map=fy_snow players=30
L 10/01/2026 - 21:40:07: [SPAWN] id=28 name="Security" time=108.875 map=fy_snow players=30
L 10/01/2026 - 21:40:07: [SPAWN] id=28 name="Security" time=108.865 map=fy_snow players=30
L 10/01/2026 - 21:40:07: [SPAWN] id=28 name="Security" time=108.875 map=fy_snow players=30
L 10/01/2026 - 21:40:07: [SPAWN] id=28 name="Security" time=109.034 map=fy_snow players=30
L 10/01/2026 - 21:40:07: [SPAWN] id=28 name="Security" time=109.044 map=fy_snow players=30
L 10/01/2026 - 21:40:07: [SPAWN] id=28 name="Security" time=109.034 map=fy_snow players=30
L 10/01/2026 - 21:40:07: [SPAWN] id=28 name="Security" time=109.044 map=fy_snow players=30
L 10/01/2026 - 21:40:07: [SPAWN] id=28 name="Security" time=109.034 map=fy_snow players=30
L 10/01/2026 - 21:40:07: [SPAWN] id=28 name="Security" time=109.044 map=fy_snow players=30
L 10/01/2026 - 21:40:07: [SPAWN] id=28 name="Security" time=109.034 map=fy_snow players=30
L 10/01/2026 - 21:40:07: [SPAWN] id=28 name="Security" time=109.044 map=fy_snow players=30
L 10/01/2026 - 21:40:07: [SPAWN] id=28 name="Security" time=109.034 map=fy_snow players=30
L 10/01/2026 - 21:40:07: [SPAWN] id=28 name="Security" time=109.044 map=fy_snow players=30
L 10/01/2026 - 21:40:07: [SPAWN] id=28 name="Security" time=109.034 map=fy_snow players=30
L 10/01/2026 - 21:40:07: [SPAWN] id=28 name="Security" time=109.044 map=fy_snow players=30
L 10/01/2026 - 21:40:07: [SPAWN] id=28 name="Security" time=109.034 map=fy_snow players=30
L 10/01/2026 - 21:40:07: [SPAWN] id=28 name="Security" time=109.044 map=fy_snow players=30
L 10/01/2026 - 21:40:07: [SPAWN] id=28 name="Security" time=109.035 map=fy_snow players=30
L 10/01/2026 - 21:40:07: [SPAWN] id=28 name="Security" time=109.044 map=fy_snow players=30
L 10/01/2026 - 21:40:07: [SPAWN] id=28 name="Security" time=109.036 map=fy_snow players=30
L 10/01/2026 - 21:40:07: [SPAWN] id=28 name="Security" time=109.046 map=fy_snow players=30
L 10/01/2026 - 21:40:07: [SPAWN] id=28 name="Security" time=109.050 map=fy_snow players=30
L 10/01/2026 - 21:40:07: [SPAWN] id=28 name="Security" time=109.060 map=fy_snow players=30
L 10/01/2026 - 21:40:08: [SPAWN] id=28 name="Security" time=109.069 map=fy_snow players=30
L 10/01/2026 - 21:40:08: [SPAWN] id=28 name="Security" time=109.079 map=fy_snow players=30
L 10/01/2026 - 21:40:08: [SPAWN] id=28 name="Security" time=109.113 map=fy_snow players=30
L 10/01/2026 - 21:40:08: [SPAWN] id=28 name="Security" time=109.123 map=fy_snow players=30
L 10/01/2026 - 21:40:08: [SPAWN] id=28 name="Security" time=109.113 map=fy_snow players=30
L 10/01/2026 - 21:40:08: [SPAWN] id=28 name="Security" time=109.123 map=fy_snow players=30
L 10/01/2026 - 21:40:08: [SPAWN] id=28 name="Security" time=109.129 map=fy_snow players=30
L 10/01/2026 - 21:40:08: [SPAWN] id=28 name="Security" time=109.139 map=fy_snow players=30
L 10/01/2026 - 21:40:08: [SPAWN] id=28 name="Security" time=109.151 map=fy_snow players=30
L 10/01/2026 - 21:40:08: [SPAWN] id=28 name="Security" time=109.161 map=fy_snow players=30
L 10/01/2026 - 21:40:08: [SPAWN] id=24 name="BENÇA_PE" time=109.177 map=fy_snow players=30
L 10/01/2026 - 21:40:08: [SPAWN] id=28 name="Security" time=109.237 map=fy_snow players=30
L 10/01/2026 - 21:40:08: [SPAWN] id=28 name="Security" time=109.247 map=fy_snow players=30
L 10/01/2026 - 21:40:08: [SPAWN] id=28 name="Security" time=109.237 map=fy_snow players=30
L 10/01/2026 - 21:40:08: [SPAWN] id=28 name="Security" time=109.247 map=fy_snow players=30
L 10/01/2026 - 21:40:08: [SPAWN] id=28 name="Security" time=109.240 map=fy_snow players=30
L 10/01/2026 - 21:40:08: [SPAWN] id=28 name="Security" time=109.249 map=fy_snow players=30
L 10/01/2026 - 21:40:08: [SPAWN] id=28 name="Security" time=109.239 map=fy_snow players=30
L 10/01/2026 - 21:40:08: [SPAWN] id=28 name="Security" time=109.249 map=fy_snow players=30
L 10/01/2026 - 21:40:08: [SPAWN] id=28 name="Security" time=109.248 map=fy_snow players=30
L 10/01/2026 - 21:40:08: [SPAWN] id=28 name="Security" time=109.258 map=fy_snow players=30
L 10/01/2026 - 21:40:08: [SPAWN] id=28 name="Security" time=109.331 map=fy_snow players=30
L 10/01/2026 - 21:40:08: [SPAWN] id=28 name="Security" time=109.341 map=fy_snow players=30
L 10/01/2026 - 21:40:08: [SPAWN] id=28 name="Security" time=109.331 map=fy_snow players=30
L 10/01/2026 - 21:40:08: [SPAWN] id=28 name="Security" time=109.341 map=fy_snow players=30
L 10/01/2026 - 21:40:08: [SPAWN] id=28 name="Security" time=109.331 map=fy_snow players=30
L 10/01/2026 - 21:40:08: [SPAWN] id=28 name="Security" time=109.341 map=fy_snow players=30
L 10/01/2026 - 21:40:08: [SPAWN] id=28 name="Security" time=109.331 map=fy_snow players=30
L 10/01/2026 - 21:40:08: [SPAWN] id=28 name="Security" time=109.341 map=fy_snow players=30
L 10/01/2026 - 21:40:08: [SPAWN] id=28 name="Security" time=109.348 map=fy_snow players=30
L 10/01/2026 - 21:40:08: [SPAWN] id=28 name="Security" time=109.358 map=fy_snow players=30
L 10/01/2026 - 21:40:08: [SPAWN] id=28 name="Security" time=109.368 map=fy_snow players=30
L 10/01/2026 - 21:40:08: [SPAWN] id=28 name="Security" time=109.378 map=fy_snow players=30
L 10/01/2026 - 21:40:08: [SPAWN] id=26 name="(1)Unikov" time=109.388 map=fy_snow players=30
L 10/01/2026 - 21:40:08: [SPAWN] id=28 name="Security" time=109.549 map=fy_snow players=30
L 10/01/2026 - 21:40:08: [SPAWN] id=28 name="Security" time=109.559 map=fy_snow players=30
L 10/01/2026 - 21:40:08: [SPAWN] id=28 name="Security" time=109.549 map=fy_snow players=30
L 10/01/2026 - 21:40:08: [SPAWN] id=28 name="Security" time=109.559 map=fy_snow players=30
L 10/01/2026 - 21:40:08: [SPAWN] id=28 name="Security" time=109.549 map=fy_snow players=30
L 10/01/2026 - 21:40:08: [SPAWN] id=28 name="Security" time=109.559 map=fy_snow players=30
L 10/01/2026 - 21:40:08: [SPAWN] id=28 name="Security" time=109.549 map=fy_snow players=30
L 10/01/2026 - 21:40:08: [SPAWN] id=28 name="Security" time=109.559 map=fy_snow players=30
L 10/01/2026 - 21:40:08: [SPAWN] id=28 name="Security" time=109.549 map=fy_snow players=30
L 10/01/2026 - 21:40:08: [SPAWN] id=28 name="Security" time=109.559 map=fy_snow players=30
L 10/01/2026 - 21:40:08: [SPAWN] id=28 name="Security" time=109.549 map=fy_snow players=30
L 10/01/2026 - 21:40:08: [SPAWN] id=28 name="Security" time=109.559 map=fy_snow players=30
L 10/01/2026 - 21:40:08: [SPAWN] id=28 name="Security" time=109.549 map=fy_snow players=30
L 10/01/2026 - 21:40:08: [SPAWN] id=28 name="Security" time=109.559 map=fy_snow players=30
L 10/01/2026 - 21:40:08: [SPAWN] id=28 name="Security" time=109.549 map=fy_snow players=30
L 10/01/2026 - 21:40:08: [SPAWN] id=28 name="Security" time=109.559 map=fy_snow players=30
L 10/01/2026 - 21:40:08: [SPAWN] id=28 name="Security" time=109.549 map=fy_snow players=30
L 10/01/2026 - 21:40:08: [SPAWN] id=28 name="Security" time=109.559 map=fy_snow players=30
L 10/01/2026 - 21:40:08: [SPAWN] id=18 name="ÇİYAGER" time=109.567 map=fy_snow players=30
L 10/01/2026 - 21:40:08: [SPAWN] id=28 name="Security" time=109.566 map=fy_snow players=30
L 10/01/2026 - 21:40:08: [SPAWN] id=28 name="Security" time=109.576 map=fy_snow players=30
L 10/01/2026 - 21:40:08: [SPAWN] id=28 name="Security" time=109.588 map=fy_snow players=30
L 10/01/2026 - 21:40:08: [SPAWN] id=28 name="Security" time=109.598 map=fy_snow players=30
L 10/01/2026 - 21:40:08: [SPAWN] id=28 name="Security" time=109.625 map=fy_snow players=30
L 10/01/2026 - 21:40:08: [SPAWN] id=28 name="Security" time=109.635 map=fy_snow players=30
L 10/01/2026 - 21:40:08: [SPAWN] id=28 name="Security" time=109.627 map=fy_snow players=30
L 10/01/2026 - 21:40:08: [SPAWN] id=28 name="Security" time=109.637 map=fy_snow players=30
L 10/01/2026 - 21:40:08: [SPAWN] id=28 name="Security" time=109.646 map=fy_snow players=30
L 10/01/2026 - 21:40:08: [SPAWN] id=28 name="Security" time=109.656 map=fy_snow players=30
L 10/01/2026 - 21:40:08: [SPAWN] id=28 name="Security" time=109.666 map=fy_snow players=30
L 10/01/2026 - 21:40:08: [SPAWN] id=28 name="Security" time=109.676 map=fy_snow players=30
L 10/01/2026 - 21:40:08: [SPAWN] id=28 name="Security" time=109.752 map=fy_snow players=30
L 10/01/2026 - 21:40:08: [SPAWN] id=28 name="Security" time=109.762 map=fy_snow players=30
L 10/01/2026 - 21:40:08: [SPAWN] id=28 name="Security" time=109.752 map=fy_snow players=30
L 10/01/2026 - 21:40:08: [SPAWN] id=28 name="Security" time=109.762 map=fy_snow players=30
L 10/01/2026 - 21:40:08: [SPAWN] id=28 name="Security" time=109.752 map=fy_snow players=30
L 10/01/2026 - 21:40:08: [SPAWN] id=28 name="Security" time=109.762 map=fy_snow players=30
L 10/01/2026 - 21:40:08: [SPAWN] id=28 name="Security" time=109.752 map=fy_snow players=30
L 10/01/2026 - 21:40:08: [SPAWN] id=28 name="Security" time=109.762 map=fy_snow players=30
L 10/01/2026 - 21:40:08: [SPAWN] id=28 name="Security" time=109.766 map=fy_snow players=30
L 10/01/2026 - 21:40:08: [SPAWN] id=28 name="Security" time=109.776 map=fy_snow players=30
L 10/01/2026 - 21:40:08: [SPAWN] id=28 name="Security" time=109.786 map=fy_snow players=30
L 10/01/2026 - 21:40:08: [SPAWN] id=28 name="Security" time=109.796 map=fy_snow players=30
L 10/01/2026 - 21:40:08: [SPAWN] id=28 name="Security" time=109.861 map=fy_snow players=30
L 10/01/2026 - 21:40:08: [SPAWN] id=28 name="Security" time=109.871 map=fy_snow players=30
L 10/01/2026 - 21:40:08: [SPAWN] id=28 name="Security" time=109.861 map=fy_snow players=30
L 10/01/2026 - 21:40:08: [SPAWN] id=28 name="Security" time=109.871 map=fy_snow players=30
L 10/01/2026 - 21:40:08: [SPAWN] id=28 name="Security" time=109.861 map=fy_snow players=30
L 10/01/2026 - 21:40:08: [SPAWN] id=28 name="Security" time=109.871 map=fy_snow players=30
L 10/01/2026 - 21:40:08: [SPAWN] id=28 name="Security" time=109.865 map=fy_snow players=30
L 10/01/2026 - 21:40:08: [SPAWN] id=28 name="Security" time=109.875 map=fy_snow players=30
L 10/01/2026 - 21:40:08: [SPAWN] id=28 name="Security" time=109.885 map=fy_snow players=30
L 10/01/2026 - 21:40:08: [SPAWN] id=28 name="Security" time=109.895 map=fy_snow players=30
L 10/01/2026 - 21:40:08: [SPAWN] id=28 name="Security" time=109.906 map=fy_snow players=30
L 10/01/2026 - 21:40:08: [SPAWN] id=28 name="Security" time=109.916 map=fy_snow players=30
L 10/01/2026 - 21:40:08: [SPAWN] id=28 name="Security" time=109.925 map=fy_snow players=30
L 10/01/2026 - 21:40:08: [SPAWN] id=28 name="Security" time=109.935 map=fy_snow players=30
L 10/01/2026 - 21:40:08: [SPAWN] id=28 name="Security" time=109.945 map=fy_snow players=30
L 10/01/2026 - 21:40:08: [SPAWN] id=28 name="Security" time=109.955 map=fy_snow players=30
L 10/01/2026 - 21:40:08: [SPAWN] id=28 name="Security" time=109.964 map=fy_snow players=30
L 10/01/2026 - 21:40:08: [SPAWN] id=28 name="Security" time=109.974 map=fy_snow players=30
L 10/01/2026 - 21:40:08: [SPAWN] id=28 name="Security" time=109.984 map=fy_snow players=30
L 10/01/2026 - 21:40:08: [SPAWN] id=28 name="Security" time=109.994 map=fy_snow players=30
L 10/01/2026 - 21:40:08: [SPAWN] id=28 name="Security" time=110.004 map=fy_snow players=30
L 10/01/2026 - 21:40:08: [SPAWN] id=28 name="Security" time=110.014 map=fy_snow players=30
L 10/01/2026 - 21:40:08: [SPAWN] id=28 name="Security" time=110.026 map=fy_snow players=30
L 10/01/2026 - 21:40:08: [SPAWN] id=28 name="Security" time=110.035 map=fy_snow players=30
L 10/01/2026 - 21:40:08: [SPAWN] id=28 name="Security" time=110.044 map=fy_snow players=30
L 10/01/2026 - 21:40:08: [SPAWN] id=28 name="Security" time=110.054 map=fy_snow players=30
L 10/01/2026 - 21:40:09: [SPAWN] id=28 name="Security" time=110.064 map=fy_snow players=30
L 10/01/2026 - 21:40:09: [SPAWN] id=28 name="Security" time=110.074 map=fy_snow players=30
L 10/01/2026 - 21:40:09: [SPAWN] id=28 name="Security" time=110.084 map=fy_snow players=30
L 10/01/2026 - 21:40:09: [SPAWN] id=28 name="Security" time=110.094 map=fy_snow players=30
L 10/01/2026 - 21:40:09: [SPAWN] id=28 name="Security" time=110.103 map=fy_snow players=30
L 10/01/2026 - 21:40:09: [SPAWN] id=28 name="Security" time=110.113 map=fy_snow players=30
L 10/01/2026 - 21:40:09: [SPAWN] id=28 name="Security" time=110.124 map=fy_snow players=30
L 10/01/2026 - 21:40:09: [SPAWN] id=28 name="Security" time=110.134 map=fy_snow players=30
L 10/01/2026 - 21:40:09: [SPAWN] id=28 name="Security" time=110.143 map=fy_snow players=30
L 10/01/2026 - 21:40:09: [SPAWN] id=28 name="Security" time=110.153 map=fy_snow players=30
L 10/01/2026 - 21:40:09: [SPAWN] id=28 name="Security" time=110.164 map=fy_snow players=30
L 10/01/2026 - 21:40:09: [SPAWN] id=28 name="Security" time=110.174 map=fy_snow players=30
L 10/01/2026 - 21:40:09: [SPAWN] id=28 name="Security" time=110.184 map=fy_snow players=30
L 10/01/2026 - 21:40:09: [SPAWN] id=28 name="Security" time=110.194 map=fy_snow players=30
L 10/01/2026 - 21:40:09: [SPAWN] id=14 name="p3rdun" time=110.207 map=fy_snow players=30
L 10/01/2026 - 21:40:09: [SPAWN] id=28 name="Security" time=110.204 map=fy_snow players=30
L 10/01/2026 - 21:40:09: [SPAWN] id=28 name="Security" time=110.214 map=fy_snow players=30
L 10/01/2026 - 21:40:09: [SPAWN] id=28 name="Security" time=110.225 map=fy_snow players=30
L 10/01/2026 - 21:40:09: [SPAWN] id=28 name="Security" time=110.234 map=fy_snow players=30
L 10/01/2026 - 21:40:09: [SPAWN] id=28 name="Security" time=110.243 map=fy_snow players=30
L 10/01/2026 - 21:40:09: [SPAWN] id=28 name="Security" time=110.253 map=fy_snow players=30
L 10/01/2026 - 21:40:09: [SPAWN] id=28 name="Security" time=110.264 map=fy_snow players=30
L 10/01/2026 - 21:40:09: [SPAWN] id=28 name="Security" time=110.274 map=fy_snow players=30
L 10/01/2026 - 21:40:09: [SPAWN] id=28 name="Security" time=110.283 map=fy_snow players=30
L 10/01/2026 - 21:40:09: [SPAWN] id=28 name="Security" time=110.293 map=fy_snow players=30
L 10/01/2026 - 21:40:09: [SPAWN] id=28 name="Security" time=110.303 map=fy_snow players=30
L 10/01/2026 - 21:40:09: [SPAWN] id=28 name="Security" time=110.313 map=fy_snow players=30
L 10/01/2026 - 21:40:09: [SPAWN] id=28 name="Security" time=110.323 map=fy_snow players=30
L 10/01/2026 - 21:40:09: [SPAWN] id=28 name="Security" time=110.333 map=fy_snow players=30
L 10/01/2026 - 21:40:09: [SPAWN] id=28 name="Security" time=110.343 map=fy_snow players=30
L 10/01/2026 - 21:40:09: [SPAWN] id=28 name="Security" time=110.353 map=fy_snow players=30
L 10/01/2026 - 21:40:09: [SPAWN] id=28 name="Security" time=110.362 map=fy_snow players=30
L 10/01/2026 - 21:40:09: [SPAWN] id=28 name="Security" time=110.372 map=fy_snow players=30
L 10/01/2026 - 21:40:09: [SPAWN] id=28 name="Security" time=110.383 map=fy_snow players=30
L 10/01/2026 - 21:40:09: [SPAWN] id=28 name="Security" time=110.393 map=fy_snow players=30
L 10/01/2026 - 21:40:09: [SPAWN] id=28 name="Security" time=110.403 map=fy_snow players=30
L 10/01/2026 - 21:40:09: [SPAWN] id=28 name="Security" time=110.413 map=fy_snow players=30
L 10/01/2026 - 21:40:09: [SPAWN] id=28 name="Security" time=110.422 map=fy_snow players=30
L 10/01/2026 - 21:40:09: [SPAWN] id=28 name="Security" time=110.432 map=fy_snow players=30
L 10/01/2026 - 21:40:09: [SPAWN] id=28 name="Security" time=110.443 map=fy_snow players=30
L 10/01/2026 - 21:40:09: [SPAWN] id=28 name="Security" time=110.453 map=fy_snow players=30
L 10/01/2026 - 21:40:09: [SPAWN] id=28 name="Security" time=110.462 map=fy_snow players=30
L 10/01/2026 - 21:40:09: [SPAWN] id=28 name="Security" time=110.472 map=fy_snow players=30
L 10/01/2026 - 21:40:09: [SPAWN] id=28 name="Security" time=110.482 map=fy_snow players=30
L 10/01/2026 - 21:40:09: [SPAWN] id=28 name="Security" time=110.492 map=fy_snow players=30
L 10/01/2026 - 21:40:09: [SPAWN] id=28 name="Security" time=110.501 map=fy_snow players=30
L 10/01/2026 - 21:40:09: [SPAWN] id=28 name="Security" time=110.511 map=fy_snow players=30
L 10/01/2026 - 21:40:09: [SPAWN] id=28 name="Security" time=110.523 map=fy_snow players=30
L 10/01/2026 - 21:40:09: [SPAWN] id=28 name="Security" time=110.533 map=fy_snow players=30
L 10/01/2026 - 21:40:09: [SPAWN] id=28 name="Security" time=110.542 map=fy_snow players=30
L 10/01/2026 - 21:40:09: [SPAWN] id=28 name="Security" time=110.552 map=fy_snow players=30
L 10/01/2026 - 21:40:09: [SPAWN] id=28 name="Security" time=110.562 map=fy_snow players=30
L 10/01/2026 - 21:40:09: [SPAWN] id=28 name="Security" time=110.572 map=fy_snow players=30
L 10/01/2026 - 21:40:09: [SPAWN] id=28 name="Security" time=110.583 map=fy_snow players=30
L 10/01/2026 - 21:40:09: [SPAWN] id=28 name="Security" time=110.593 map=fy_snow players=30
L 10/01/2026 - 21:40:09: [SPAWN] id=28 name="Security" time=110.603 map=fy_snow players=30
L 10/01/2026 - 21:40:09: [SPAWN] id=28 name="Security" time=110.613 map=fy_snow players=30
L 10/01/2026 - 21:40:09: [SPAWN] id=28 name="Security" time=110.622 map=fy_snow players=30
L 10/01/2026 - 21:40:09: [SPAWN] id=28 name="Security" time=110.632 map=fy_snow players=30
L 10/01/2026 - 21:40:09: [SPAWN] id=28 name="Security" time=110.642 map=fy_snow players=30
L 10/01/2026 - 21:40:09: [SPAWN] id=28 name="Security" time=110.652 map=fy_snow players=30
L 10/01/2026 - 21:40:09: [SPAWN] id=28 name="Security" time=110.662 map=fy_snow players=30
L 10/01/2026 - 21:40:09: [SPAWN] id=28 name="Security" time=110.672 map=fy_snow players=30
L 10/01/2026 - 21:40:09: [SPAWN] id=28 name="Security" time=110.682 map=fy_snow players=30
L 10/01/2026 - 21:40:09: [SPAWN] id=28 name="Security" time=110.692 map=fy_snow players=30
L 10/01/2026 - 21:40:09: [SPAWN] id=20 name="San" time=110.694 map=fy_snow players=30
L 10/01/2026 - 21:40:09: [SPAWN] id=28 name="Security" time=110.701 map=fy_snow players=30
L 10/01/2026 - 21:40:09: [SPAWN] id=28 name="Security" time=110.711 map=fy_snow players=30
L 10/01/2026 - 21:40:09: [SPAWN] id=28 name="Security" time=110.721 map=fy_snow players=30
L 10/01/2026 - 21:40:09: [SPAWN] id=28 name="Security" time=110.731 map=fy_snow players=30
L 10/01/2026 - 21:40:09: [SPAWN] id=28 name="Security" time=110.742 map=fy_snow players=30
L 10/01/2026 - 21:40:09: [SPAWN] id=28 name="Security" time=110.752 map=fy_snow players=30
L 10/01/2026 - 21:40:09: [SPAWN] id=28 name="Security" time=110.761 map=fy_snow players=30
L 10/01/2026 - 21:40:09: [SPAWN] id=28 name="Security" time=110.771 map=fy_snow players=30
L 10/01/2026 - 21:40:09: [SPAWN] id=28 name="Security" time=110.780 map=fy_snow players=30
L 10/01/2026 - 21:40:09: [SPAWN] id=28 name="Security" time=110.790 map=fy_snow players=30
L 10/01/2026 - 21:40:09: [SPAWN] id=28 name="Security" time=110.801 map=fy_snow players=30
L 10/01/2026 - 21:40:09: [SPAWN] id=28 name="Security" time=110.811 map=fy_snow players=30
L 10/01/2026 - 21:40:09: [SPAWN] id=28 name="Security" time=110.820 map=fy_snow players=30
L 10/01/2026 - 21:40:09: [SPAWN] id=28 name="Security" time=110.830 map=fy_snow players=30
L 10/01/2026 - 21:40:09: [SPAWN] id=28 name="Security" time=110.841 map=fy_snow players=30
L 10/01/2026 - 21:40:09: [SPAWN] id=28 name="Security" time=110.851 map=fy_snow players=30
L 10/01/2026 - 21:40:09: [SPAWN] id=28 name="Security" time=110.860 map=fy_snow players=30
L 10/01/2026 - 21:40:09: [SPAWN] id=28 name="Security" time=110.870 map=fy_snow players=30
L 10/01/2026 - 21:40:09: [SPAWN] id=28 name="Security" time=110.881 map=fy_snow players=30
L 10/01/2026 - 21:40:09: [SPAWN] id=28 name="Security" time=110.891 map=fy_snow players=30
L 10/01/2026 - 21:40:09: [SPAWN] id=28 name="Security" time=110.900 map=fy_snow players=30
L 10/01/2026 - 21:40:09: [SPAWN] id=28 name="Security" time=110.910 map=fy_snow players=30
L 10/01/2026 - 21:40:09: [SPAWN] id=28 name="Security" time=110.920 map=fy_snow players=30
L 10/01/2026 - 21:40:09: [SPAWN] id=28 name="Security" time=110.930 map=fy_snow players=30
L 10/01/2026 - 21:40:09: [SPAWN] id=28 name="Security" time=110.940 map=fy_snow players=30
L 10/01/2026 - 21:40:09: [SPAWN] id=28 name="Security" time=110.950 map=fy_snow players=30
L 10/01/2026 - 21:40:09: [SPAWN] id=28 name="Security" time=110.959 map=fy_snow players=30
L 10/01/2026 - 21:40:09: [SPAWN] id=28 name="Security" time=110.969 map=fy_snow players=30
L 10/01/2026 - 21:40:09: [SPAWN] id=28 name="Security" time=110.979 map=fy_snow players=30
L 10/01/2026 - 21:40:09: [SPAWN] id=28 name="Security" time=110.989 map=fy_snow players=30
L 10/01/2026 - 21:40:09: [SPAWN] id=28 name="Security" time=111.000 map=fy_snow players=30
L 10/01/2026 - 21:40:09: [SPAWN] id=28 name="Security" time=111.010 map=fy_snow players=30
L 10/01/2026 - 21:40:09: [SPAWN] id=28 name="Security" time=111.020 map=fy_snow players=30
L 10/01/2026 - 21:40:09: [SPAWN] id=28 name="Security" time=111.030 map=fy_snow players=30
L 10/01/2026 - 21:40:09: [SPAWN] id=28 name="Security" time=111.040 map=fy_snow players=30
L 10/01/2026 - 21:40:09: [SPAWN] id=28 name="Security" time=111.049 map=fy_snow players=30
L 10/01/2026 - 21:40:10: [SPAWN] id=28 name="Security" time=111.059 map=fy_snow players=30
L 10/01/2026 - 21:40:10: [SPAWN] id=28 name="Security" time=111.069 map=fy_snow players=30
L 10/01/2026 - 21:40:10: [SPAWN] id=28 name="Security" time=111.079 map=fy_snow players=30
L 10/01/2026 - 21:40:10: [SPAWN] id=28 name="Security" time=111.089 map=fy_snow players=30
L 10/01/2026 - 21:40:10: [SPAWN] id=28 name="Security" time=111.099 map=fy_snow players=30
L 10/01/2026 - 21:40:10: [SPAWN] id=28 name="Security" time=111.109 map=fy_snow players=30
L 10/01/2026 - 21:40:10: [SPAWN] id=28 name="Security" time=111.120 map=fy_snow players=30
L 10/01/2026 - 21:40:10: [SPAWN] id=28 name="Security" time=111.130 map=fy_snow players=30
L 10/01/2026 - 21:40:10: [SPAWN] id=28 name="Security" time=111.140 map=fy_snow players=30
L 10/01/2026 - 21:40:10: [SPAWN] id=28 name="Security" time=111.150 map=fy_snow players=30
L 10/01/2026 - 21:40:10: [SPAWN] id=28 name="Security" time=111.161 map=fy_snow players=30
L 10/01/2026 - 21:40:10: [SPAWN] id=28 name="Security" time=111.171 map=fy_snow players=30
L 10/01/2026 - 21:40:10: [SPAWN] id=28 name="Security" time=111.179 map=fy_snow players=30
L 10/01/2026 - 21:40:10: [SPAWN] id=28 name="Security" time=111.189 map=fy_snow players=30
L 10/01/2026 - 21:40:10: [SPAWN] id=28 name="Security" time=111.199 map=fy_snow players=30
L 10/01/2026 - 21:40:10: [SPAWN] id=28 name="Security" time=111.209 map=fy_snow players=30
L 10/01/2026 - 21:40:10: [SPAWN] id=28 name="Security" time=111.219 map=fy_snow players=30
L 10/01/2026 - 21:40:10: [SPAWN] id=28 name="Security" time=111.229 map=fy_snow players=30
L 10/01/2026 - 21:40:10: [SPAWN] id=28 name="Security" time=111.238 map=fy_snow players=30
L 10/01/2026 - 21:40:10: [SPAWN] id=28 name="Security" time=111.248 map=fy_snow players=30
L 10/01/2026 - 21:40:10: [SPAWN] id=28 name="Security" time=111.259 map=fy_snow players=30
L 10/01/2026 - 21:40:10: [SPAWN] id=28 name="Security" time=111.269 map=fy_snow players=30
L 10/01/2026 - 21:40:10: [SPAWN] id=28 name="Security" time=111.278 map=fy_snow players=30
L 10/01/2026 - 21:40:10: [SPAWN] id=28 name="Security" time=111.288 map=fy_snow players=30
L 10/01/2026 - 21:40:10: [SPAWN] id=28 name="Security" time=111.299 map=fy_snow players=30
L 10/01/2026 - 21:40:10: [SPAWN] id=28 name="Security" time=111.309 map=fy_snow players=30
L 10/01/2026 - 21:40:10: [SPAWN] id=28 name="Security" time=111.318 map=fy_snow players=30
L 10/01/2026 - 21:40:10: [SPAWN] id=28 name="Security" time=111.328 map=fy_snow players=30
L 10/01/2026 - 21:40:10: [SPAWN] id=28 name="Security" time=111.339 map=fy_snow players=30
L 10/01/2026 - 21:40:10: [SPAWN] id=28 name="Security" time=111.349 map=fy_snow players=30
L 10/01/2026 - 21:40:10: [SPAWN] id=28 name="Security" time=111.358 map=fy_snow players=30
L 10/01/2026 - 21:40:10: [SPAWN] id=28 name="Security" time=111.368 map=fy_snow players=30
L 10/01/2026 - 21:40:10: [SPAWN] id=25 name="(2)Unikov" time=111.380 map=fy_snow players=30
L 10/01/2026 - 21:40:10: [SPAWN] id=28 name="Security" time=111.377 map=fy_snow players=30
L 10/01/2026 - 21:40:10: [SPAWN] id=28 name="Security" time=111.387 map=fy_snow players=30
L 10/01/2026 - 21:40:10: [SPAWN] id=28 name="Security" time=111.398 map=fy_snow players=30
L 10/01/2026 - 21:40:10: [SPAWN] id=28 name="Security" time=111.408 map=fy_snow players=30
L 10/01/2026 - 21:40:10: [SPAWN] id=28 name="Security" time=111.418 map=fy_snow players=30
L 10/01/2026 - 21:40:10: [SPAWN] id=28 name="Security" time=111.428 map=fy_snow players=30
L 10/01/2026 - 21:40:10: [SPAWN] id=28 name="Security" time=111.438 map=fy_snow players=30
L 10/01/2026 - 21:40:10: [SPAWN] id=28 name="Security" time=111.448 map=fy_snow players=30
L 10/01/2026 - 21:40:10: [SPAWN] id=28 name="Security" time=111.459 map=fy_snow players=30
L 10/01/2026 - 21:40:10: [SPAWN] id=28 name="Security" time=111.468 map=fy_snow players=30
L 10/01/2026 - 21:40:10: [SPAWN] id=28 name="Security" time=111.477 map=fy_snow players=30
L 10/01/2026 - 21:40:10: [SPAWN] id=28 name="Security" time=111.487 map=fy_snow players=30
L 10/01/2026 - 21:40:10: [SPAWN] id=28 name="Security" time=111.498 map=fy_snow players=30
L 10/01/2026 - 21:40:10: [SPAWN] id=28 name="Security" time=111.508 map=fy_snow players=30
L 10/01/2026 - 21:40:10: [SPAWN] id=28 name="Security" time=111.518 map=fy_snow players=30
L 10/01/2026 - 21:40:10: [SPAWN] id=28 name="Security" time=111.528 map=fy_snow players=30
L 10/01/2026 - 21:40:10: [SPAWN] id=28 name="Security" time=111.538 map=fy_snow players=30
L 10/01/2026 - 21:40:10: [SPAWN] id=28 name="Security" time=111.548 map=fy_snow players=30
L 10/01/2026 - 21:40:10: [SPAWN] id=28 name="Security" time=111.557 map=fy_snow players=30
L 10/01/2026 - 21:40:10: [SPAWN] id=28 name="Security" time=111.567 map=fy_snow players=30
L 10/01/2026 - 21:40:10: [SPAWN] id=28 name="Security" time=111.577 map=fy_snow players=30
L 10/01/2026 - 21:40:10: [SPAWN] id=28 name="Security" time=111.587 map=fy_snow players=30
L 10/01/2026 - 21:40:10: [SPAWN] id=28 name="Security" time=111.596 map=fy_snow players=30
L 10/01/2026 - 21:40:10: [SPAWN] id=28 name="Security" time=111.606 map=fy_snow players=30
L 10/01/2026 - 21:40:10: [SPAWN] id=28 name="Security" time=111.616 map=fy_snow players=30
L 10/01/2026 - 21:40:10: [SPAWN] id=28 name="Security" time=111.626 map=fy_snow players=30
L 10/01/2026 - 21:40:10: [SPAWN] id=28 name="Security" time=111.637 map=fy_snow players=30
L 10/01/2026 - 21:40:10: [SPAWN] id=28 name="Security" time=111.647 map=fy_snow players=30
L 10/01/2026 - 21:40:10: [SPAWN] id=28 name="Security" time=111.657 map=fy_snow players=30
L 10/01/2026 - 21:40:10: [SPAWN] id=28 name="Security" time=111.666 map=fy_snow players=30
L 10/01/2026 - 21:40:10: [SPAWN] id=28 name="Security" time=111.677 map=fy_snow players=30
L 10/01/2026 - 21:40:10: [SPAWN] id=28 name="Security" time=111.687 map=fy_snow players=30
L 10/01/2026 - 21:40:10: [SPAWN] id=28 name="Security" time=111.696 map=fy_snow players=30
L 10/01/2026 - 21:40:10: [SPAWN] id=28 name="Security" time=111.706 map=fy_snow players=30
L 10/01/2026 - 21:40:10: [SPAWN] id=28 name="Security" time=111.716 map=fy_snow players=30
L 10/01/2026 - 21:40:10: [SPAWN] id=28 name="Security" time=111.726 map=fy_snow players=30
L 10/01/2026 - 21:40:10: [SPAWN] id=29 name="Sam" time=111.747 map=fy_snow players=30
L 10/01/2026 - 21:40:10: [SPAWN] id=28 name="Security" time=111.737 map=fy_snow players=30
L 10/01/2026 - 21:40:10: [SPAWN] id=28 name="Security" time=111.747 map=fy_snow players=30
L 10/01/2026 - 21:40:10: [SPAWN] id=28 name="Security" time=111.756 map=fy_snow players=30
L 10/01/2026 - 21:40:10: [SPAWN] id=28 name="Security" time=111.766 map=fy_snow players=30
L 10/01/2026 - 21:40:10: [SPAWN] id=28 name="Security" time=111.776 map=fy_snow players=30
L 10/01/2026 - 21:40:10: [SPAWN] id=28 name="Security" time=111.786 map=fy_snow players=30
L 10/01/2026 - 21:40:10: [SPAWN] id=28 name="Security" time=111.796 map=fy_snow players=30
L 10/01/2026 - 21:40:10: [SPAWN] id=28 name="Security" time=111.806 map=fy_snow players=30
L 10/01/2026 - 21:40:10: [SPAWN] id=28 name="Security" time=111.816 map=fy_snow players=30
L 10/01/2026 - 21:40:10: [SPAWN] id=28 name="Security" time=111.826 map=fy_snow players=30
L 10/01/2026 - 21:40:10: [SPAWN] id=28 name="Security" time=111.835 map=fy_snow players=30
L 10/01/2026 - 21:40:10: [SPAWN] id=28 name="Security" time=111.845 map=fy_snow players=30
L 10/01/2026 - 21:40:10: [SPAWN] id=28 name="Security" time=111.857 map=fy_snow players=30
L 10/01/2026 - 21:40:10: [SPAWN] id=28 name="Security" time=111.866 map=fy_snow players=30
L 10/01/2026 - 21:40:10: [SPAWN] id=28 name="Security" time=111.876 map=fy_snow players=30
L 10/01/2026 - 21:40:10: [SPAWN] id=28 name="Security" time=111.886 map=fy_snow players=30
L 10/01/2026 - 21:40:10: [SPAWN] id=28 name="Security" time=111.895 map=fy_snow players=30
L 10/01/2026 - 21:40:10: [SPAWN] id=28 name="Security" time=111.905 map=fy_snow players=30
L 10/01/2026 - 21:40:10: [SPAWN] id=28 name="Security" time=111.916 map=fy_snow players=30
L 10/01/2026 - 21:40:10: [SPAWN] id=28 name="Security" time=111.926 map=fy_snow players=30
L 10/01/2026 - 21:40:10: [SPAWN] id=28 name="Security" time=111.935 map=fy_snow players=30
L 10/01/2026 - 21:40:10: [SPAWN] id=28 name="Security" time=111.945 map=fy_snow players=30
L 10/01/2026 - 21:40:10: [SPAWN] id=28 name="Security" time=111.954 map=fy_snow players=30
L 10/01/2026 - 21:40:10: [SPAWN] id=28 name="Security" time=111.964 map=fy_snow players=30
L 10/01/2026 - 21:40:10: [SPAWN] id=28 name="Security" time=111.974 map=fy_snow players=30
L 10/01/2026 - 21:40:10: [SPAWN] id=28 name="Security" time=111.984 map=fy_snow players=30
L 10/01/2026 - 21:40:10: [SPAWN] id=28 name="Security" time=111.995 map=fy_snow players=30
L 10/01/2026 - 21:40:10: [SPAWN] id=28 name="Security" time=112.005 map=fy_snow players=30
L 10/01/2026 - 21:40:10: [SPAWN] id=28 name="Security" time=112.015 map=fy_snow players=30
L 10/01/2026 - 21:40:10: [SPAWN] id=28 name="Security" time=112.025 map=fy_snow players=30
L 10/01/2026 - 21:40:10: [SPAWN] id=28 name="Security" time=112.034 map=fy_snow players=30
L 10/01/2026 - 21:40:10: [SPAWN] id=28 name="Security" time=112.044 map=fy_snow players=30
L 10/01/2026 - 21:40:10: [SPAWN] id=28 name="Security" time=112.054 map=fy_snow players=30
L 10/01/2026 - 21:40:10: [SPAWN] id=28 name="Security" time=112.064 map=fy_snow players=30
L 10/01/2026 - 21:40:11: [SPAWN] id=28 name="Security" time=112.074 map=fy_snow players=30
L 10/01/2026 - 21:40:11: [SPAWN] id=28 name="Security" time=112.084 map=fy_snow players=30
L 10/01/2026 - 21:40:11: [SPAWN] id=28 name="Security" time=112.094 map=fy_snow players=30
L 10/01/2026 - 21:40:11: [SPAWN] id=28 name="Security" time=112.104 map=fy_snow players=30
L 10/01/2026 - 21:40:11: [SPAWN] id=28 name="Security" time=112.114 map=fy_snow players=30
L 10/01/2026 - 21:40:11: [SPAWN] id=28 name="Security" time=112.124 map=fy_snow players=30
L 10/01/2026 - 21:40:11: [SPAWN] id=28 name="Security" time=112.134 map=fy_snow players=30
L 10/01/2026 - 21:40:11: [SPAWN] id=28 name="Security" time=112.144 map=fy_snow players=30
L 10/01/2026 - 21:40:11: [SPAWN] id=28 name="Security" time=112.154 map=fy_snow players=30
L 10/01/2026 - 21:40:11: [SPAWN] id=28 name="Security" time=112.164 map=fy_snow players=30
L 10/01/2026 - 21:40:11: [SPAWN] id=28 name="Security" time=112.174 map=fy_snow players=30
L 10/01/2026 - 21:40:11: [SPAWN] id=28 name="Security" time=112.184 map=fy_snow players=30
L 10/01/2026 - 21:40:11: [SPAWN] id=28 name="Security" time=112.194 map=fy_snow players=30
L 10/01/2026 - 21:40:11: [SPAWN] id=28 name="Security" time=112.204 map=fy_snow players=30
L 10/01/2026 - 21:40:11: [SPAWN] id=28 name="Security" time=112.214 map=fy_snow players=30
L 10/01/2026 - 21:40:11: [SPAWN] id=28 name="Security" time=112.224 map=fy_snow players=30
L 10/01/2026 - 21:40:11: [SPAWN] id=28 name="Security" time=112.234 map=fy_snow players=30
L 10/01/2026 - 21:40:11: [SPAWN] id=28 name="Security" time=112.244 map=fy_snow players=30
L 10/01/2026 - 21:40:11: [SPAWN] id=28 name="Security" time=112.253 map=fy_snow players=30
L 10/01/2026 - 21:40:11: [SPAWN] id=28 name="Security" time=112.263 map=fy_snow players=30
L 10/01/2026 - 21:40:11: [SPAWN] id=28 name="Security" time=112.274 map=fy_snow players=30
L 10/01/2026 - 21:40:11: [SPAWN] id=28 name="Security" time=112.284 map=fy_snow players=30
L 10/01/2026 - 21:40:11: [SPAWN] id=28 name="Security" time=112.293 map=fy_snow players=30
L 10/01/2026 - 21:40:11: [SPAWN] id=28 name="Security" time=112.303 map=fy_snow players=30
L 10/01/2026 - 21:40:11: [SPAWN] id=28 name="Security" time=112.314 map=fy_snow players=30
L 10/01/2026 - 21:40:11: [SPAWN] id=28 name="Security" time=112.324 map=fy_snow players=30
L 10/01/2026 - 21:40:11: [SPAWN] id=28 name="Security" time=112.335 map=fy_snow players=30
L 10/01/2026 - 21:40:11: [SPAWN] id=28 name="Security" time=112.345 map=fy_snow players=30
L 10/01/2026 - 21:40:11: [SPAWN] id=28 name="Security" time=112.354 map=fy_snow players=30
L 10/01/2026 - 21:40:11: [SPAWN] id=28 name="Security" time=112.364 map=fy_snow players=30
L 10/01/2026 - 21:40:11: [SPAWN] id=28 name="Security" time=112.374 map=fy_snow players=30
L 10/01/2026 - 21:40:11: [SPAWN] id=28 name="Security" time=112.384 map=fy_snow players=30
L 10/01/2026 - 21:40:11: [SPAWN] id=28 name="Security" time=112.392 map=fy_snow players=30
L 10/01/2026 - 21:40:11: [SPAWN] id=28 name="Security" time=112.402 map=fy_snow players=30
L 10/01/2026 - 21:40:11: [SPAWN] id=28 name="Security" time=112.413 map=fy_snow players=30
L 10/01/2026 - 21:40:11: [SPAWN] id=28 name="Security" time=112.423 map=fy_snow players=30
L 10/01/2026 - 21:40:11: [SPAWN] id=28 name="Security" time=112.432 map=fy_snow players=30
L 10/01/2026 - 21:40:11: [SPAWN] id=28 name="Security" time=112.442 map=fy_snow players=30
L 10/01/2026 - 21:40:11: [SPAWN] id=28 name="Security" time=112.453 map=fy_snow players=30
L 10/01/2026 - 21:40:11: [SPAWN] id=28 name="Security" time=112.463 map=fy_snow players=30
L 10/01/2026 - 21:40:11: [SPAWN] id=28 name="Security" time=112.473 map=fy_snow players=30
L 10/01/2026 - 21:40:11: [SPAWN] id=28 name="Security" time=112.482 map=fy_snow players=30
L 10/01/2026 - 21:40:11: [SPAWN] id=28 name="Security" time=112.493 map=fy_snow players=30
L 10/01/2026 - 21:40:11: [SPAWN] id=28 name="Security" time=112.503 map=fy_snow players=30
L 10/01/2026 - 21:40:11: [SPAWN] id=28 name="Security" time=112.513 map=fy_snow players=30
L 10/01/2026 - 21:40:11: [SPAWN] id=28 name="Security" time=112.523 map=fy_snow players=30
L 10/01/2026 - 21:40:11: [SPAWN] id=28 name="Security" time=112.532 map=fy_snow players=30
L 10/01/2026 - 21:40:11: [SPAWN] id=28 name="Security" time=112.542 map=fy_snow players=30
L 10/01/2026 - 21:40:11: [SPAWN] id=28 name="Security" time=112.552 map=fy_snow players=30
L 10/01/2026 - 21:40:11: [SPAWN] id=28 name="Security" time=112.562 map=fy_snow players=30
L 10/01/2026 - 21:40:11: [SPAWN] id=28 name="Security" time=112.572 map=fy_snow players=30
L 10/01/2026 - 21:40:11: [SPAWN] id=28 name="Security" time=112.582 map=fy_snow players=30
L 10/01/2026 - 21:40:11: [SPAWN] id=28 name="Security" time=112.591 map=fy_snow players=30
L 10/01/2026 - 21:40:11: [SPAWN] id=28 name="Security" time=112.601 map=fy_snow players=30
L 10/01/2026 - 21:40:11: [SPAWN] id=28 name="Security" time=112.612 map=fy_snow players=30
L 10/01/2026 - 21:40:11: [SPAWN] id=28 name="Security" time=112.622 map=fy_snow players=30
L 10/01/2026 - 21:40:11: [SPAWN] id=28 name="Security" time=112.632 map=fy_snow players=30
L 10/01/2026 - 21:40:11: [SPAWN] id=28 name="Security" time=112.642 map=fy_snow players=30
L 10/01/2026 - 21:40:11: [SPAWN] id=28 name="Security" time=112.652 map=fy_snow players=30
L 10/01/2026 - 21:40:11: [SPAWN] id=28 name="Security" time=112.662 map=fy_snow players=30
L 10/01/2026 - 21:40:11: [SPAWN] id=30 name="DRAGON" time=112.681 map=fy_snow players=30
L 10/01/2026 - 21:40:11: [SPAWN] id=28 name="Security" time=112.671 map=fy_snow players=30
L 10/01/2026 - 21:40:11: [SPAWN] id=28 name="Security" time=112.681 map=fy_snow players=30
L 10/01/2026 - 21:40:11: [SPAWN] id=28 name="Security" time=112.692 map=fy_snow players=30
L 10/01/2026 - 21:40:11: [SPAWN] id=28 name="Security" time=112.702 map=fy_snow players=30
L 10/01/2026 - 21:40:11: [SPAWN] id=28 name="Security" time=112.712 map=fy_snow players=30
L 10/01/2026 - 21:40:11: [SPAWN] id=28 name="Security" time=112.722 map=fy_snow players=30
L 10/01/2026 - 21:40:11: [SPAWN] id=28 name="Security" time=112.731 map=fy_snow players=30
L 10/01/2026 - 21:40:11: [SPAWN] id=28 name="Security" time=112.741 map=fy_snow players=30
L 10/01/2026 - 21:40:11: [SPAWN] id=28 name="Security" time=112.752 map=fy_snow players=30
L 10/01/2026 - 21:40:11: [SPAWN] id=28 name="Security" time=112.762 map=fy_snow players=30
L 10/01/2026 - 21:40:11: [SPAWN] id=28 name="Security" time=112.772 map=fy_snow players=30
L 10/01/2026 - 21:40:11: [SPAWN] id=28 name="Security" time=112.782 map=fy_snow players=30
L 10/01/2026 - 21:40:11: [SPAWN] id=28 name="Security" time=112.790 map=fy_snow players=30
L 10/01/2026 - 21:40:11: [SPAWN] id=28 name="Security" time=112.800 map=fy_snow players=30
L 10/01/2026 - 21:40:11: [SPAWN] id=28 name="Security" time=112.811 map=fy_snow players=30
L 10/01/2026 - 21:40:11: [SPAWN] id=28 name="Security" time=112.821 map=fy_snow players=30
L 10/01/2026 - 21:40:11: [SPAWN] id=28 name="Security" time=112.830 map=fy_snow players=30
L 10/01/2026 - 21:40:11: [SPAWN] id=28 name="Security" time=112.840 map=fy_snow players=30
L 10/01/2026 - 21:40:11: [SPAWN] id=28 name="Security" time=112.850 map=fy_snow players=30
L 10/01/2026 - 21:40:11: [SPAWN] id=28 name="Security" time=112.860 map=fy_snow players=30
L 10/01/2026 - 21:40:11: [SPAWN] id=28 name="Security" time=112.870 map=fy_snow players=30
L 10/01/2026 - 21:40:11: [SPAWN] id=28 name="Security" time=112.880 map=fy_snow players=30
L 10/01/2026 - 21:40:11: [SPAWN] id=28 name="Security" time=112.890 map=fy_snow players=30
L 10/01/2026 - 21:40:11: [SPAWN] id=28 name="Security" time=112.900 map=fy_snow players=30
L 10/01/2026 - 21:40:11: [SPAWN] id=28 name="Security" time=112.911 map=fy_snow players=30
L 10/01/2026 - 21:40:11: [SPAWN] id=28 name="Security" time=112.921 map=fy_snow players=30
L 10/01/2026 - 21:40:11: [SPAWN] id=28 name="Security" time=112.930 map=fy_snow players=30
L 10/01/2026 - 21:40:11: [SPAWN] id=28 name="Security" time=112.940 map=fy_snow players=30
L 10/01/2026 - 21:40:11: [SPAWN] id=28 name="Security" time=112.951 map=fy_snow players=30
L 10/01/2026 - 21:40:11: [SPAWN] id=28 name="Security" time=112.961 map=fy_snow players=30
L 10/01/2026 - 21:40:11: [SPAWN] id=28 name="Security" time=112.970 map=fy_snow players=30
L 10/01/2026 - 21:40:11: [SPAWN] id=28 name="Security" time=112.980 map=fy_snow players=30
L 10/01/2026 - 21:40:11: [SPAWN] id=28 name="Security" time=112.991 map=fy_snow players=30
L 10/01/2026 - 21:40:11: [SPAWN] id=28 name="Security" time=113.001 map=fy_snow players=30
L 10/01/2026 - 21:40:11: [SPAWN] id=28 name="Security" time=113.010 map=fy_snow players=30
L 10/01/2026 - 21:40:11: [SPAWN] id=28 name="Security" time=113.020 map=fy_snow players=30
L 10/01/2026 - 21:40:11: [SPAWN] id=28 name="Security" time=113.030 map=fy_snow players=30
L 10/01/2026 - 21:40:11: [SPAWN] id=28 name="Security" time=113.040 map=fy_snow players=30
L 10/01/2026 - 21:40:11: [SPAWN] id=28 name="Security" time=113.049 map=fy_snow players=30
L 10/01/2026 - 21:40:11: [SPAWN] id=28 name="Security" time=113.059 map=fy_snow players=30
L 10/01/2026 - 21:40:12: [SPAWN] id=28 name="Security" time=113.070 map=fy_snow players=30
L 10/01/2026 - 21:40:12: [SPAWN] id=28 name="Security" time=113.080 map=fy_snow players=30
L 10/01/2026 - 21:40:12: [SPAWN] id=28 name="Security" time=113.090 map=fy_snow players=30
L 10/01/2026 - 21:40:12: [SPAWN] id=28 name="Security" time=113.100 map=fy_snow players=30
L 10/01/2026 - 21:40:12: [SPAWN] id=28 name="Security" time=113.109 map=fy_snow players=30
L 10/01/2026 - 21:40:12: [SPAWN] id=28 name="Security" time=113.119 map=fy_snow players=30
L 10/01/2026 - 21:40:12: [SPAWN] id=28 name="Security" time=113.129 map=fy_snow players=30
L 10/01/2026 - 21:40:12: [SPAWN] id=28 name="Security" time=113.139 map=fy_snow players=30
L 10/01/2026 - 21:40:12: [SPAWN] id=28 name="Security" time=113.151 map=fy_snow players=30
L 10/01/2026 - 21:40:12: [SPAWN] id=28 name="Security" time=113.161 map=fy_snow players=30
L 10/01/2026 - 21:40:12: [SPAWN] id=28 name="Security" time=113.169 map=fy_snow players=30
L 10/01/2026 - 21:40:12: [SPAWN] id=28 name="Security" time=113.179 map=fy_snow players=30
L 10/01/2026 - 21:40:12: [SPAWN] id=28 name="Security" time=113.189 map=fy_snow players=30
L 10/01/2026 - 21:40:12: [SPAWN] id=28 name="Security" time=113.199 map=fy_snow players=30
L 10/01/2026 - 21:40:12: [SPAWN] id=28 name="Security" time=113.210 map=fy_snow players=30
L 10/01/2026 - 21:40:12: [SPAWN] id=28 name="Security" time=113.220 map=fy_snow players=30
L 10/01/2026 - 21:40:12: [SPAWN] id=28 name="Security" time=113.231 map=fy_snow players=30
L 10/01/2026 - 21:40:12: [SPAWN] id=28 name="Security" time=113.241 map=fy_snow players=30
L 10/01/2026 - 21:40:12: [SPAWN] id=28 name="Security" time=113.249 map=fy_snow players=30
L 10/01/2026 - 21:40:12: [SPAWN] id=28 name="Security" time=113.259 map=fy_snow players=30
L 10/01/2026 - 21:40:12: [SPAWN] id=28 name="Security" time=113.269 map=fy_snow players=30
L 10/01/2026 - 21:40:12: [SPAWN] id=28 name="Security" time=113.279 map=fy_snow players=30
L 10/01/2026 - 21:40:12: [SPAWN] id=28 name="Security" time=113.289 map=fy_snow players=30
L 10/01/2026 - 21:40:12: [SPAWN] id=28 name="Security" time=113.298 map=fy_snow players=30
L 10/01/2026 - 21:40:12: [SPAWN] id=28 name="Security" time=113.308 map=fy_snow players=30
L 10/01/2026 - 21:40:12: [SPAWN] id=28 name="Security" time=113.318 map=fy_snow players=30
L 10/01/2026 - 21:40:12: [SPAWN] id=28 name="Security" time=113.328 map=fy_snow players=30
L 10/01/2026 - 21:40:12: [SPAWN] id=28 name="Security" time=113.338 map=fy_snow players=30
L 10/01/2026 - 21:40:12: [SPAWN] id=28 name="Security" time=113.349 map=fy_snow players=30
L 10/01/2026 - 21:40:12: [SPAWN] id=28 name="Security" time=113.359 map=fy_snow players=30
L 10/01/2026 - 21:40:12: [SPAWN] id=28 name="Security" time=113.368 map=fy_snow players=30
L 10/01/2026 - 21:40:12: [SPAWN] id=28 name="Security" time=113.378 map=fy_snow players=30
L 10/01/2026 - 21:40:12: [SPAWN] id=28 name="Security" time=113.388 map=fy_snow players=30
L 10/01/2026 - 21:40:12: [SPAWN] id=28 name="Security" time=113.398 map=fy_snow players=30
L 10/01/2026 - 21:40:12: [SPAWN] id=28 name="Security" time=113.408 map=fy_snow players=30
L 10/01/2026 - 21:40:12: [SPAWN] id=28 name="Security" time=113.418 map=fy_snow players=30
L 10/01/2026 - 21:40:12: [SPAWN] id=28 name="Security" time=113.428 map=fy_snow players=30
L 10/01/2026 - 21:40:12: [SPAWN] id=28 name="Security" time=113.438 map=fy_snow players=30
L 10/01/2026 - 21:40:12: [SPAWN] id=28 name="Security" time=113.448 map=fy_snow players=30
L 10/01/2026 - 21:40:12: [SPAWN] id=28 name="Security" time=113.458 map=fy_snow players=30
L 10/01/2026 - 21:40:12: [SPAWN] id=28 name="Security" time=113.467 map=fy_snow players=30
L 10/01/2026 - 21:40:12: [SPAWN] id=28 name="Security" time=113.477 map=fy_snow players=30
L 10/01/2026 - 21:40:12: [SPAWN] id=28 name="Security" time=113.488 map=fy_snow players=30
L 10/01/2026 - 21:40:12: [SPAWN] id=28 name="Security" time=113.497 map=fy_snow players=30
L 10/01/2026 - 21:40:12: [SPAWN] id=28 name="Security" time=113.508 map=fy_snow players=30
L 10/01/2026 - 21:40:12: [SPAWN] id=28 name="Security" time=113.518 map=fy_snow players=30
L 10/01/2026 - 21:40:12: [SPAWN] id=28 name="Security" time=113.527 map=fy_snow players=30
L 10/01/2026 - 21:40:12: [SPAWN] id=28 name="Security" time=113.537 map=fy_snow players=30
L 10/01/2026 - 21:40:12: [SPAWN] id=28 name="Security" time=113.548 map=fy_snow players=30
L 10/01/2026 - 21:40:12: [SPAWN] id=28 name="Security" time=113.558 map=fy_snow players=30
L 10/01/2026 - 21:40:12: [SPAWN] id=28 name="Security" time=113.567 map=fy_snow players=30
L 10/01/2026 - 21:40:12: [SPAWN] id=28 name="Security" time=113.577 map=fy_snow players=30
L 10/01/2026 - 21:40:12: [SPAWN] id=28 name="Security" time=113.587 map=fy_snow players=30
L 10/01/2026 - 21:40:12: [SPAWN] id=28 name="Security" time=113.597 map=fy_snow players=30
L 10/01/2026 - 21:40:12: [SPAWN] id=28 name="Security" time=113.610 map=fy_snow players=30
L 10/01/2026 - 21:40:12: [SPAWN] id=28 name="Security" time=113.620 map=fy_snow players=30
L 10/01/2026 - 21:40:12: [SPAWN] id=28 name="Security" time=113.627 map=fy_snow players=30
L 10/01/2026 - 21:40:12: [SPAWN] id=28 name="Security" time=113.637 map=fy_snow players=30
L 10/01/2026 - 21:40:12: [SPAWN] id=28 name="Security" time=113.647 map=fy_snow players=30
L 10/01/2026 - 21:40:12: [SPAWN] id=28 name="Security" time=113.657 map=fy_snow players=30
L 10/01/2026 - 21:40:12: [SPAWN] id=28 name="Security" time=113.667 map=fy_snow players=30
L 10/01/2026 - 21:40:12: [SPAWN] id=28 name="Security" time=113.677 map=fy_snow players=30
L 10/01/2026 - 21:40:12: [SPAWN] id=28 name="Security" time=113.686 map=fy_snow players=30
L 10/01/2026 - 21:40:12: [SPAWN] id=28 name="Security" time=113.696 map=fy_snow players=30
L 10/01/2026 - 21:40:12: [SPAWN] id=28 name="Security" time=113.706 map=fy_snow players=30
L 10/01/2026 - 21:40:12: [SPAWN] id=28 name="Security" time=113.716 map=fy_snow players=30
L 10/01/2026 - 21:40:12: [SPAWN] id=28 name="Security" time=113.726 map=fy_snow players=30
L 10/01/2026 - 21:40:12: [SPAWN] id=28 name="Security" time=113.736 map=fy_snow players=30
L 10/01/2026 - 21:40:12: [SPAWN] id=28 name="Security" time=113.746 map=fy_snow players=30
L 10/01/2026 - 21:40:12: [SPAWN] id=28 name="Security" time=113.756 map=fy_snow players=30
L 10/01/2026 - 21:40:12: [SPAWN] id=28 name="Security" time=113.766 map=fy_snow players=30
L 10/01/2026 - 21:40:12: [SPAWN] id=28 name="Security" time=113.776 map=fy_snow players=30
L 10/01/2026 - 21:40:12: [SPAWN] id=28 name="Security" time=113.785 map=fy_snow players=30
L 10/01/2026 - 21:40:12: [SPAWN] id=28 name="Security" time=113.795 map=fy_snow players=30
L 10/01/2026 - 21:40:12: [SPAWN] id=28 name="Security" time=113.806 map=fy_snow players=30
L 10/01/2026 - 21:40:12: [SPAWN] id=28 name="Security" time=113.816 map=fy_snow players=30
L 10/01/2026 - 21:40:12: [SPAWN] id=28 name="Security" time=113.825 map=fy_snow players=30
L 10/01/2026 - 21:40:12: [SPAWN] id=28 name="Security" time=113.835 map=fy_snow players=30
L 10/01/2026 - 21:40:12: [SPAWN] id=28 name="Security" time=113.845 map=fy_snow players=30
L 10/01/2026 - 21:40:12: [SPAWN] id=28 name="Security" time=113.855 map=fy_snow players=30
L 10/01/2026 - 21:40:12: [SPAWN] id=28 name="Security" time=113.866 map=fy_snow players=30
L 10/01/2026 - 21:40:12: [SPAWN] id=28 name="Security" time=113.876 map=fy_snow players=30
L 10/01/2026 - 21:40:12: [SPAWN] id=28 name="Security" time=113.885 map=fy_snow players=30
L 10/01/2026 - 21:40:12: [SPAWN] id=28 name="Security" time=113.895 map=fy_snow players=30
L 10/01/2026 - 21:40:12: [SPAWN] id=28 name="Security" time=113.905 map=fy_snow players=30
L 10/01/2026 - 21:40:12: [SPAWN] id=28 name="Security" time=113.915 map=fy_snow players=30
L 10/01/2026 - 21:40:12: [SPAWN] id=28 name="Security" time=113.927 map=fy_snow players=30
L 10/01/2026 - 21:40:12: [SPAWN] id=28 name="Security" time=113.937 map=fy_snow players=30
L 10/01/2026 - 21:40:12: [SPAWN] id=28 name="Security" time=113.945 map=fy_snow players=30
L 10/01/2026 - 21:40:12: [SPAWN] id=28 name="Security" time=113.955 map=fy_snow players=30
L 10/01/2026 - 21:40:12: [SPAWN] id=28 name="Security" time=113.966 map=fy_snow players=30
L 10/01/2026 - 21:40:12: [SPAWN] id=28 name="Security" time=113.976 map=fy_snow players=30
L 10/01/2026 - 21:40:12: [SPAWN] id=28 name="Security" time=113.985 map=fy_snow players=30
L 10/01/2026 - 21:40:12: [SPAWN] id=28 name="Security" time=113.995 map=fy_snow players=30
L 10/01/2026 - 21:40:12: [SPAWN] id=28 name="Security" time=114.006 map=fy_snow players=30
L 10/01/2026 - 21:40:12: [SPAWN] id=28 name="Security" time=114.016 map=fy_snow players=30
L 10/01/2026 - 21:40:12: [SPAWN] id=28 name="Security" time=114.025 map=fy_snow players=30
L 10/01/2026 - 21:40:12: [SPAWN] id=28 name="Security" time=114.035 map=fy_snow players=30
L 10/01/2026 - 21:40:12: [SPAWN] id=28 name="Security" time=114.045 map=fy_snow players=30
L 10/01/2026 - 21:40:12: [SPAWN] id=28 name="Security" time=114.055 map=fy_snow players=30
L 10/01/2026 - 21:40:13: [SPAWN] id=28 name="Security" time=114.064 map=fy_snow players=30
L 10/01/2026 - 21:40:13: [SPAWN] id=28 name="Security" time=114.074 map=fy_snow players=30
L 10/01/2026 - 21:40:13: [SPAWN] id=28 name="Security" time=114.084 map=fy_snow players=30
L 10/01/2026 - 21:40:13: [SPAWN] id=28 name="Security" time=114.094 map=fy_snow players=30
L 10/01/2026 - 21:40:13: [SPAWN] id=28 name="Security" time=114.104 map=fy_snow players=30
L 10/01/2026 - 21:40:13: [SPAWN] id=28 name="Security" time=114.114 map=fy_snow players=30
L 10/01/2026 - 21:40:13: [SPAWN] id=28 name="Security" time=114.125 map=fy_snow players=30
L 10/01/2026 - 21:40:13: [SPAWN] id=28 name="Security" time=114.135 map=fy_snow players=30
L 10/01/2026 - 21:40:13: [SPAWN] id=28 name="Security" time=114.144 map=fy_snow players=30
L 10/01/2026 - 21:40:13: [SPAWN] id=28 name="Security" time=114.154 map=fy_snow players=30
L 10/01/2026 - 21:40:13: [SPAWN] id=28 name="Security" time=114.164 map=fy_snow players=30
L 10/01/2026 - 21:40:13: [SPAWN] id=28 name="Security" time=114.174 map=fy_snow players=30
L 10/01/2026 - 21:40:13: [SPAWN] id=28 name="Security" time=114.184 map=fy_snow players=30
L 10/01/2026 - 21:40:13: [SPAWN] id=28 name="Security" time=114.194 map=fy_snow players=30
L 10/01/2026 - 21:40:13: [SPAWN] id=28 name="Security" time=114.204 map=fy_snow players=30
L 10/01/2026 - 21:40:13: [SPAWN] id=28 name="Security" time=114.214 map=fy_snow players=30
L 10/01/2026 - 21:40:13: [SPAWN] id=28 name="Security" time=114.224 map=fy_snow players=30
L 10/01/2026 - 21:40:13: [SPAWN] id=28 name="Security" time=114.234 map=fy_snow players=30
L 10/01/2026 - 21:40:13: [SPAWN] id=28 name="Security" time=114.243 map=fy_snow players=30
L 10/01/2026 - 21:40:13: [SPAWN] id=28 name="Security" time=114.253 map=fy_snow players=30
L 10/01/2026 - 21:40:13: [SPAWN] id=28 name="Security" time=114.263 map=fy_snow players=30
L 10/01/2026 - 21:40:13: [SPAWN] id=28 name="Security" time=114.273 map=fy_snow players=30
L 10/01/2026 - 21:40:13: [SPAWN] id=28 name="Security" time=114.283 map=fy_snow players=30
L 10/01/2026 - 21:40:13: [SPAWN] id=28 name="Security" time=114.293 map=fy_snow players=30
L 10/01/2026 - 21:40:13: [SPAWN] id=28 name="Security" time=114.305 map=fy_snow players=30
L 10/01/2026 - 21:40:13: [SPAWN] id=28 name="Security" time=114.314 map=fy_snow players=30
L 10/01/2026 - 21:40:13: [SPAWN] id=28 name="Security" time=114.323 map=fy_snow players=30
L 10/01/2026 - 21:40:13: [SPAWN] id=28 name="Security" time=114.333 map=fy_snow players=30
L 10/01/2026 - 21:40:13: [SPAWN] id=28 name="Security" time=114.344 map=fy_snow players=30
L 10/01/2026 - 21:40:13: [SPAWN] id=28 name="Security" time=114.354 map=fy_snow players=30
L 10/01/2026 - 21:40:13: [SPAWN] id=28 name="Security" time=114.363 map=fy_snow players=30
L 10/01/2026 - 21:40:13: [SPAWN] id=28 name="Security" time=114.373 map=fy_snow players=30
L 10/01/2026 - 21:40:13: [SPAWN] id=28 name="Security" time=114.383 map=fy_snow players=30
L 10/01/2026 - 21:40:13: [SPAWN] id=28 name="Security" time=114.393 map=fy_snow players=30
L 10/01/2026 - 21:40:13: [SPAWN] id=28 name="Security" time=114.403 map=fy_snow players=30
L 10/01/2026 - 21:40:13: [SPAWN] id=28 name="Security" time=114.413 map=fy_snow players=30
L 10/01/2026 - 21:40:13: [SPAWN] id=28 name="Security" time=114.423 map=fy_snow players=30
L 10/01/2026 - 21:40:13: [SPAWN] id=28 name="Security" time=114.433 map=fy_snow players=30
L 10/01/2026 - 21:40:13: [SPAWN] id=28 name="Security" time=114.443 map=fy_snow players=30
L 10/01/2026 - 21:40:13: [SPAWN] id=28 name="Security" time=114.453 map=fy_snow players=30
L 10/01/2026 - 21:40:13: [SPAWN] id=28 name="Security" time=114.463 map=fy_snow players=30
L 10/01/2026 - 21:40:13: [SPAWN] id=28 name="Security" time=114.473 map=fy_snow players=30
L 10/01/2026 - 21:40:13: [SPAWN] id=28 name="Security" time=114.483 map=fy_snow players=30
L 10/01/2026 - 21:40:13: [SPAWN] id=28 name="Security" time=114.493 map=fy_snow players=30
L 10/01/2026 - 21:40:13: [SPAWN] id=28 name="Security" time=114.502 map=fy_snow players=30
L 10/01/2026 - 21:40:13: [SPAWN] id=28 name="Security" time=114.512 map=fy_snow players=30
L 10/01/2026 - 21:40:13: [SPAWN] id=28 name="Security" time=114.523 map=fy_snow players=30
L 10/01/2026 - 21:40:13: [SPAWN] id=28 name="Security" time=114.533 map=fy_snow players=30
L 10/01/2026 - 21:40:13: [SPAWN] id=28 name="Security" time=114.543 map=fy_snow players=30
L 10/01/2026 - 21:40:13: [SPAWN] id=28 name="Security" time=114.553 map=fy_snow players=30
L 10/01/2026 - 21:40:13: [SPAWN] id=28 name="Security" time=114.562 map=fy_snow players=30
L 10/01/2026 - 21:40:13: [SPAWN] id=28 name="Security" time=114.572 map=fy_snow players=30
L 10/01/2026 - 21:40:13: [SPAWN] id=28 name="Security" time=114.582 map=fy_snow players=30
L 10/01/2026 - 21:40:13: [SPAWN] id=28 name="Security" time=114.592 map=fy_snow players=30
L 10/01/2026 - 21:40:13: [SPAWN] id=28 name="Security" time=114.603 map=fy_snow players=30
L 10/01/2026 - 21:40:13: [SPAWN] id=28 name="Security" time=114.613 map=fy_snow players=30
L 10/01/2026 - 21:40:13: [SPAWN] id=26 name="(1)Unikov" time=114.621 map=fy_snow players=30
L 10/01/2026 - 21:40:13: [SPAWN] id=28 name="Security" time=114.622 map=fy_snow players=30
L 10/01/2026 - 21:40:13: [SPAWN] id=28 name="Security" time=114.632 map=fy_snow players=30
L 10/01/2026 - 21:40:13: [SPAWN] id=28 name="Security" time=114.642 map=fy_snow players=30
L 10/01/2026 - 21:40:13: [SPAWN] id=28 name="Security" time=114.652 map=fy_snow players=30
L 10/01/2026 - 21:40:13: [SPAWN] id=28 name="Security" time=114.661 map=fy_snow players=30
L 10/01/2026 - 21:40:13: [SPAWN] id=28 name="Security" time=114.671 map=fy_snow players=30
L 10/01/2026 - 21:40:13: [SPAWN] id=28 name="Security" time=114.682 map=fy_snow players=30
L 10/01/2026 - 21:40:13: [SPAWN] id=28 name="Security" time=114.692 map=fy_snow players=30
L 10/01/2026 - 21:40:13: [SPAWN] id=28 name="Security" time=114.701 map=fy_snow players=30
L 10/01/2026 - 21:40:13: [SPAWN] id=28 name="Security" time=114.711 map=fy_snow players=30
L 10/01/2026 - 21:40:13: [SPAWN] id=28 name="Security" time=114.722 map=fy_snow players=30
L 10/01/2026 - 21:40:13: [SPAWN] id=28 name="Security" time=114.732 map=fy_snow players=30
L 10/01/2026 - 21:40:13: [SPAWN] id=28 name="Security" time=114.743 map=fy_snow players=30
L 10/01/2026 - 21:40:13: [SPAWN] id=28 name="Security" time=114.753 map=fy_snow players=30
L 10/01/2026 - 21:40:13: [SPAWN] id=28 name="Security" time=114.762 map=fy_snow players=30
L 10/01/2026 - 21:40:13: [SPAWN] id=28 name="Security" time=114.772 map=fy_snow players=30
L 10/01/2026 - 21:40:13: [SPAWN] id=28 name="Security" time=114.782 map=fy_snow players=30
L 10/01/2026 - 21:40:13: [SPAWN] id=28 name="Security" time=114.792 map=fy_snow players=30
L 10/01/2026 - 21:40:13: [SPAWN] id=28 name="Security" time=114.801 map=fy_snow players=30
L 10/01/2026 - 21:40:13: [SPAWN] id=28 name="Security" time=114.811 map=fy_snow players=30
L 10/01/2026 - 21:40:13: [SPAWN] id=28 name="Security" time=114.821 map=fy_snow players=30
L 10/01/2026 - 21:40:13: [SPAWN] id=28 name="Security" time=114.831 map=fy_snow players=30
L 10/01/2026 - 21:40:13: [SPAWN] id=28 name="Security" time=114.841 map=fy_snow players=30
L 10/01/2026 - 21:40:13: [SPAWN] id=28 name="Security" time=114.851 map=fy_snow players=30
L 10/01/2026 - 21:40:13: [SPAWN] id=28 name="Security" time=114.865 map=fy_snow players=30
L 10/01/2026 - 21:40:13: [SPAWN] id=28 name="Security" time=114.875 map=fy_snow players=30
L 10/01/2026 - 21:40:13: [SPAWN] id=28 name="Security" time=114.881 map=fy_snow players=30
L 10/01/2026 - 21:40:13: [SPAWN] id=28 name="Security" time=114.891 map=fy_snow players=30
L 10/01/2026 - 21:40:13: [SPAWN] id=28 name="Security" time=114.900 map=fy_snow players=30
L 10/01/2026 - 21:40:13: [SPAWN] id=28 name="Security" time=114.910 map=fy_snow players=30
L 10/01/2026 - 21:40:13: [SPAWN] id=28 name="Security" time=114.922 map=fy_snow players=30
L 10/01/2026 - 21:40:13: [SPAWN] id=28 name="Security" time=114.931 map=fy_snow players=30
L 10/01/2026 - 21:40:13: [SPAWN] id=28 name="Security" time=114.941 map=fy_snow players=30
L 10/01/2026 - 21:40:13: [SPAWN] id=28 name="Security" time=114.951 map=fy_snow players=30
L 10/01/2026 - 21:40:13: [SPAWN] id=28 name="Security" time=114.960 map=fy_snow players=30
L 10/01/2026 - 21:40:13: [SPAWN] id=28 name="Security" time=114.970 map=fy_snow players=30
L 10/01/2026 - 21:40:13: [SPAWN] id=24 name="BENÇA_PE" time=114.983 map=fy_snow players=30
L 10/01/2026 - 21:40:13: [SPAWN] id=28 name="Security" time=114.981 map=fy_snow players=30
L 10/01/2026 - 21:40:13: [SPAWN] id=28 name="Security" time=114.991 map=fy_snow players=30
L 10/01/2026 - 21:40:13: [SPAWN] id=28 name="Security" time=114.999 map=fy_snow players=30
L 10/01/2026 - 21:40:13: [SPAWN] id=28 name="Security" time=115.009 map=fy_snow players=30
L 10/01/2026 - 21:40:13: [SPAWN] id=28 name="Security" time=115.021 map=fy_snow players=30
L 10/01/2026 - 21:40:13: [SPAWN] id=28 name="Security" time=115.031 map=fy_snow players=30
L 10/01/2026 - 21:40:13: [SPAWN] id=28 name="Security" time=115.039 map=fy_snow players=30
L 10/01/2026 - 21:40:13: [SPAWN] id=28 name="Security" time=115.049 map=fy_snow players=30
L 10/01/2026 - 21:40:14: [SPAWN] id=28 name="Security" time=115.060 map=fy_snow players=30
L 10/01/2026 - 21:40:14: [SPAWN] id=28 name="Security" time=115.070 map=fy_snow players=30
L 10/01/2026 - 21:40:14: [SPAWN] id=28 name="Security" time=115.079 map=fy_snow players=30
L 10/01/2026 - 21:40:14: [SPAWN] id=28 name="Security" time=115.089 map=fy_snow players=30
L 10/01/2026 - 21:40:14: [SPAWN] id=28 name="Security" time=115.100 map=fy_snow players=30
L 10/01/2026 - 21:40:14: [SPAWN] id=28 name="Security" time=115.110 map=fy_snow players=30
L 10/01/2026 - 21:40:14: [SPAWN] id=28 name="Security" time=115.120 map=fy_snow players=30
L 10/01/2026 - 21:40:14: [SPAWN] id=28 name="Security" time=115.129 map=fy_snow players=30
L 10/01/2026 - 21:40:14: [SPAWN] id=28 name="Security" time=115.139 map=fy_snow players=30
L 10/01/2026 - 21:40:14: [SPAWN] id=28 name="Security" time=115.149 map=fy_snow players=30
L 10/01/2026 - 21:40:14: [SPAWN] id=28 name="Security" time=115.159 map=fy_snow players=30
L 10/01/2026 - 21:40:14: [SPAWN] id=28 name="Security" time=115.169 map=fy_snow players=30
L 10/01/2026 - 21:40:14: [SPAWN] id=28 name="Security" time=115.180 map=fy_snow players=30
L 10/01/2026 - 21:40:14: [SPAWN] id=28 name="Security" time=115.190 map=fy_snow players=30
L 10/01/2026 - 21:40:14: [SPAWN] id=28 name="Security" time=115.199 map=fy_snow players=30
L 10/01/2026 - 21:40:14: [SPAWN] id=28 name="Security" time=115.209 map=fy_snow players=30
L 10/01/2026 - 21:40:14: [SPAWN] id=28 name="Security" time=115.219 map=fy_snow players=30
L 10/01/2026 - 21:40:14: [SPAWN] id=28 name="Security" time=115.229 map=fy_snow players=30
L 10/01/2026 - 21:40:14: [SPAWN] id=28 name="Security" time=115.239 map=fy_snow players=30
L 10/01/2026 - 21:40:14: [SPAWN] id=28 name="Security" time=115.249 map=fy_snow players=30
L 10/01/2026 - 21:40:14: [SPAWN] id=28 name="Security" time=115.259 map=fy_snow players=30
L 10/01/2026 - 21:40:14: [SPAWN] id=28 name="Security" time=115.269 map=fy_snow players=30
L 10/01/2026 - 21:40:14: [SPAWN] id=28 name="Security" time=115.280 map=fy_snow players=30
L 10/01/2026 - 21:40:14: [SPAWN] id=28 name="Security" time=115.290 map=fy_snow players=30
L 10/01/2026 - 21:40:14: [SPAWN] id=28 name="Security" time=115.299 map=fy_snow players=30
L 10/01/2026 - 21:40:14: [SPAWN] id=28 name="Security" time=115.309 map=fy_snow players=30
L 10/01/2026 - 21:40:14: [SPAWN] id=28 name="Security" time=115.319 map=fy_snow players=30
L 10/01/2026 - 21:40:14: [SPAWN] id=28 name="Security" time=115.328 map=fy_snow players=30
L 10/01/2026 - 21:40:14: [SPAWN] id=28 name="Security" time=115.339 map=fy_snow players=30
L 10/01/2026 - 21:40:14: [SPAWN] id=28 name="Security" time=115.349 map=fy_snow players=30
L 10/01/2026 - 21:40:14: [SPAWN] id=28 name="Security" time=115.359 map=fy_snow players=30
L 10/01/2026 - 21:40:14: [SPAWN] id=28 name="Security" time=115.369 map=fy_snow players=30
L 10/01/2026 - 21:40:14: [SPAWN] id=28 name="Security" time=115.378 map=fy_snow players=30
L 10/01/2026 - 21:40:14: [SPAWN] id=28 name="Security" time=115.388 map=fy_snow players=30
L 10/01/2026 - 21:40:14: [SPAWN] id=28 name="Security" time=115.399 map=fy_snow players=30
L 10/01/2026 - 21:40:14: [SPAWN] id=28 name="Security" time=115.409 map=fy_snow players=30
L 10/01/2026 - 21:40:14: [SPAWN] id=28 name="Security" time=115.418 map=fy_snow players=30
L 10/01/2026 - 21:40:14: [SPAWN] id=28 name="Security" time=115.428 map=fy_snow players=30
L 10/01/2026 - 21:40:14: [SPAWN] id=28 name="Security" time=115.439 map=fy_snow players=30
L 10/01/2026 - 21:40:14: [SPAWN] id=28 name="Security" time=115.449 map=fy_snow players=30
L 10/01/2026 - 21:40:14: [SPAWN] id=28 name="Security" time=115.458 map=fy_snow players=30
L 10/01/2026 - 21:40:14: [SPAWN] id=28 name="Security" time=115.468 map=fy_snow players=30
L 10/01/2026 - 21:40:14: [SPAWN] id=28 name="Security" time=115.477 map=fy_snow players=30
L 10/01/2026 - 21:40:14: [SPAWN] id=28 name="Security" time=115.487 map=fy_snow players=30
L 10/01/2026 - 21:40:14: [SPAWN] id=28 name="Security" time=115.498 map=fy_snow players=30
L 10/01/2026 - 21:40:14: [SPAWN] id=28 name="Security" time=115.508 map=fy_snow players=30
L 10/01/2026 - 21:40:14: [SPAWN] id=28 name="Security" time=115.518 map=fy_snow players=30
L 10/01/2026 - 21:40:14: [SPAWN] id=28 name="Security" time=115.528 map=fy_snow players=30
L 10/01/2026 - 21:40:14: [SPAWN] id=28 name="Security" time=115.538 map=fy_snow players=30
L 10/01/2026 - 21:40:14: [SPAWN] id=28 name="Security" time=115.548 map=fy_snow players=30
L 10/01/2026 - 21:40:14: [SPAWN] id=28 name="Security" time=115.557 map=fy_snow players=30
L 10/01/2026 - 21:40:14: [SPAWN] id=28 name="Security" time=115.567 map=fy_snow players=30
L 10/01/2026 - 21:40:14: [SPAWN] id=28 name="Security" time=115.577 map=fy_snow players=30
L 10/01/2026 - 21:40:14: [SPAWN] id=28 name="Security" time=115.587 map=fy_snow players=30
L 10/01/2026 - 21:40:14: [SPAWN] id=28 name="Security" time=115.597 map=fy_snow players=30
L 10/01/2026 - 21:40:14: [SPAWN] id=28 name="Security" time=115.607 map=fy_snow players=30
L 10/01/2026 - 21:40:14: [SPAWN] id=28 name="Security" time=115.617 map=fy_snow players=30
L 10/01/2026 - 21:40:14: [SPAWN] id=28 name="Security" time=115.627 map=fy_snow players=30
L 10/01/2026 - 21:40:14: [SPAWN] id=28 name="Security" time=115.637 map=fy_snow players=30
L 10/01/2026 - 21:40:14: [SPAWN] id=28 name="Security" time=115.647 map=fy_snow players=30
L 10/01/2026 - 21:40:14: [SPAWN] id=28 name="Security" time=115.656 map=fy_snow players=30
L 10/01/2026 - 21:40:14: [SPAWN] id=28 name="Security" time=115.666 map=fy_snow players=30
L 10/01/2026 - 21:40:14: [SPAWN] id=28 name="Security" time=115.677 map=fy_snow players=30
L 10/01/2026 - 21:40:14: [SPAWN] id=28 name="Security" time=115.687 map=fy_snow players=30
L 10/01/2026 - 21:40:14: [SPAWN] id=28 name="Security" time=115.697 map=fy_snow players=30
L 10/01/2026 - 21:40:14: [SPAWN] id=28 name="Security" time=115.707 map=fy_snow players=30
L 10/01/2026 - 21:40:14: [SPAWN] id=28 name="Security" time=115.717 map=fy_snow players=30
L 10/01/2026 - 21:40:14: [SPAWN] id=28 name="Security" time=115.727 map=fy_snow players=30
L 10/01/2026 - 21:40:14: [SPAWN] id=28 name="Security" time=115.737 map=fy_snow players=30
L 10/01/2026 - 21:40:14: [SPAWN] id=28 name="Security" time=115.747 map=fy_snow players=30
L 10/01/2026 - 21:40:14: [SPAWN] id=28 name="Security" time=115.756 map=fy_snow players=30
L 10/01/2026 - 21:40:14: [SPAWN] id=28 name="Security" time=115.766 map=fy_snow players=30
L 10/01/2026 - 21:40:14: [SPAWN] id=28 name="Security" time=115.776 map=fy_snow players=30
L 10/01/2026 - 21:40:14: [SPAWN] id=28 name="Security" time=115.786 map=fy_snow players=30
L 10/01/2026 - 21:40:14: [SPAWN] id=28 name="Security" time=115.797 map=fy_snow players=30
L 10/01/2026 - 21:40:14: [SPAWN] id=28 name="Security" time=115.807 map=fy_snow players=30
L 10/01/2026 - 21:40:14: [SPAWN] id=28 name="Security" time=115.816 map=fy_snow players=30
L 10/01/2026 - 21:40:14: [SPAWN] id=28 name="Security" time=115.826 map=fy_snow players=30
L 10/01/2026 - 21:40:14: [SPAWN] id=28 name="Security" time=115.836 map=fy_snow players=30
L 10/01/2026 - 21:40:14: [SPAWN] id=28 name="Security" time=115.846 map=fy_snow players=30
L 10/01/2026 - 21:40:14: [SPAWN] id=28 name="Security" time=115.856 map=fy_snow players=30
L 10/01/2026 - 21:40:14: [SPAWN] id=28 name="Security" time=115.866 map=fy_snow players=30
L 10/01/2026 - 21:40:14: [SPAWN] id=28 name="Security" time=115.876 map=fy_snow players=30
L 10/01/2026 - 21:40:14: [SPAWN] id=28 name="Security" time=115.886 map=fy_snow players=30
L 10/01/2026 - 21:40:14: [SPAWN] id=28 name="Security" time=115.895 map=fy_snow players=30
L 10/01/2026 - 21:40:14: [SPAWN] id=28 name="Security" time=115.905 map=fy_snow players=30
L 10/01/2026 - 21:40:14: [SPAWN] id=28 name="Security" time=115.916 map=fy_snow players=30
L 10/01/2026 - 21:40:14: [SPAWN] id=28 name="Security" time=115.926 map=fy_snow players=30
L 10/01/2026 - 21:40:14: [SPAWN] id=28 name="Security" time=115.936 map=fy_snow players=30
L 10/01/2026 - 21:40:14: [SPAWN] id=28 name="Security" time=115.945 map=fy_snow players=30
L 10/01/2026 - 21:40:14: [SPAWN] id=28 name="Security" time=115.956 map=fy_snow players=30
L 10/01/2026 - 21:40:14: [SPAWN] id=28 name="Security" time=115.966 map=fy_snow players=30
L 10/01/2026 - 21:40:14: [SPAWN] id=28 name="Security" time=115.975 map=fy_snow players=30
L 10/01/2026 - 21:40:14: [SPAWN] id=28 name="Security" time=115.985 map=fy_snow players=30
L 10/01/2026 - 21:40:14: [SPAWN] id=28 name="Security" time=115.995 map=fy_snow players=30
L 10/01/2026 - 21:40:14: [SPAWN] id=28 name="Security" time=116.005 map=fy_snow players=30
L 10/01/2026 - 21:40:14: [SPAWN] id=28 name="Security" time=116.015 map=fy_snow players=30
L 10/01/2026 - 21:40:14: [SPAWN] id=28 name="Security" time=116.025 map=fy_snow players=30
L 10/01/2026 - 21:40:14: [SPAWN] id=28 name="Security" time=116.035 map=fy_snow players=30
L 10/01/2026 - 21:40:14: [SPAWN] id=28 name="Security" time=116.045 map=fy_snow players=30
L 10/01/2026 - 21:40:14: [SPAWN] id=28 name="Security" time=116.055 map=fy_snow players=30
L 10/01/2026 - 21:40:14: [SPAWN] id=28 name="Security" time=116.065 map=fy_snow players=30
L 10/01/2026 - 21:40:15: [SPAWN] id=28 name="Security" time=116.076 map=fy_snow players=30
L 10/01/2026 - 21:40:15: [SPAWN] id=28 name="Security" time=116.086 map=fy_snow players=30
L 10/01/2026 - 21:40:15: [SPAWN] id=28 name="Security" time=116.096 map=fy_snow players=30
L 10/01/2026 - 21:40:15: [SPAWN] id=28 name="Security" time=116.106 map=fy_snow players=30
L 10/01/2026 - 21:40:15: [SPAWN] id=28 name="Security" time=116.114 map=fy_snow players=30
L 10/01/2026 - 21:40:15: [SPAWN] id=28 name="Security" time=116.124 map=fy_snow players=30
L 10/01/2026 - 21:40:15: [SPAWN] id=27 name="oby" time=116.132 map=fy_snow players=30
L 10/01/2026 - 21:40:15: [SPAWN] id=28 name="Security" time=116.135 map=fy_snow players=30
L 10/01/2026 - 21:40:15: [SPAWN] id=28 name="Security" time=116.144 map=fy_snow players=30
L 10/01/2026 - 21:40:15: [SPAWN] id=28 name="Security" time=116.155 map=fy_snow players=30
L 10/01/2026 - 21:40:15: [SPAWN] id=28 name="Security" time=116.165 map=fy_snow players=30
L 10/01/2026 - 21:40:15: [SPAWN] id=28 name="Security" time=116.175 map=fy_snow players=30
L 10/01/2026 - 21:40:15: [SPAWN] id=28 name="Security" time=116.185 map=fy_snow players=30
L 10/01/2026 - 21:40:15: [SPAWN] id=28 name="Security" time=116.194 map=fy_snow players=30
L 10/01/2026 - 21:40:15: [SPAWN] id=28 name="Security" time=116.204 map=fy_snow players=30
L 10/01/2026 - 21:40:15: [SPAWN] id=28 name="Security" time=116.214 map=fy_snow players=30
L 10/01/2026 - 21:40:15: [SPAWN] id=28 name="Security" time=116.224 map=fy_snow players=30
L 10/01/2026 - 21:40:15: [SPAWN] id=28 name="Security" time=116.234 map=fy_snow players=30
L 10/01/2026 - 21:40:15: [SPAWN] id=28 name="Security" time=116.244 map=fy_snow players=30
L 10/01/2026 - 21:40:15: [SPAWN] id=28 name="Security" time=116.253 map=fy_snow players=30
L 10/01/2026 - 21:40:15: [SPAWN] id=28 name="Security" time=116.263 map=fy_snow players=30
L 10/01/2026 - 21:40:15: [SPAWN] id=28 name="Security" time=116.274 map=fy_snow players=30
L 10/01/2026 - 21:40:15: [SPAWN] id=28 name="Security" time=116.284 map=fy_snow players=30
L 10/01/2026 - 21:40:15: [SPAWN] id=28 name="Security" time=116.293 map=fy_snow players=30
L 10/01/2026 - 21:40:15: [SPAWN] id=28 name="Security" time=116.303 map=fy_snow players=30
L 10/01/2026 - 21:40:15: [SPAWN] id=28 name="Security" time=116.314 map=fy_snow players=30
L 10/01/2026 - 21:40:15: [SPAWN] id=28 name="Security" time=116.324 map=fy_snow players=30
L 10/01/2026 - 21:40:15: [SPAWN] id=28 name="Security" time=116.334 map=fy_snow players=30
L 10/01/2026 - 21:40:15: [SPAWN] id=28 name="Security" time=116.343 map=fy_snow players=30
L 10/01/2026 - 21:40:15: [SPAWN] id=28 name="Security" time=116.353 map=fy_snow players=30
L 10/01/2026 - 21:40:15: [SPAWN] id=28 name="Security" time=116.363 map=fy_snow players=30
L 10/01/2026 - 21:40:15: [SPAWN] id=28 name="Security" time=116.373 map=fy_snow players=30
L 10/01/2026 - 21:40:15: [SPAWN] id=28 name="Security" time=116.383 map=fy_snow players=30
L 10/01/2026 - 21:40:15: [SPAWN] id=28 name="Security" time=116.393 map=fy_snow players=30
L 10/01/2026 - 21:40:15: [SPAWN] id=28 name="Security" time=116.403 map=fy_snow players=30
L 10/01/2026 - 21:40:15: [SPAWN] id=28 name="Security" time=116.412 map=fy_snow players=30
L 10/01/2026 - 21:40:15: [SPAWN] id=28 name="Security" time=116.422 map=fy_snow players=30
L 10/01/2026 - 21:40:15: [SPAWN] id=28 name="Security" time=116.433 map=fy_snow players=30
L 10/01/2026 - 21:40:15: [SPAWN] id=28 name="Security" time=116.443 map=fy_snow players=30
L 10/01/2026 - 21:40:15: [SPAWN] id=28 name="Security" time=116.453 map=fy_snow players=30
L 10/01/2026 - 21:40:15: [SPAWN] id=28 name="Security" time=116.463 map=fy_snow players=30
L 10/01/2026 - 21:40:15: [SPAWN] id=28 name="Security" time=116.473 map=fy_snow players=30
L 10/01/2026 - 21:40:15: [SPAWN] id=28 name="Security" time=116.483 map=fy_snow players=30
L 10/01/2026 - 21:40:15: [SPAWN] id=28 name="Security" time=116.495 map=fy_snow players=30
L 10/01/2026 - 21:40:15: [SPAWN] id=28 name="Security" time=116.505 map=fy_snow players=30
L 10/01/2026 - 21:40:15: [SPAWN] id=28 name="Security" time=116.513 map=fy_snow players=30
L 10/01/2026 - 21:40:15: [SPAWN] id=28 name="Security" time=116.523 map=fy_snow players=30
L 10/01/2026 - 21:40:15: [SPAWN] id=28 name="Security" time=116.533 map=fy_snow players=30
L 10/01/2026 - 21:40:15: [SPAWN] id=28 name="Security" time=116.543 map=fy_snow players=30
L 10/01/2026 - 21:40:15: [SPAWN] id=28 name="Security" time=116.552 map=fy_snow players=30
L 10/01/2026 - 21:40:15: [SPAWN] id=28 name="Security" time=116.562 map=fy_snow players=30
L 10/01/2026 - 21:40:15: [SPAWN] id=28 name="Security" time=116.573 map=fy_snow players=30
L 10/01/2026 - 21:40:15: [SPAWN] id=28 name="Security" time=116.583 map=fy_snow players=30
L 10/01/2026 - 21:40:15: [SPAWN] id=28 name="Security" time=116.592 map=fy_snow players=30
L 10/01/2026 - 21:40:15: [SPAWN] id=28 name="Security" time=116.602 map=fy_snow players=30
L 10/01/2026 - 21:40:15: [SPAWN] id=28 name="Security" time=116.612 map=fy_snow players=30
L 10/01/2026 - 21:40:15: [SPAWN] id=28 name="Security" time=116.622 map=fy_snow players=30
L 10/01/2026 - 21:40:15: [SPAWN] id=28 name="Security" time=116.632 map=fy_snow players=30
L 10/01/2026 - 21:40:15: [SPAWN] id=28 name="Security" time=116.642 map=fy_snow players=30
L 10/01/2026 - 21:40:15: [SPAWN] id=28 name="Security" time=116.653 map=fy_snow players=30
L 10/01/2026 - 21:40:15: [SPAWN] id=28 name="Security" time=116.663 map=fy_snow players=30
L 10/01/2026 - 21:40:15: [SPAWN] id=28 name="Security" time=116.672 map=fy_snow players=30
L 10/01/2026 - 21:40:15: [SPAWN] id=28 name="Security" time=116.682 map=fy_snow players=30
L 10/01/2026 - 21:40:15: [SPAWN] id=28 name="Security" time=116.693 map=fy_snow players=30
L 10/01/2026 - 21:40:15: [SPAWN] id=28 name="Security" time=116.703 map=fy_snow players=30
L 10/01/2026 - 21:40:15: [SPAWN] id=28 name="Security" time=116.711 map=fy_snow players=30
L 10/01/2026 - 21:40:15: [SPAWN] id=28 name="Security" time=116.721 map=fy_snow players=30
L 10/01/2026 - 21:40:15: [SPAWN] id=28 name="Security" time=116.731 map=fy_snow players=30
L 10/01/2026 - 21:40:15: [SPAWN] id=28 name="Security" time=116.741 map=fy_snow players=30
L 10/01/2026 - 21:40:15: [SPAWN] id=28 name="Security" time=116.752 map=fy_snow players=30
L 10/01/2026 - 21:40:15: [SPAWN] id=28 name="Security" time=116.762 map=fy_snow players=30
L 10/01/2026 - 21:40:15: [SPAWN] id=28 name="Security" time=116.771 map=fy_snow players=30
L 10/01/2026 - 21:40:15: [SPAWN] id=28 name="Security" time=116.781 map=fy_snow players=30
L 10/01/2026 - 21:40:15: [SPAWN] id=28 name="Security" time=116.792 map=fy_snow players=30
L 10/01/2026 - 21:40:15: [SPAWN] id=28 name="Security" time=116.802 map=fy_snow players=30
L 10/01/2026 - 21:40:15: [SPAWN] id=28 name="Security" time=116.812 map=fy_snow players=30
L 10/01/2026 - 21:40:15: [SPAWN] id=28 name="Security" time=116.822 map=fy_snow players=30
L 10/01/2026 - 21:40:15: [SPAWN] id=28 name="Security" time=116.831 map=fy_snow players=30
L 10/01/2026 - 21:40:15: [SPAWN] id=28 name="Security" time=116.841 map=fy_snow players=30
L 10/01/2026 - 21:40:15: [SPAWN] id=28 name="Security" time=116.851 map=fy_snow players=30
L 10/01/2026 - 21:40:15: [SPAWN] id=28 name="Security" time=116.861 map=fy_snow players=30
L 10/01/2026 - 21:40:15: [SPAWN] id=28 name="Security" time=116.872 map=fy_snow players=30
L 10/01/2026 - 21:40:15: [SPAWN] id=28 name="Security" time=116.882 map=fy_snow players=30
L 10/01/2026 - 21:40:15: [SPAWN] id=28 name="Security" time=116.891 map=fy_snow players=30
L 10/01/2026 - 21:40:15: [SPAWN] id=28 name="Security" time=116.901 map=fy_snow players=30
L 10/01/2026 - 21:40:15: [SPAWN] id=28 name="Security" time=116.911 map=fy_snow players=30
L 10/01/2026 - 21:40:15: [SPAWN] id=28 name="Security" time=116.921 map=fy_snow players=30
L 10/01/2026 - 21:40:15: [SPAWN] id=28 name="Security" time=116.930 map=fy_snow players=30
L 10/01/2026 - 21:40:15: [SPAWN] id=28 name="Security" time=116.940 map=fy_snow players=30
L 10/01/2026 - 21:40:15: [SPAWN] id=28 name="Security" time=116.952 map=fy_snow players=30
L 10/01/2026 - 21:40:15: [SPAWN] id=28 name="Security" time=116.961 map=fy_snow players=30
L 10/01/2026 - 21:40:15: [SPAWN] id=28 name="Security" time=116.970 map=fy_snow players=30
L 10/01/2026 - 21:40:15: [SPAWN] id=28 name="Security" time=116.980 map=fy_snow players=30
L 10/01/2026 - 21:40:15: [SPAWN] id=28 name="Security" time=116.991 map=fy_snow players=30
L 10/01/2026 - 21:40:15: [SPAWN] id=28 name="Security" time=117.001 map=fy_snow players=30
L 10/01/2026 - 21:40:15: [SPAWN] id=28 name="Security" time=117.010 map=fy_snow players=30
L 10/01/2026 - 21:40:15: [SPAWN] id=28 name="Security" time=117.020 map=fy_snow players=30
L 10/01/2026 - 21:40:15: [SPAWN] id=28 name="Security" time=117.031 map=fy_snow players=30
L 10/01/2026 - 21:40:15: [SPAWN] id=28 name="Security" time=117.041 map=fy_snow players=30
L 10/01/2026 - 21:40:15: [SPAWN] id=28 name="Security" time=117.051 map=fy_snow players=30
L 10/01/2026 - 21:40:15: [SPAWN] id=28 name="Security" time=117.061 map=fy_snow players=30
L 10/01/2026 - 21:40:16: [SPAWN] id=28 name="Security" time=117.070 map=fy_snow players=30
L 10/01/2026 - 21:40:16: [SPAWN] id=28 name="Security" time=117.080 map=fy_snow players=30
L 10/01/2026 - 21:40:16: [SPAWN] id=28 name="Security" time=117.090 map=fy_snow players=30
L 10/01/2026 - 21:40:16: [SPAWN] id=28 name="Security" time=117.100 map=fy_snow players=30
L 10/01/2026 - 21:40:16: [SPAWN] id=28 name="Security" time=117.109 map=fy_snow players=30
L 10/01/2026 - 21:40:16: [SPAWN] id=28 name="Security" time=117.119 map=fy_snow players=30
L 10/01/2026 - 21:40:16: [SPAWN] id=28 name="Security" time=117.130 map=fy_snow players=30
L 10/01/2026 - 21:40:16: [SPAWN] id=28 name="Security" time=117.140 map=fy_snow players=30
L 10/01/2026 - 21:40:16: [SPAWN] id=28 name="Security" time=117.151 map=fy_snow players=30
L 10/01/2026 - 21:40:16: [SPAWN] id=28 name="Security" time=117.160 map=fy_snow players=30
L 10/01/2026 - 21:40:16: [SPAWN] id=28 name="Security" time=117.170 map=fy_snow players=30
L 10/01/2026 - 21:40:16: [SPAWN] id=28 name="Security" time=117.180 map=fy_snow players=30
L 10/01/2026 - 21:40:16: [SPAWN] id=28 name="Security" time=117.189 map=fy_snow players=30
L 10/01/2026 - 21:40:16: [SPAWN] id=28 name="Security" time=117.199 map=fy_snow players=30
L 10/01/2026 - 21:40:16: [SPAWN] id=28 name="Security" time=117.209 map=fy_snow players=30
L 10/01/2026 - 21:40:16: [SPAWN] id=28 name="Security" time=117.219 map=fy_snow players=30
L 10/01/2026 - 21:40:16: [SPAWN] id=28 name="Security" time=117.229 map=fy_snow players=30
L 10/01/2026 - 21:40:16: [SPAWN] id=28 name="Security" time=117.239 map=fy_snow players=30
L 10/01/2026 - 21:40:16: [SPAWN] id=28 name="Security" time=117.248 map=fy_snow players=30
L 10/01/2026 - 21:40:16: [SPAWN] id=28 name="Security" time=117.258 map=fy_snow players=30
L 10/01/2026 - 21:40:16: [SPAWN] id=28 name="Security" time=117.269 map=fy_snow players=30
L 10/01/2026 - 21:40:16: [SPAWN] id=28 name="Security" time=117.279 map=fy_snow players=30
L 10/01/2026 - 21:40:16: [SPAWN] id=28 name="Security" time=117.288 map=fy_snow players=30
L 10/01/2026 - 21:40:16: [SPAWN] id=28 name="Security" time=117.298 map=fy_snow players=30
L 10/01/2026 - 21:40:16: [SPAWN] id=28 name="Security" time=117.309 map=fy_snow players=30
L 10/01/2026 - 21:40:16: [SPAWN] id=28 name="Security" time=117.319 map=fy_snow players=30
L 10/01/2026 - 21:40:16: [SPAWN] id=28 name="Security" time=117.329 map=fy_snow players=30
L 10/01/2026 - 21:40:16: [SPAWN] id=28 name="Security" time=117.339 map=fy_snow players=30
L 10/01/2026 - 21:40:16: [SPAWN] id=28 name="Security" time=117.349 map=fy_snow players=30
L 10/01/2026 - 21:40:16: [SPAWN] id=28 name="Security" time=117.359 map=fy_snow players=30
L 10/01/2026 - 21:40:16: [SPAWN] id=23 name="Ady" time=117.363 map=fy_snow players=30
L 10/01/2026 - 21:40:16: [SPAWN] id=28 name="Security" time=117.369 map=fy_snow players=30
L 10/01/2026 - 21:40:16: [SPAWN] id=28 name="Security" time=117.379 map=fy_snow players=30
L 10/01/2026 - 21:40:16: [SPAWN] id=28 name="Security" time=117.388 map=fy_snow players=30
L 10/01/2026 - 21:40:16: [SPAWN] id=28 name="Security" time=117.398 map=fy_snow players=30
L 10/01/2026 - 21:40:16: [SPAWN] id=28 name="Security" time=117.409 map=fy_snow players=30
L 10/01/2026 - 21:40:16: [SPAWN] id=28 name="Security" time=117.419 map=fy_snow players=30
L 10/01/2026 - 21:40:16: [SPAWN] id=28 name="Security" time=117.429 map=fy_snow players=30
L 10/01/2026 - 21:40:16: [SPAWN] id=28 name="Security" time=117.439 map=fy_snow players=30
L 10/01/2026 - 21:40:16: [SPAWN] id=28 name="Security" time=117.448 map=fy_snow players=30
L 10/01/2026 - 21:40:16: [SPAWN] id=28 name="Security" time=117.458 map=fy_snow players=30
L 10/01/2026 - 21:40:16: [SPAWN] id=28 name="Security" time=117.468 map=fy_snow players=30
L 10/01/2026 - 21:40:16: [SPAWN] id=28 name="Security" time=117.478 map=fy_snow players=30
L 10/01/2026 - 21:40:16: [SPAWN] id=28 name="Security" time=117.487 map=fy_snow players=30
L 10/01/2026 - 21:40:16: [SPAWN] id=28 name="Security" time=117.497 map=fy_snow players=30
L 10/01/2026 - 21:40:16: [SPAWN] id=28 name="Security" time=117.508 map=fy_snow players=30
L 10/01/2026 - 21:40:16: [SPAWN] id=28 name="Security" time=117.518 map=fy_snow players=30
L 10/01/2026 - 21:40:16: [SPAWN] id=28 name="Security" time=117.528 map=fy_snow players=30
L 10/01/2026 - 21:40:16: [SPAWN] id=28 name="Security" time=117.538 map=fy_snow players=30
L 10/01/2026 - 21:40:16: [SPAWN] id=28 name="Security" time=117.547 map=fy_snow players=30
L 10/01/2026 - 21:40:16: [SPAWN] id=28 name="Security" time=117.557 map=fy_snow players=30
L 10/01/2026 - 21:40:16: [SPAWN] id=28 name="Security" time=117.567 map=fy_snow players=30
L 10/01/2026 - 21:40:16: [SPAWN] id=28 name="Security" time=117.577 map=fy_snow players=30
L 10/01/2026 - 21:40:16: [SPAWN] id=28 name="Security" time=117.588 map=fy_snow players=30
L 10/01/2026 - 21:40:16: [SPAWN] id=28 name="Security" time=117.598 map=fy_snow players=30
L 10/01/2026 - 21:40:16: [SPAWN] id=28 name="Security" time=117.608 map=fy_snow players=30
L 10/01/2026 - 21:40:16: [SPAWN] id=28 name="Security" time=117.618 map=fy_snow players=30
L 10/01/2026 - 21:40:16: [SPAWN] id=28 name="Security" time=117.628 map=fy_snow players=30
L 10/01/2026 - 21:40:16: [SPAWN] id=28 name="Security" time=117.638 map=fy_snow players=30
L 10/01/2026 - 21:40:16: [SPAWN] id=28 name="Security" time=117.647 map=fy_snow players=30
L 10/01/2026 - 21:40:16: [SPAWN] id=28 name="Security" time=117.657 map=fy_snow players=30
L 10/01/2026 - 21:40:16: [SPAWN] id=28 name="Security" time=117.667 map=fy_snow players=30
L 10/01/2026 - 21:40:16: [SPAWN] id=28 name="Security" time=117.677 map=fy_snow players=30
L 10/01/2026 - 21:40:16: [SPAWN] id=28 name="Security" time=117.688 map=fy_snow players=30
L 10/01/2026 - 21:40:16: [SPAWN] id=28 name="Security" time=117.698 map=fy_snow players=30
L 10/01/2026 - 21:40:16: [SPAWN] id=28 name="Security" time=117.707 map=fy_snow players=30
L 10/01/2026 - 21:40:16: [SPAWN] id=28 name="Security" time=117.717 map=fy_snow players=30
L 10/01/2026 - 21:40:16: [SPAWN] id=28 name="Security" time=117.727 map=fy_snow players=30
L 10/01/2026 - 21:40:16: [SPAWN] id=28 name="Security" time=117.737 map=fy_snow players=30
L 10/01/2026 - 21:40:16: [SPAWN] id=28 name="Security" time=117.747 map=fy_snow players=30
L 10/01/2026 - 21:40:16: [SPAWN] id=28 name="Security" time=117.757 map=fy_snow players=30
L 10/01/2026 - 21:40:16: [SPAWN] id=28 name="Security" time=117.766 map=fy_snow players=30
L 10/01/2026 - 21:40:16: [SPAWN] id=28 name="Security" time=117.776 map=fy_snow players=30
L 10/01/2026 - 21:40:16: [SPAWN] id=28 name="Security" time=117.787 map=fy_snow players=30
L 10/01/2026 - 21:40:16: [SPAWN] id=28 name="Security" time=117.797 map=fy_snow players=30
L 10/01/2026 - 21:40:16: [SPAWN] id=28 name="Security" time=117.806 map=fy_snow players=30
L 10/01/2026 - 21:40:16: [SPAWN] id=28 name="Security" time=117.816 map=fy_snow players=30
L 10/01/2026 - 21:40:16: [SPAWN] id=28 name="Security" time=117.826 map=fy_snow players=30
L 10/01/2026 - 21:40:16: [SPAWN] id=28 name="Security" time=117.836 map=fy_snow players=30
L 10/01/2026 - 21:40:16: [SPAWN] id=28 name="Security" time=117.846 map=fy_snow players=30
L 10/01/2026 - 21:40:16: [SPAWN] id=28 name="Security" time=117.856 map=fy_snow players=30
L 10/01/2026 - 21:40:16: [SPAWN] id=28 name="Security" time=117.866 map=fy_snow players=30
L 10/01/2026 - 21:40:16: [SPAWN] id=28 name="Security" time=117.876 map=fy_snow players=30
L 10/01/2026 - 21:40:16: [SPAWN] id=28 name="Security" time=117.886 map=fy_snow players=30
L 10/01/2026 - 21:40:16: [SPAWN] id=28 name="Security" time=117.896 map=fy_snow players=30
L 10/01/2026 - 21:40:16: [SPAWN] id=28 name="Security" time=117.907 map=fy_snow players=30
L 10/01/2026 - 21:40:16: [SPAWN] id=28 name="Security" time=117.917 map=fy_snow players=30
L 10/01/2026 - 21:40:16: [SPAWN] id=28 name="Security" time=117.928 map=fy_snow players=30
L 10/01/2026 - 21:40:16: [SPAWN] id=28 name="Security" time=117.938 map=fy_snow players=30
L 10/01/2026 - 21:40:16: [SPAWN] id=28 name="Security" time=117.945 map=fy_snow players=30
L 10/01/2026 - 21:40:16: [SPAWN] id=28 name="Security" time=117.955 map=fy_snow players=30
L 10/01/2026 - 21:40:16: [SPAWN] id=28 name="Security" time=117.967 map=fy_snow players=30
L 10/01/2026 - 21:40:16: [SPAWN] id=28 name="Security" time=117.976 map=fy_snow players=30
L 10/01/2026 - 21:40:16: [SPAWN] id=28 name="Security" time=117.985 map=fy_snow players=30
L 10/01/2026 - 21:40:16: [SPAWN] id=28 name="Security" time=117.995 map=fy_snow players=30
L 10/01/2026 - 21:40:16: [SPAWN] id=28 name="Security" time=118.006 map=fy_snow players=30
L 10/01/2026 - 21:40:16: [SPAWN] id=28 name="Security" time=118.016 map=fy_snow players=30
L 10/01/2026 - 21:40:16: [SPAWN] id=28 name="Security" time=118.025 map=fy_snow players=30
L 10/01/2026 - 21:40:16: [SPAWN] id=28 name="Security" time=118.035 map=fy_snow players=30
L 10/01/2026 - 21:40:16: [SPAWN] id=28 name="Security" time=118.045 map=fy_snow players=30
L 10/01/2026 - 21:40:16: [SPAWN] id=28 name="Security" time=118.055 map=fy_snow players=30
L 10/01/2026 - 21:40:17: [SPAWN] id=28 name="Security" time=118.066 map=fy_snow players=30
L 10/01/2026 - 21:40:17: [SPAWN] id=28 name="Security" time=118.076 map=fy_snow players=30
L 10/01/2026 - 21:40:17: [SPAWN] id=28 name="Security" time=118.085 map=fy_snow players=30
L 10/01/2026 - 21:40:17: [SPAWN] id=28 name="Security" time=118.095 map=fy_snow players=30
L 10/01/2026 - 21:40:17: [SPAWN] id=28 name="Security" time=118.107 map=fy_snow players=30
L 10/01/2026 - 21:40:17: [SPAWN] id=28 name="Security" time=118.117 map=fy_snow players=30
L 10/01/2026 - 21:40:17: [SPAWN] id=28 name="Security" time=118.125 map=fy_snow players=30
L 10/01/2026 - 21:40:17: [SPAWN] id=28 name="Security" time=118.135 map=fy_snow players=30
L 10/01/2026 - 21:40:17: [SPAWN] id=28 name="Security" time=118.144 map=fy_snow players=30
L 10/01/2026 - 21:40:17: [SPAWN] id=28 name="Security" time=118.154 map=fy_snow players=30
L 10/01/2026 - 21:40:17: [SPAWN] id=28 name="Security" time=118.166 map=fy_snow players=30
L 10/01/2026 - 21:40:17: [SPAWN] id=28 name="Security" time=118.175 map=fy_snow players=30
L 10/01/2026 - 21:40:17: [SPAWN] id=28 name="Security" time=118.184 map=fy_snow players=30
L 10/01/2026 - 21:40:17: [SPAWN] id=28 name="Security" time=118.194 map=fy_snow players=30
L 10/01/2026 - 21:40:17: [SPAWN] id=28 name="Security" time=118.208 map=fy_snow players=30
L 10/01/2026 - 21:40:17: [SPAWN] id=28 name="Security" time=118.218 map=fy_snow players=30
L 10/01/2026 - 21:40:17: [SPAWN] id=28 name="Security" time=118.225 map=fy_snow players=30
L 10/01/2026 - 21:40:17: [SPAWN] id=28 name="Security" time=118.235 map=fy_snow players=30
L 10/01/2026 - 21:40:17: [SPAWN] id=28 name="Security" time=118.248 map=fy_snow players=30
L 10/01/2026 - 21:40:17: [SPAWN] id=28 name="Security" time=118.258 map=fy_snow players=30
L 10/01/2026 - 21:40:17: [SPAWN] id=28 name="Security" time=118.269 map=fy_snow players=30
L 10/01/2026 - 21:40:17: [SPAWN] id=28 name="Security" time=118.279 map=fy_snow players=30
L 10/01/2026 - 21:40:17: [SPAWN] id=28 name="Security" time=118.283 map=fy_snow players=30
L 10/01/2026 - 21:40:17: [SPAWN] id=28 name="Security" time=118.293 map=fy_snow players=30
L 10/01/2026 - 21:40:17: [SPAWN] id=28 name="Security" time=118.304 map=fy_snow players=30
L 10/01/2026 - 21:40:17: [SPAWN] id=28 name="Security" time=118.314 map=fy_snow players=30
L 10/01/2026 - 21:40:17: [SPAWN] id=28 name="Security" time=118.323 map=fy_snow players=30
L 10/01/2026 - 21:40:17: [SPAWN] id=28 name="Security" time=118.333 map=fy_snow players=30
L 10/01/2026 - 21:40:17: [SPAWN] id=28 name="Security" time=118.344 map=fy_snow players=30
L 10/01/2026 - 21:40:17: [SPAWN] id=28 name="Security" time=118.354 map=fy_snow players=30
L 10/01/2026 - 21:40:17: [SPAWN] id=28 name="Security" time=118.365 map=fy_snow players=30
L 10/01/2026 - 21:40:17: [SPAWN] id=28 name="Security" time=118.375 map=fy_snow players=30
L 10/01/2026 - 21:40:17: [SPAWN] id=28 name="Security" time=118.383 map=fy_snow players=30
L 10/01/2026 - 21:40:17: [SPAWN] id=28 name="Security" time=118.393 map=fy_snow players=30
L 10/01/2026 - 21:40:17: [SPAWN] id=28 name="Security" time=118.403 map=fy_snow players=30
L 10/01/2026 - 21:40:17: [SPAWN] id=28 name="Security" time=118.413 map=fy_snow players=30
L 10/01/2026 - 21:40:17: [SPAWN] id=28 name="Security" time=118.423 map=fy_snow players=30
L 10/01/2026 - 21:40:17: [SPAWN] id=28 name="Security" time=118.433 map=fy_snow players=30
L 10/01/2026 - 21:40:17: [SPAWN] id=28 name="Security" time=118.444 map=fy_snow players=30
L 10/01/2026 - 21:40:17: [SPAWN] id=28 name="Security" time=118.454 map=fy_snow players=30
L 10/01/2026 - 21:40:17: [SPAWN] id=28 name="Security" time=118.465 map=fy_snow players=30
L 10/01/2026 - 21:40:17: [SPAWN] id=28 name="Security" time=118.475 map=fy_snow players=30
L 10/01/2026 - 21:40:17: [SPAWN] id=28 name="Security" time=118.483 map=fy_snow players=30
L 10/01/2026 - 21:40:17: [SPAWN] id=28 name="Security" time=118.493 map=fy_snow players=30
L 10/01/2026 - 21:40:17: [SPAWN] id=28 name="Security" time=118.503 map=fy_snow players=30
L 10/01/2026 - 21:40:17: [SPAWN] id=28 name="Security" time=118.513 map=fy_snow players=30
L 10/01/2026 - 21:40:17: [SPAWN] id=28 name="Security" time=118.527 map=fy_snow players=30
L 10/01/2026 - 21:40:17: [SPAWN] id=28 name="Security" time=118.537 map=fy_snow players=30
L 10/01/2026 - 21:40:17: [SPAWN] id=28 name="Security" time=118.543 map=fy_snow players=30
L 10/01/2026 - 21:40:17: [SPAWN] id=28 name="Security" time=118.553 map=fy_snow players=30
L 10/01/2026 - 21:40:17: [SPAWN] id=28 name="Security" time=118.564 map=fy_snow players=30
L 10/01/2026 - 21:40:17: [SPAWN] id=28 name="Security" time=118.574 map=fy_snow players=30
L 10/01/2026 - 21:40:17: [SPAWN] id=28 name="Security" time=118.583 map=fy_snow players=30
L 10/01/2026 - 21:40:17: [SPAWN] id=28 name="Security" time=118.593 map=fy_snow players=30
L 10/01/2026 - 21:40:17: [SPAWN] id=28 name="Security" time=118.603 map=fy_snow players=30
L 10/01/2026 - 21:40:17: [SPAWN] id=28 name="Security" time=118.613 map=fy_snow players=30
L 10/01/2026 - 21:40:17: [SPAWN] id=28 name="Security" time=118.623 map=fy_snow players=30
L 10/01/2026 - 21:40:17: [SPAWN] id=28 name="Security" time=118.633 map=fy_snow players=30
L 10/01/2026 - 21:40:17: [SPAWN] id=28 name="Security" time=118.642 map=fy_snow players=30
L 10/01/2026 - 21:40:17: [SPAWN] id=28 name="Security" time=118.652 map=fy_snow players=30
L 10/01/2026 - 21:40:17: [SPAWN] id=28 name="Security" time=118.662 map=fy_snow players=30
L 10/01/2026 - 21:40:17: [SPAWN] id=28 name="Security" time=118.672 map=fy_snow players=30
L 10/01/2026 - 21:40:17: [SPAWN] id=28 name="Security" time=118.681 map=fy_snow players=30
L 10/01/2026 - 21:40:17: [SPAWN] id=28 name="Security" time=118.691 map=fy_snow players=30
L 10/01/2026 - 21:40:17: [SPAWN] id=28 name="Security" time=118.916 map=fy_snow players=30
L 10/01/2026 - 21:40:17: [SPAWN] id=28 name="Security" time=118.926 map=fy_snow players=30
L 10/01/2026 - 21:40:17: [SPAWN] id=28 name="Security" time=118.916 map=fy_snow players=30
L 10/01/2026 - 21:40:17: [SPAWN] id=28 name="Security" time=118.926 map=fy_snow players=30
L 10/01/2026 - 21:40:17: [SPAWN] id=28 name="Security" time=118.916 map=fy_snow players=30
L 10/01/2026 - 21:40:17: [SPAWN] id=28 name="Security" time=118.926 map=fy_snow players=30
L 10/01/2026 - 21:40:17: [SPAWN] id=28 name="Security" time=118.916 map=fy_snow players=30
L 10/01/2026 - 21:40:17: [SPAWN] id=28 name="Security" time=118.926 map=fy_snow players=30
L 10/01/2026 - 21:40:17: [SPAWN] id=28 name="Security" time=118.917 map=fy_snow players=30
L 10/01/2026 - 21:40:17: [SPAWN] id=28 name="Security" time=118.926 map=fy_snow players=30
L 10/01/2026 - 21:40:17: [SPAWN] id=28 name="Security" time=118.916 map=fy_snow players=30
L 10/01/2026 - 21:40:17: [SPAWN] id=28 name="Security" time=118.926 map=fy_snow players=30
L 10/01/2026 - 21:40:17: [SPAWN] id=28 name="Security" time=118.916 map=fy_snow players=30
L 10/01/2026 - 21:40:17: [SPAWN] id=28 name="Security" time=118.926 map=fy_snow players=30
L 10/01/2026 - 21:40:17: [SPAWN] id=28 name="Security" time=118.916 map=fy_snow players=30
L 10/01/2026 - 21:40:17: [SPAWN] id=28 name="Security" time=118.926 map=fy_snow players=30
L 10/01/2026 - 21:40:17: [SPAWN] id=28 name="Security" time=118.916 map=fy_snow players=30
L 10/01/2026 - 21:40:17: [SPAWN] id=28 name="Security" time=118.926 map=fy_snow players=30
L 10/01/2026 - 21:40:17: [SPAWN] id=28 name="Security" time=118.916 map=fy_snow players=30
L 10/01/2026 - 21:40:17: [SPAWN] id=28 name="Security" time=118.926 map=fy_snow players=30
L 10/01/2026 - 21:40:17: [SPAWN] id=28 name="Security" time=118.916 map=fy_snow players=30
L 10/01/2026 - 21:40:17: [SPAWN] id=28 name="Security" time=118.926 map=fy_snow players=30
L 10/01/2026 - 21:40:18: [SPAWN] id=28 name="Security" time=119.085 map=fy_snow players=30
L 10/01/2026 - 21:40:18: [SPAWN] id=28 name="Security" time=119.095 map=fy_snow players=30
L 10/01/2026 - 21:40:18: [SPAWN] id=28 name="Security" time=119.085 map=fy_snow players=30
L 10/01/2026 - 21:40:18: [SPAWN] id=28 name="Security" time=119.095 map=fy_snow players=30
L 10/01/2026 - 21:40:18: [SPAWN] id=28 name="Security" time=119.085 map=fy_snow players=30
L 10/01/2026 - 21:40:18: [SPAWN] id=28 name="Security" time=119.095 map=fy_snow players=30
L 10/01/2026 - 21:40:18: [SPAWN] id=28 name="Security" time=119.086 map=fy_snow players=30
L 10/01/2026 - 21:40:18: [SPAWN] id=28 name="Security" time=119.095 map=fy_snow players=30
L 10/01/2026 - 21:40:18: [SPAWN] id=28 name="Security" time=119.085 map=fy_snow players=30
L 10/01/2026 - 21:40:18: [SPAWN] id=28 name="Security" time=119.095 map=fy_snow players=30
L 10/01/2026 - 21:40:18: [SPAWN] id=28 name="Security" time=119.085 map=fy_snow players=30
L 10/01/2026 - 21:40:18: [SPAWN] id=28 name="Security" time=119.095 map=fy_snow players=30
L 10/01/2026 - 21:40:18: [SPAWN] id=28 name="Security" time=119.087 map=fy_snow players=30
L 10/01/2026 - 21:40:18: [SPAWN] id=28 name="Security" time=119.097 map=fy_snow players=30
L 10/01/2026 - 21:40:18: [SPAWN] id=28 name="Security" time=119.087 map=fy_snow players=30
L 10/01/2026 - 21:40:18: [SPAWN] id=28 name="Security" time=119.097 map=fy_snow players=30
L 10/01/2026 - 21:40:18: [SPAWN] id=28 name="Security" time=119.087 map=fy_snow players=30
L 10/01/2026 - 21:40:18: [SPAWN] id=28 name="Security" time=119.097 map=fy_snow players=30
L 10/01/2026 - 21:40:18: [SPAWN] id=28 name="Security" time=119.100 map=fy_snow players=30
L 10/01/2026 - 21:40:18: [SPAWN] id=28 name="Security" time=119.110 map=fy_snow players=30
L 10/01/2026 - 21:40:18: [SPAWN] id=28 name="Security" time=119.148 map=fy_snow players=30
L 10/01/2026 - 21:40:18: [SPAWN] id=28 name="Security" time=119.158 map=fy_snow players=30
L 10/01/2026 - 21:40:18: [SPAWN] id=28 name="Security" time=119.148 map=fy_snow players=30
L 10/01/2026 - 21:40:18: [SPAWN] id=28 name="Security" time=119.158 map=fy_snow players=30
L 10/01/2026 - 21:40:18: [SPAWN] id=28 name="Security" time=119.159 map=fy_snow players=30
L 10/01/2026 - 21:40:18: [SPAWN] id=28 name="Security" time=119.169 map=fy_snow players=30
L 10/01/2026 - 21:40:18: [SPAWN] id=28 name="Security" time=119.258 map=fy_snow players=30
L 10/01/2026 - 21:40:18: [SPAWN] id=28 name="Security" time=119.268 map=fy_snow players=30
L 10/01/2026 - 21:40:18: [SPAWN] id=28 name="Security" time=119.258 map=fy_snow players=30
L 10/01/2026 - 21:40:18: [SPAWN] id=28 name="Security" time=119.268 map=fy_snow players=30
L 10/01/2026 - 21:40:18: [SPAWN] id=28 name="Security" time=119.258 map=fy_snow players=30
L 10/01/2026 - 21:40:18: [SPAWN] id=28 name="Security" time=119.268 map=fy_snow players=30
L 10/01/2026 - 21:40:18: [SPAWN] id=28 name="Security" time=119.258 map=fy_snow players=30
L 10/01/2026 - 21:40:18: [SPAWN] id=28 name="Security" time=119.268 map=fy_snow players=30
L 10/01/2026 - 21:40:18: [SPAWN] id=28 name="Security" time=119.259 map=fy_snow players=30
L 10/01/2026 - 21:40:18: [SPAWN] id=28 name="Security" time=119.269 map=fy_snow players=30
L 10/01/2026 - 21:40:18: [SPAWN] id=28 name="Security" time=119.279 map=fy_snow players=30
L 10/01/2026 - 21:40:18: [SPAWN] id=28 name="Security" time=119.289 map=fy_snow players=30
L 10/01/2026 - 21:40:18: [SPAWN] id=28 name="Security" time=119.353 map=fy_snow players=30
L 10/01/2026 - 21:40:18: [SPAWN] id=28 name="Security" time=119.363 map=fy_snow players=30
L 10/01/2026 - 21:40:18: [SPAWN] id=28 name="Security" time=119.353 map=fy_snow players=30
L 10/01/2026 - 21:40:18: [SPAWN] id=28 name="Security" time=119.363 map=fy_snow players=30
L 10/01/2026 - 21:40:18: [SPAWN] id=28 name="Security" time=119.353 map=fy_snow players=30
L 10/01/2026 - 21:40:18: [SPAWN] id=28 name="Security" time=119.363 map=fy_snow players=30
L 10/01/2026 - 21:40:18: [SPAWN] id=28 name="Security" time=119.359 map=fy_snow players=30
L 10/01/2026 - 21:40:18: [SPAWN] id=28 name="Security" time=119.369 map=fy_snow players=30
L 10/01/2026 - 21:40:18: [SPAWN] id=28 name="Security" time=119.379 map=fy_snow players=30
L 10/01/2026 - 21:40:18: [SPAWN] id=28 name="Security" time=119.389 map=fy_snow players=30
L 10/01/2026 - 21:40:18: [SPAWN] id=28 name="Security" time=119.568 map=fy_snow players=30
L 10/01/2026 - 21:40:18: [SPAWN] id=28 name="Security" time=119.578 map=fy_snow players=30
L 10/01/2026 - 21:40:18: [SPAWN] id=28 name="Security" time=119.568 map=fy_snow players=30
L 10/01/2026 - 21:40:18: [SPAWN] id=28 name="Security" time=119.578 map=fy_snow players=30
L 10/01/2026 - 21:40:18: [SPAWN] id=28 name="Security" time=119.568 map=fy_snow players=30
L 10/01/2026 - 21:40:18: [SPAWN] id=28 name="Security" time=119.578 map=fy_snow players=30
L 10/01/2026 - 21:40:18: [SPAWN] id=28 name="Security" time=119.568 map=fy_snow players=30
L 10/01/2026 - 21:40:18: [SPAWN] id=28 name="Security" time=119.578 map=fy_snow players=30
L 10/01/2026 - 21:40:18: [SPAWN] id=28 name="Security" time=119.568 map=fy_snow players=30
L 10/01/2026 - 21:40:18: [SPAWN] id=28 name="Security" time=119.578 map=fy_snow players=30
L 10/01/2026 - 21:40:18: [SPAWN] id=28 name="Security" time=119.568 map=fy_snow players=30
L 10/01/2026 - 21:40:18: [SPAWN] id=28 name="Security" time=119.578 map=fy_snow players=30
L 10/01/2026 - 21:40:18: [SPAWN] id=28 name="Security" time=119.568 map=fy_snow players=30
L 10/01/2026 - 21:40:18: [SPAWN] id=28 name="Security" time=119.578 map=fy_snow players=30
L 10/01/2026 - 21:40:18: [SPAWN] id=28 name="Security" time=119.568 map=fy_snow players=30
L 10/01/2026 - 21:40:18: [SPAWN] id=28 name="Security" time=119.578 map=fy_snow players=30
L 10/01/2026 - 21:40:18: [SPAWN] id=28 name="Security" time=119.568 map=fy_snow players=30
L 10/01/2026 - 21:40:18: [SPAWN] id=28 name="Security" time=119.578 map=fy_snow players=30
L 10/01/2026 - 21:40:18: [SPAWN] id=28 name="Security" time=119.578 map=fy_snow players=30
L 10/01/2026 - 21:40:18: [SPAWN] id=28 name="Security" time=119.588 map=fy_snow players=30
L 10/01/2026 - 21:40:18: [SPAWN] id=28 name="Security" time=119.631 map=fy_snow players=30
L 10/01/2026 - 21:40:18: [SPAWN] id=28 name="Security" time=119.641 map=fy_snow players=30
L 10/01/2026 - 21:40:18: [SPAWN] id=28 name="Security" time=119.631 map=fy_snow players=30
L 10/01/2026 - 21:40:18: [SPAWN] id=28 name="Security" time=119.641 map=fy_snow players=30
L 10/01/2026 - 21:40:18: [SPAWN] id=28 name="Security" time=119.637 map=fy_snow players=30
L 10/01/2026 - 21:40:18: [SPAWN] id=28 name="Security" time=119.647 map=fy_snow players=30
L 10/01/2026 - 21:40:18: [SPAWN] id=28 name="Security" time=119.657 map=fy_snow players=30
L 10/01/2026 - 21:40:18: [SPAWN] id=28 name="Security" time=119.667 map=fy_snow players=30
L 10/01/2026 - 21:40:18: [SPAWN] id=28 name="Security" time=119.757 map=fy_snow players=30
L 10/01/2026 - 21:40:18: [SPAWN] id=28 name="Security" time=119.767 map=fy_snow players=30
L 10/01/2026 - 21:40:18: [SPAWN] id=28 name="Security" time=119.757 map=fy_snow players=30
L 10/01/2026 - 21:40:18: [SPAWN] id=28 name="Security" time=119.767 map=fy_snow players=30
L 10/01/2026 - 21:40:18: [SPAWN] id=28 name="Security" time=119.757 map=fy_snow players=30
L 10/01/2026 - 21:40:18: [SPAWN] id=28 name="Security" time=119.767 map=fy_snow players=30
L 10/01/2026 - 21:40:18: [SPAWN] id=28 name="Security" time=119.757 map=fy_snow players=30
L 10/01/2026 - 21:40:18: [SPAWN] id=28 name="Security" time=119.767 map=fy_snow players=30
L 10/01/2026 - 21:40:18: [SPAWN] id=28 name="Security" time=119.757 map=fy_snow players=30
L 10/01/2026 - 21:40:18: [SPAWN] id=28 name="Security" time=119.767 map=fy_snow players=30
L 10/01/2026 - 21:40:18: [SPAWN] id=28 name="Security" time=119.776 map=fy_snow players=30
L 10/01/2026 - 21:40:18: [SPAWN] id=28 name="Security" time=119.786 map=fy_snow players=30
L 10/01/2026 - 21:40:18: [SPAWN] id=28 name="Security" time=119.797 map=fy_snow players=30
L 10/01/2026 - 21:40:18: [SPAWN] id=28 name="Security" time=119.806 map=fy_snow players=30
L 10/01/2026 - 21:40:18: [SPAWN] id=28 name="Security" time=119.867 map=fy_snow players=30
L 10/01/2026 - 21:40:18: [SPAWN] id=28 name="Security" time=119.877 map=fy_snow players=30
L 10/01/2026 - 21:40:18: [SPAWN] id=28 name="Security" time=119.867 map=fy_snow players=30
L 10/01/2026 - 21:40:18: [SPAWN] id=28 name="Security" time=119.877 map=fy_snow players=30
L 10/01/2026 - 21:40:18: [SPAWN] id=28 name="Security" time=119.868 map=fy_snow players=30
L 10/01/2026 - 21:40:18: [SPAWN] id=28 name="Security" time=119.878 map=fy_snow players=30
L 10/01/2026 - 21:40:18: [SPAWN] id=28 name="Security" time=119.877 map=fy_snow players=30
L 10/01/2026 - 21:40:18: [SPAWN] id=28 name="Security" time=119.887 map=fy_snow players=30
L 10/01/2026 - 21:40:18: [SPAWN] id=28 name="Security" time=119.896 map=fy_snow players=30
L 10/01/2026 - 21:40:18: [SPAWN] id=28 name="Security" time=119.906 map=fy_snow players=30
L 10/01/2026 - 21:40:18: [SPAWN] id=28 name="Security" time=119.917 map=fy_snow players=30
L 10/01/2026 - 21:40:18: [SPAWN] id=28 name="Security" time=119.927 map=fy_snow players=30
L 10/01/2026 - 21:40:18: [SPAWN] id=28 name="Security" time=119.936 map=fy_snow players=30
L 10/01/2026 - 21:40:18: [SPAWN] id=28 name="Security" time=119.946 map=fy_snow players=30
L 10/01/2026 - 21:40:18: [SPAWN] id=28 name="Security" time=119.957 map=fy_snow players=30
L 10/01/2026 - 21:40:18: [SPAWN] id=28 name="Security" time=119.967 map=fy_snow players=30
L 10/01/2026 - 21:40:18: [SPAWN] id=28 name="Security" time=119.976 map=fy_snow players=30
L 10/01/2026 - 21:40:18: [SPAWN] id=28 name="Security" time=119.986 map=fy_snow players=30
L 10/01/2026 - 21:40:18: [SPAWN] id=28 name="Security" time=119.996 map=fy_snow players=30
L 10/01/2026 - 21:40:18: [SPAWN] id=28 name="Security" time=120.005 map=fy_snow players=30
L 10/01/2026 - 21:40:18: [SPAWN] id=28 name="Security" time=120.015 map=fy_snow players=30
L 10/01/2026 - 21:40:18: [SPAWN] id=28 name="Security" time=120.025 map=fy_snow players=30
L 10/01/2026 - 21:40:18: [SPAWN] id=28 name="Security" time=120.037 map=fy_snow players=30
L 10/01/2026 - 21:40:18: [SPAWN] id=28 name="Security" time=120.047 map=fy_snow players=30
L 10/01/2026 - 21:40:18: [SPAWN] id=28 name="Security" time=120.056 map=fy_snow players=30
L 10/01/2026 - 21:40:18: [SPAWN] id=28 name="Security" time=120.066 map=fy_snow players=30
L 10/01/2026 - 21:40:19: [SPAWN] id=28 name="Security" time=120.075 map=fy_snow players=30
L 10/01/2026 - 21:40:19: [SPAWN] id=28 name="Security" time=120.085 map=fy_snow players=30
L 10/01/2026 - 21:40:19: [SPAWN] id=28 name="Security" time=120.095 map=fy_snow players=30
L 10/01/2026 - 21:40:19: [SPAWN] id=28 name="Security" time=120.105 map=fy_snow players=30
L 10/01/2026 - 21:40:19: [SPAWN] id=28 name="Security" time=120.115 map=fy_snow players=30
L 10/01/2026 - 21:40:19: [SPAWN] id=28 name="Security" time=120.125 map=fy_snow players=30
L 10/01/2026 - 21:40:19: [SPAWN] id=28 name="Security" time=120.135 map=fy_snow players=30
L 10/01/2026 - 21:40:19: [SPAWN] id=28 name="Security" time=120.145 map=fy_snow players=30
L 10/01/2026 - 21:40:19: [SPAWN] id=28 name="Security" time=120.154 map=fy_snow players=30
L 10/01/2026 - 21:40:19: [SPAWN] id=28 name="Security" time=120.164 map=fy_snow players=30
L 10/01/2026 - 21:40:19: [SPAWN] id=28 name="Security" time=120.175 map=fy_snow players=30
L 10/01/2026 - 21:40:19: [SPAWN] id=28 name="Security" time=120.185 map=fy_snow players=30
L 10/01/2026 - 21:40:19: [SPAWN] id=28 name="Security" time=120.194 map=fy_snow players=30
L 10/01/2026 - 21:40:19: [SPAWN] id=28 name="Security" time=120.204 map=fy_snow players=30
L 10/01/2026 - 21:40:19: [SPAWN] id=28 name="Security" time=120.215 map=fy_snow players=30
L 10/01/2026 - 21:40:19: [SPAWN] id=28 name="Security" time=120.225 map=fy_snow players=30
L 10/01/2026 - 21:40:19: [SPAWN] id=28 name="Security" time=120.234 map=fy_snow players=30
L 10/01/2026 - 21:40:19: [SPAWN] id=28 name="Security" time=120.244 map=fy_snow players=30
L 10/01/2026 - 21:40:19: [SPAWN] id=28 name="Security" time=120.255 map=fy_snow players=30
L 10/01/2026 - 21:40:19: [SPAWN] id=28 name="Security" time=120.265 map=fy_snow players=30
L 10/01/2026 - 21:40:19: [SPAWN] id=28 name="Security" time=120.274 map=fy_snow players=30
L 10/01/2026 - 21:40:19: [SPAWN] id=28 name="Security" time=120.284 map=fy_snow players=30
L 10/01/2026 - 21:40:19: [SPAWN] id=28 name="Security" time=120.295 map=fy_snow players=30
L 10/01/2026 - 21:40:19: [SPAWN] id=28 name="Security" time=120.305 map=fy_snow players=30
L 10/01/2026 - 21:40:19: [SPAWN] id=28 name="Security" time=120.314 map=fy_snow players=30
L 10/01/2026 - 21:40:19: [SPAWN] id=28 name="Security" time=120.324 map=fy_snow players=30
L 10/01/2026 - 21:40:19: [SPAWN] id=28 name="Security" time=120.333 map=fy_snow players=30
L 10/01/2026 - 21:40:19: [SPAWN] id=28 name="Security" time=120.343 map=fy_snow players=30
L 10/01/2026 - 21:40:19: [SPAWN] id=28 name="Security" time=120.354 map=fy_snow players=30
L 10/01/2026 - 21:40:19: [SPAWN] id=28 name="Security" time=120.364 map=fy_snow players=30
L 10/01/2026 - 21:40:19: [SPAWN] id=28 name="Security" time=120.374 map=fy_snow players=30
L 10/01/2026 - 21:40:19: [SPAWN] id=28 name="Security" time=120.384 map=fy_snow players=30
L 10/01/2026 - 21:40:19: [SPAWN] id=28 name="Security" time=120.394 map=fy_snow players=30
L 10/01/2026 - 21:40:19: [SPAWN] id=28 name="Security" time=120.404 map=fy_snow players=30
L 10/01/2026 - 21:40:19: [SPAWN] id=29 name="Sam" time=120.399 map=fy_snow players=30
L 10/01/2026 - 21:40:19: [SPAWN] id=28 name="Security" time=120.414 map=fy_snow players=30
L 10/01/2026 - 21:40:19: [SPAWN] id=28 name="Security" time=120.424 map=fy_snow players=30
L 10/01/2026 - 21:40:19: [SPAWN] id=28 name="Security" time=120.434 map=fy_snow players=30
L 10/01/2026 - 21:40:19: [SPAWN] id=28 name="Security" time=120.444 map=fy_snow players=30
L 10/01/2026 - 21:40:19: [SPAWN] id=28 name="Security" time=120.453 map=fy_snow players=30
L 10/01/2026 - 21:40:19: [SPAWN] id=28 name="Security" time=120.463 map=fy_snow players=30
L 10/01/2026 - 21:40:19: [SPAWN] id=28 name="Security" time=120.474 map=fy_snow players=30
L 10/01/2026 - 21:40:19: [SPAWN] id=28 name="Security" time=120.484 map=fy_snow players=30
L 10/01/2026 - 21:40:19: [SPAWN] id=28 name="Security" time=120.493 map=fy_snow players=30
L 10/01/2026 - 21:40:19: [SPAWN] id=28 name="Security" time=120.503 map=fy_snow players=30
L 10/01/2026 - 21:40:19: [SPAWN] id=28 name="Security" time=120.514 map=fy_snow players=30
L 10/01/2026 - 21:40:19: [SPAWN] id=28 name="Security" time=120.524 map=fy_snow players=30
L 10/01/2026 - 21:40:19: [SPAWN] id=28 name="Security" time=120.533 map=fy_snow players=30
L 10/01/2026 - 21:40:19: [SPAWN] id=28 name="Security" time=120.543 map=fy_snow players=30
L 10/01/2026 - 21:40:19: [SPAWN] id=28 name="Security" time=120.553 map=fy_snow players=30
L 10/01/2026 - 21:40:19: [SPAWN] id=28 name="Security" time=120.563 map=fy_snow players=30
L 10/01/2026 - 21:40:19: [SPAWN] id=28 name="Security" time=120.572 map=fy_snow players=30
L 10/01/2026 - 21:40:19: [SPAWN] id=28 name="Security" time=120.582 map=fy_snow players=30
L 10/01/2026 - 21:40:19: [SPAWN] id=28 name="Security" time=120.594 map=fy_snow players=30
L 10/01/2026 - 21:40:19: [SPAWN] id=28 name="Security" time=120.604 map=fy_snow players=30
L 10/01/2026 - 21:40:19: [SPAWN] id=28 name="Security" time=120.612 map=fy_snow players=30
L 10/01/2026 - 21:40:19: [SPAWN] id=28 name="Security" time=120.622 map=fy_snow players=30
L 10/01/2026 - 21:40:19: [SPAWN] id=28 name="Security" time=120.632 map=fy_snow players=30
L 10/01/2026 - 21:40:19: [SPAWN] id=28 name="Security" time=120.644 map=fy_snow players=30
L 10/01/2026 - 21:40:19: [SPAWN] id=28 name="Security" time=120.654 map=fy_snow players=30
L 10/01/2026 - 21:40:19: [SPAWN] id=28 name="Security" time=120.663 map=fy_snow players=30
L 10/01/2026 - 21:40:19: [SPAWN] id=28 name="Security" time=120.673 map=fy_snow players=30
L 10/01/2026 - 21:40:19: [SPAWN] id=28 name="Security" time=120.683 map=fy_snow players=30
L 10/01/2026 - 21:40:19: [SPAWN] id=28 name="Security" time=120.693 map=fy_snow players=30
L 10/01/2026 - 21:40:19: [SPAWN] id=28 name="Security" time=120.702 map=fy_snow players=30
L 10/01/2026 - 21:40:19: [SPAWN] id=28 name="Security" time=120.712 map=fy_snow players=30
L 10/01/2026 - 21:40:19: [SPAWN] id=28 name="Security" time=120.722 map=fy_snow players=30
L 10/01/2026 - 21:40:19: [SPAWN] id=28 name="Security" time=120.732 map=fy_snow players=30
L 10/01/2026 - 21:40:19: [SPAWN] id=28 name="Security" time=120.742 map=fy_snow players=30
L 10/01/2026 - 21:40:19: [SPAWN] id=28 name="Security" time=120.752 map=fy_snow players=30
L 10/01/2026 - 21:40:19: [SPAWN] id=28 name="Security" time=120.762 map=fy_snow players=30
L 10/01/2026 - 21:40:19: [SPAWN] id=28 name="Security" time=120.772 map=fy_snow players=30
L 10/01/2026 - 21:40:19: [SPAWN] id=28 name="Security" time=120.781 map=fy_snow players=30
L 10/01/2026 - 21:40:19: [SPAWN] id=28 name="Security" time=120.791 map=fy_snow players=30
L 10/01/2026 - 21:40:19: [SPAWN] id=28 name="Security" time=120.802 map=fy_snow players=30
L 10/01/2026 - 21:40:19: [SPAWN] id=28 name="Security" time=120.812 map=fy_snow players=30
L 10/01/2026 - 21:40:19: [SPAWN] id=28 name="Security" time=120.823 map=fy_snow players=30
L 10/01/2026 - 21:40:19: [SPAWN] id=28 name="Security" time=120.832 map=fy_snow players=30
L 10/01/2026 - 21:40:19: [SPAWN] id=28 name="Security" time=120.842 map=fy_snow players=30
L 10/01/2026 - 21:40:19: [SPAWN] id=28 name="Security" time=120.852 map=fy_snow players=30
L 10/01/2026 - 21:40:19: [SPAWN] id=28 name="Security" time=120.861 map=fy_snow players=30
L 10/01/2026 - 21:40:19: [SPAWN] id=28 name="Security" time=120.871 map=fy_snow players=30
L 10/01/2026 - 21:40:19: [SPAWN] id=28 name="Security" time=120.881 map=fy_snow players=30
L 10/01/2026 - 21:40:19: [SPAWN] id=28 name="Security" time=120.891 map=fy_snow players=30
L 10/01/2026 - 21:40:19: [SPAWN] id=18 name="ÇİYAGER" time=120.898 map=fy_snow players=30
L 10/01/2026 - 21:40:19: [SPAWN] id=28 name="Security" time=120.904 map=fy_snow players=30
L 10/01/2026 - 21:40:19: [SPAWN] id=28 name="Security" time=120.914 map=fy_snow players=30
L 10/01/2026 - 21:40:19: [SPAWN] id=28 name="Security" time=120.921 map=fy_snow players=30
L 10/01/2026 - 21:40:19: [SPAWN] id=28 name="Security" time=120.931 map=fy_snow players=30
L 10/01/2026 - 21:40:19: [SPAWN] id=28 name="Security" time=120.941 map=fy_snow players=30
L 10/01/2026 - 21:40:19: [SPAWN] id=28 name="Security" time=120.951 map=fy_snow players=30
L 10/01/2026 - 21:40:19: [SPAWN] id=28 name="Security" time=120.961 map=fy_snow players=30
L 10/01/2026 - 21:40:19: [SPAWN] id=28 name="Security" time=120.971 map=fy_snow players=30
L 10/01/2026 - 21:40:19: [SPAWN] id=28 name="Security" time=120.982 map=fy_snow players=30
L 10/01/2026 - 21:40:19: [SPAWN] id=28 name="Security" time=120.991 map=fy_snow players=30
L 10/01/2026 - 21:40:19: [SPAWN] id=28 name="Security" time=121.001 map=fy_snow players=30
L 10/01/2026 - 21:40:19: [SPAWN] id=28 name="Security" time=121.011 map=fy_snow players=30
L 10/01/2026 - 21:40:19: [SPAWN] id=28 name="Security" time=121.021 map=fy_snow players=30
L 10/01/2026 - 21:40:19: [SPAWN] id=20 name="San" time=121.036 map=fy_snow players=30
L 10/01/2026 - 21:40:19: [SPAWN] id=28 name="Security" time=121.031 map=fy_snow players=30
L 10/01/2026 - 21:40:19: [SPAWN] id=28 name="Security" time=121.041 map=fy_snow players=30
L 10/01/2026 - 21:40:19: [SPAWN] id=28 name="Security" time=121.050 map=fy_snow players=30
L 10/01/2026 - 21:40:19: [SPAWN] id=28 name="Security" time=121.060 map=fy_snow players=30
L 10/01/2026 - 21:40:20: [SPAWN] id=28 name="Security" time=121.071 map=fy_snow players=30
L 10/01/2026 - 21:40:20: [SPAWN] id=28 name="Security" time=121.081 map=fy_snow players=30
L 10/01/2026 - 21:40:20: [SPAWN] id=28 name="Security" time=121.090 map=fy_snow players=30
L 10/01/2026 - 21:40:20: [SPAWN] id=28 name="Security" time=121.100 map=fy_snow players=30
L 10/01/2026 - 21:40:20: [SPAWN] id=28 name="Security" time=121.111 map=fy_snow players=30
L 10/01/2026 - 21:40:20: [SPAWN] id=28 name="Security" time=121.121 map=fy_snow players=30
L 10/01/2026 - 21:40:20: [SPAWN] id=28 name="Security" time=121.131 map=fy_snow players=30
L 10/01/2026 - 21:40:20: [SPAWN] id=28 name="Security" time=121.141 map=fy_snow players=30
L 10/01/2026 - 21:40:20: [SPAWN] id=28 name="Security" time=121.150 map=fy_snow players=30
L 10/01/2026 - 21:40:20: [SPAWN] id=28 name="Security" time=121.160 map=fy_snow players=30
L 10/01/2026 - 21:40:20: [SPAWN] id=28 name="Security" time=121.170 map=fy_snow players=30
L 10/01/2026 - 21:40:20: [SPAWN] id=28 name="Security" time=121.180 map=fy_snow players=30
L 10/01/2026 - 21:40:20: [SPAWN] id=28 name="Security" time=121.190 map=fy_snow players=30
L 10/01/2026 - 21:40:20: [SPAWN] id=28 name="Security" time=121.200 map=fy_snow players=30
L 10/01/2026 - 21:40:20: [SPAWN] id=28 name="Security" time=121.210 map=fy_snow players=30
L 10/01/2026 - 21:40:20: [SPAWN] id=28 name="Security" time=121.220 map=fy_snow players=30
L 10/01/2026 - 21:40:20: [SPAWN] id=28 name="Security" time=121.229 map=fy_snow players=30
L 10/01/2026 - 21:40:20: [SPAWN] id=28 name="Security" time=121.239 map=fy_snow players=30
L 10/01/2026 - 21:40:20: [SPAWN] id=28 name="Security" time=121.251 map=fy_snow players=30
L 10/01/2026 - 21:40:20: [SPAWN] id=28 name="Security" time=121.260 map=fy_snow players=30
L 10/01/2026 - 21:40:20: [SPAWN] id=28 name="Security" time=121.269 map=fy_snow players=30
L 10/01/2026 - 21:40:20: [SPAWN] id=28 name="Security" time=121.279 map=fy_snow players=30
L 10/01/2026 - 21:40:20: [SPAWN] id=28 name="Security" time=121.289 map=fy_snow players=30
L 10/01/2026 - 21:40:20: [SPAWN] id=28 name="Security" time=121.299 map=fy_snow players=30
L 10/01/2026 - 21:40:20: [SPAWN] id=28 name="Security" time=121.310 map=fy_snow players=30
L 10/01/2026 - 21:40:20: [SPAWN] id=28 name="Security" time=121.320 map=fy_snow players=30
L 10/01/2026 - 21:40:20: [SPAWN] id=28 name="Security" time=121.329 map=fy_snow players=30
L 10/01/2026 - 21:40:20: [SPAWN] id=28 name="Security" time=121.339 map=fy_snow players=30
L 10/01/2026 - 21:40:20: [SPAWN] id=28 name="Security" time=121.349 map=fy_snow players=30
L 10/01/2026 - 21:40:20: [SPAWN] id=28 name="Security" time=121.359 map=fy_snow players=30
L 10/01/2026 - 21:40:20: [SPAWN] id=28 name="Security" time=121.369 map=fy_snow players=30
L 10/01/2026 - 21:40:20: [SPAWN] id=28 name="Security" time=121.379 map=fy_snow players=30
L 10/01/2026 - 21:40:20: [SPAWN] id=28 name="Security" time=121.389 map=fy_snow players=30
L 10/01/2026 - 21:40:20: [SPAWN] id=28 name="Security" time=121.399 map=fy_snow players=30
L 10/01/2026 - 21:40:20: [SPAWN] id=28 name="Security" time=121.409 map=fy_snow players=30
L 10/01/2026 - 21:40:20: [SPAWN] id=28 name="Security" time=121.419 map=fy_snow players=30
L 10/01/2026 - 21:40:20: [SPAWN] id=28 name="Security" time=121.428 map=fy_snow players=30
L 10/01/2026 - 21:40:20: [SPAWN] id=28 name="Security" time=121.438 map=fy_snow players=30
L 10/01/2026 - 21:40:20: [SPAWN] id=28 name="Security" time=121.450 map=fy_snow players=30
L 10/01/2026 - 21:40:20: [SPAWN] id=28 name="Security" time=121.459 map=fy_snow players=30
L 10/01/2026 - 21:40:20: [SPAWN] id=28 name="Security" time=121.468 map=fy_snow players=30
L 10/01/2026 - 21:40:20: [SPAWN] id=28 name="Security" time=121.478 map=fy_snow players=30
L 10/01/2026 - 21:40:20: [SPAWN] id=28 name="Security" time=121.488 map=fy_snow players=30
L 10/01/2026 - 21:40:20: [SPAWN] id=28 name="Security" time=121.498 map=fy_snow players=30
L 10/01/2026 - 21:40:20: [SPAWN] id=28 name="Security" time=121.509 map=fy_snow players=30
L 10/01/2026 - 21:40:20: [SPAWN] id=28 name="Security" time=121.519 map=fy_snow players=30
L 10/01/2026 - 21:40:20: [SPAWN] id=28 name="Security" time=121.529 map=fy_snow players=30
L 10/01/2026 - 21:40:20: [SPAWN] id=28 name="Security" time=121.539 map=fy_snow players=30
L 10/01/2026 - 21:40:20: [SPAWN] id=28 name="Security" time=121.548 map=fy_snow players=30
L 10/01/2026 - 21:40:20: [SPAWN] id=28 name="Security" time=121.558 map=fy_snow players=30
L 10/01/2026 - 21:40:20: [SPAWN] id=28 name="Security" time=121.568 map=fy_snow players=30
L 10/01/2026 - 21:40:20: [SPAWN] id=28 name="Security" time=121.578 map=fy_snow players=30
L 10/01/2026 - 21:40:20: [SPAWN] id=28 name="Security" time=121.588 map=fy_snow players=30
L 10/01/2026 - 21:40:20: [SPAWN] id=28 name="Security" time=121.598 map=fy_snow players=30
L 10/01/2026 - 21:40:20: [SPAWN] id=28 name="Security" time=121.607 map=fy_snow players=30
L 10/01/2026 - 21:40:20: [SPAWN] id=28 name="Security" time=121.617 map=fy_snow players=30
L 10/01/2026 - 21:40:20: [SPAWN] id=28 name="Security" time=121.628 map=fy_snow players=30
L 10/01/2026 - 21:40:20: [SPAWN] id=28 name="Security" time=121.638 map=fy_snow players=30
L 10/01/2026 - 21:40:20: [SPAWN] id=28 name="Security" time=121.647 map=fy_snow players=30
L 10/01/2026 - 21:40:20: [SPAWN] id=28 name="Security" time=121.657 map=fy_snow players=30
L 10/01/2026 - 21:40:20: [SPAWN] id=28 name="Security" time=121.669 map=fy_snow players=30
L 10/01/2026 - 21:40:20: [SPAWN] id=28 name="Security" time=121.679 map=fy_snow players=30
L 10/01/2026 - 21:40:20: [SPAWN] id=28 name="Security" time=121.687 map=fy_snow players=30
L 10/01/2026 - 21:40:20: [SPAWN] id=28 name="Security" time=121.697 map=fy_snow players=30
L 10/01/2026 - 21:40:20: [SPAWN] id=28 name="Security" time=121.708 map=fy_snow players=30
L 10/01/2026 - 21:40:20: [SPAWN] id=28 name="Security" time=121.718 map=fy_snow players=30
L 10/01/2026 - 21:40:20: [SPAWN] id=28 name="Security" time=121.727 map=fy_snow players=30
L 10/01/2026 - 21:40:20: [SPAWN] id=28 name="Security" time=121.737 map=fy_snow players=30
L 10/01/2026 - 21:40:20: [SPAWN] id=28 name="Security" time=121.748 map=fy_snow players=30
L 10/01/2026 - 21:40:20: [SPAWN] id=28 name="Security" time=121.758 map=fy_snow players=30
L 10/01/2026 - 21:40:20: [SPAWN] id=14 name="p3rdun" time=121.766 map=fy_snow players=30
L 10/01/2026 - 21:40:20: [SPAWN] id=28 name="Security" time=121.767 map=fy_snow players=30
L 10/01/2026 - 21:40:20: [SPAWN] id=28 name="Security" time=121.777 map=fy_snow players=30
L 10/01/2026 - 21:40:20: [SPAWN] id=28 name="Security" time=121.787 map=fy_snow players=30
L 10/01/2026 - 21:40:20: [SPAWN] id=28 name="Security" time=121.797 map=fy_snow players=30
L 10/01/2026 - 21:40:20: [SPAWN] id=28 name="Security" time=121.807 map=fy_snow players=30
L 10/01/2026 - 21:40:20: [SPAWN] id=28 name="Security" time=121.817 map=fy_snow players=30
L 10/01/2026 - 21:40:20: [SPAWN] id=28 name="Security" time=121.827 map=fy_snow players=30
L 10/01/2026 - 21:40:20: [SPAWN] id=28 name="Security" time=121.837 map=fy_snow players=30
L 10/01/2026 - 21:40:20: [SPAWN] id=28 name="Security" time=121.846 map=fy_snow players=30
L 10/01/2026 - 21:40:20: [SPAWN] id=28 name="Security" time=121.856 map=fy_snow players=30
L 10/01/2026 - 21:40:20: [SPAWN] id=28 name="Security" time=121.867 map=fy_snow players=30
L 10/01/2026 - 21:40:20: [SPAWN] id=28 name="Security" time=121.877 map=fy_snow players=30
L 10/01/2026 - 21:40:20: [SPAWN] id=28 name="Security" time=121.887 map=fy_snow players=30
L 10/01/2026 - 21:40:20: [SPAWN] id=28 name="Security" time=121.897 map=fy_snow players=30
L 10/01/2026 - 21:40:20: [SPAWN] id=28 name="Security" time=121.906 map=fy_snow players=30
L 10/01/2026 - 21:40:20: [SPAWN] id=28 name="Security" time=121.916 map=fy_snow players=30
L 10/01/2026 - 21:40:20: [SPAWN] id=28 name="Security" time=121.925 map=fy_snow players=30
L 10/01/2026 - 21:40:20: [SPAWN] id=28 name="Security" time=121.935 map=fy_snow players=30
L 10/01/2026 - 21:40:20: [SPAWN] id=28 name="Security" time=121.947 map=fy_snow players=30
L 10/01/2026 - 21:40:20: [SPAWN] id=28 name="Security" time=121.957 map=fy_snow players=30
L 10/01/2026 - 21:40:20: [SPAWN] id=28 name="Security" time=121.966 map=fy_snow players=30
L 10/01/2026 - 21:40:20: [SPAWN] id=28 name="Security" time=121.976 map=fy_snow players=30
L 10/01/2026 - 21:40:20: [SPAWN] id=28 name="Security" time=121.986 map=fy_snow players=30
L 10/01/2026 - 21:40:20: [SPAWN] id=28 name="Security" time=121.996 map=fy_snow players=30
L 10/01/2026 - 21:40:20: [SPAWN] id=28 name="Security" time=122.006 map=fy_snow players=30
L 10/01/2026 - 21:40:20: [SPAWN] id=28 name="Security" time=122.016 map=fy_snow players=30
L 10/01/2026 - 21:40:20: [SPAWN] id=28 name="Security" time=122.026 map=fy_snow players=30
L 10/01/2026 - 21:40:20: [SPAWN] id=28 name="Security" time=122.036 map=fy_snow players=30
L 10/01/2026 - 21:40:20: [SPAWN] id=28 name="Security" time=122.045 map=fy_snow players=30
L 10/01/2026 - 21:40:20: [SPAWN] id=28 name="Security" time=122.055 map=fy_snow players=30
L 10/01/2026 - 21:40:21: [SPAWN] id=28 name="Security" time=122.066 map=fy_snow players=30
L 10/01/2026 - 21:40:21: [SPAWN] id=28 name="Security" time=122.075 map=fy_snow players=30
L 10/01/2026 - 21:40:21: [SPAWN] id=28 name="Security" time=122.086 map=fy_snow players=30
L 10/01/2026 - 21:40:21: [SPAWN] id=28 name="Security" time=122.096 map=fy_snow players=30
L 10/01/2026 - 21:40:21: [SPAWN] id=28 name="Security" time=122.106 map=fy_snow players=30
L 10/01/2026 - 21:40:21: [SPAWN] id=28 name="Security" time=122.116 map=fy_snow players=30
L 10/01/2026 - 21:40:21: [SPAWN] id=28 name="Security" time=122.125 map=fy_snow players=30
L 10/01/2026 - 21:40:21: [SPAWN] id=28 name="Security" time=122.135 map=fy_snow players=30
L 10/01/2026 - 21:40:21: [SPAWN] id=28 name="Security" time=122.145 map=fy_snow players=30
L 10/01/2026 - 21:40:21: [SPAWN] id=28 name="Security" time=122.155 map=fy_snow players=30
L 10/01/2026 - 21:40:21: [SPAWN] id=28 name="Security" time=122.165 map=fy_snow players=30
L 10/01/2026 - 21:40:21: [SPAWN] id=28 name="Security" time=122.175 map=fy_snow players=30
L 10/01/2026 - 21:40:21: [SPAWN] id=28 name="Security" time=122.186 map=fy_snow players=30
L 10/01/2026 - 21:40:21: [SPAWN] id=28 name="Security" time=122.196 map=fy_snow players=30
L 10/01/2026 - 21:40:21: [SPAWN] id=28 name="Security" time=122.205 map=fy_snow players=30
L 10/01/2026 - 21:40:21: [SPAWN] id=28 name="Security" time=122.215 map=fy_snow players=30
L 10/01/2026 - 21:40:21: [SPAWN] id=28 name="Security" time=122.225 map=fy_snow players=30
L 10/01/2026 - 21:40:21: [SPAWN] id=28 name="Security" time=122.235 map=fy_snow players=30
L 10/01/2026 - 21:40:21: [SPAWN] id=28 name="Security" time=122.245 map=fy_snow players=30
L 10/01/2026 - 21:40:21: [SPAWN] id=28 name="Security" time=122.255 map=fy_snow players=30
L 10/01/2026 - 21:40:21: [SPAWN] id=28 name="Security" time=122.269 map=fy_snow players=30
L 10/01/2026 - 21:40:21: [SPAWN] id=28 name="Security" time=122.278 map=fy_snow players=30
L 10/01/2026 - 21:40:21: [SPAWN] id=28 name="Security" time=122.285 map=fy_snow players=30
L 10/01/2026 - 21:40:21: [SPAWN] id=28 name="Security" time=122.295 map=fy_snow players=30
L 10/01/2026 - 21:40:21: [SPAWN] id=28 name="Security" time=122.305 map=fy_snow players=30
L 10/01/2026 - 21:40:21: [SPAWN] id=28 name="Security" time=122.315 map=fy_snow players=30
L 10/01/2026 - 21:40:21: [SPAWN] id=28 name="Security" time=122.324 map=fy_snow players=30
L 10/01/2026 - 21:40:21: [SPAWN] id=28 name="Security" time=122.334 map=fy_snow players=30
L 10/01/2026 - 21:40:21: [SPAWN] id=28 name="Security" time=122.345 map=fy_snow players=30
L 10/01/2026 - 21:40:21: [SPAWN] id=28 name="Security" time=122.355 map=fy_snow players=30
L 10/01/2026 - 21:40:21: [SPAWN] id=28 name="Security" time=122.364 map=fy_snow players=30
L 10/01/2026 - 21:40:21: [SPAWN] id=28 name="Security" time=122.374 map=fy_snow players=30
L 10/01/2026 - 21:40:21: [SPAWN] id=28 name="Security" time=122.384 map=fy_snow players=30
L 10/01/2026 - 21:40:21: [SPAWN] id=28 name="Security" time=122.394 map=fy_snow players=30
L 10/01/2026 - 21:40:21: [SPAWN] id=28 name="Security" time=122.403 map=fy_snow players=30
L 10/01/2026 - 21:40:21: [SPAWN] id=28 name="Security" time=122.413 map=fy_snow players=30
L 10/01/2026 - 21:40:21: [SPAWN] id=28 name="Security" time=122.424 map=fy_snow players=30
L 10/01/2026 - 21:40:21: [SPAWN] id=28 name="Security" time=122.434 map=fy_snow players=30
L 10/01/2026 - 21:40:21: [SPAWN] id=28 name="Security" time=122.445 map=fy_snow players=30
L 10/01/2026 - 21:40:21: [SPAWN] id=28 name="Security" time=122.455 map=fy_snow players=30
L 10/01/2026 - 21:40:21: [SPAWN] id=28 name="Security" time=122.465 map=fy_snow players=30
L 10/01/2026 - 21:40:21: [SPAWN] id=28 name="Security" time=122.474 map=fy_snow players=30
L 10/01/2026 - 21:40:21: [SPAWN] id=28 name="Security" time=122.483 map=fy_snow players=30
L 10/01/2026 - 21:40:21: [SPAWN] id=28 name="Security" time=122.493 map=fy_snow players=30
L 10/01/2026 - 21:40:21: [SPAWN] id=28 name="Security" time=122.504 map=fy_snow players=30
L 10/01/2026 - 21:40:21: [SPAWN] id=28 name="Security" time=122.514 map=fy_snow players=30
L 10/01/2026 - 21:40:21: [SPAWN] id=28 name="Security" time=122.523 map=fy_snow players=30
L 10/01/2026 - 21:40:21: [SPAWN] id=28 name="Security" time=122.533 map=fy_snow players=30
L 10/01/2026 - 21:40:21: [SPAWN] id=28 name="Security" time=122.543 map=fy_snow players=30
L 10/01/2026 - 21:40:21: [SPAWN] id=28 name="Security" time=122.553 map=fy_snow players=30
L 10/01/2026 - 21:40:21: [SPAWN] id=28 name="Security" time=122.563 map=fy_snow players=30
L 10/01/2026 - 21:40:21: [SPAWN] id=28 name="Security" time=122.573 map=fy_snow players=30
L 10/01/2026 - 21:40:21: [SPAWN] id=28 name="Security" time=122.586 map=fy_snow players=30
L 10/01/2026 - 21:40:21: [SPAWN] id=28 name="Security" time=122.596 map=fy_snow players=30
L 10/01/2026 - 21:40:21: [SPAWN] id=28 name="Security" time=122.603 map=fy_snow players=30
L 10/01/2026 - 21:40:21: [SPAWN] id=28 name="Security" time=122.613 map=fy_snow players=30
L 10/01/2026 - 21:40:21: [SPAWN] id=28 name="Security" time=122.623 map=fy_snow players=30
L 10/01/2026 - 21:40:21: [SPAWN] id=28 name="Security" time=122.633 map=fy_snow players=30
L 10/01/2026 - 21:40:21: [SPAWN] id=28 name="Security" time=122.644 map=fy_snow players=30
L 10/01/2026 - 21:40:21: [SPAWN] id=28 name="Security" time=122.654 map=fy_snow players=30
L 10/01/2026 - 21:40:21: [SPAWN] id=28 name="Security" time=122.663 map=fy_snow players=30
L 10/01/2026 - 21:40:21: [SPAWN] id=28 name="Security" time=122.673 map=fy_snow players=30
L 10/01/2026 - 21:40:21: [SPAWN] id=28 name="Security" time=122.683 map=fy_snow players=30
L 10/01/2026 - 21:40:21: [SPAWN] id=28 name="Security" time=122.693 map=fy_snow players=30
L 10/01/2026 - 21:40:21: [SPAWN] id=28 name="Security" time=122.703 map=fy_snow players=30
L 10/01/2026 - 21:40:21: [SPAWN] id=28 name="Security" time=122.713 map=fy_snow players=30
L 10/01/2026 - 21:40:21: [SPAWN] id=28 name="Security" time=122.722 map=fy_snow players=30
L 10/01/2026 - 21:40:21: [SPAWN] id=28 name="Security" time=122.732 map=fy_snow players=30
L 10/01/2026 - 21:40:21: [SPAWN] id=28 name="Security" time=122.743 map=fy_snow players=30
L 10/01/2026 - 21:40:21: [SPAWN] id=28 name="Security" time=122.753 map=fy_snow players=30
L 10/01/2026 - 21:40:21: [SPAWN] id=28 name="Security" time=122.761 map=fy_snow players=30
L 10/01/2026 - 21:40:21: [SPAWN] id=28 name="Security" time=122.771 map=fy_snow players=30
L 10/01/2026 - 21:40:21: [SPAWN] id=28 name="Security" time=122.782 map=fy_snow players=30
L 10/01/2026 - 21:40:21: [SPAWN] id=28 name="Security" time=122.792 map=fy_snow players=30
L 10/01/2026 - 21:40:21: [SPAWN] id=28 name="Security" time=122.803 map=fy_snow players=30
L 10/01/2026 - 21:40:21: [SPAWN] id=28 name="Security" time=122.813 map=fy_snow players=30
L 10/01/2026 - 21:40:21: [SPAWN] id=28 name="Security" time=122.822 map=fy_snow players=30
L 10/01/2026 - 21:40:21: [SPAWN] id=28 name="Security" time=122.832 map=fy_snow players=30
L 10/01/2026 - 21:40:21: [SPAWN] id=28 name="Security" time=122.843 map=fy_snow players=30
L 10/01/2026 - 21:40:21: [SPAWN] id=28 name="Security" time=122.853 map=fy_snow players=30
L 10/01/2026 - 21:40:21: [SPAWN] id=28 name="Security" time=122.863 map=fy_snow players=30
L 10/01/2026 - 21:40:21: [SPAWN] id=28 name="Security" time=122.873 map=fy_snow players=30
L 10/01/2026 - 21:40:21: [SPAWN] id=28 name="Security" time=122.882 map=fy_snow players=30
L 10/01/2026 - 21:40:21: [SPAWN] id=28 name="Security" time=122.891 map=fy_snow players=30
L 10/01/2026 - 21:40:21: [SPAWN] id=28 name="Security" time=122.902 map=fy_snow players=30
L 10/01/2026 - 21:40:21: [SPAWN] id=28 name="Security" time=122.912 map=fy_snow players=30
L 10/01/2026 - 21:40:21: [SPAWN] id=28 name="Security" time=122.921 map=fy_snow players=30
L 10/01/2026 - 21:40:21: [SPAWN] id=28 name="Security" time=122.931 map=fy_snow players=30
L 10/01/2026 - 21:40:21: [SPAWN] id=28 name="Security" time=122.941 map=fy_snow players=30
L 10/01/2026 - 21:40:21: [SPAWN] id=28 name="Security" time=122.951 map=fy_snow players=30
L 10/01/2026 - 21:40:21: [SPAWN] id=28 name="Security" time=122.961 map=fy_snow players=30
L 10/01/2026 - 21:40:21: [SPAWN] id=28 name="Security" time=122.971 map=fy_snow players=30
L 10/01/2026 - 21:40:21: [SPAWN] id=28 name="Security" time=122.981 map=fy_snow players=30
L 10/01/2026 - 21:40:21: [SPAWN] id=28 name="Security" time=122.991 map=fy_snow players=30
L 10/01/2026 - 21:40:21: [SPAWN] id=28 name="Security" time=123.001 map=fy_snow players=30
L 10/01/2026 - 21:40:21: [SPAWN] id=28 name="Security" time=123.011 map=fy_snow players=30
L 10/01/2026 - 21:40:21: [SPAWN] id=28 name="Security" time=123.021 map=fy_snow players=30
L 10/01/2026 - 21:40:21: [SPAWN] id=28 name="Security" time=123.031 map=fy_snow players=30
L 10/01/2026 - 21:40:21: [SPAWN] id=28 name="Security" time=123.041 map=fy_snow players=30
L 10/01/2026 - 21:40:21: [SPAWN] id=28 name="Security" time=123.051 map=fy_snow players=30
L 10/01/2026 - 21:40:22: [SPAWN] id=28 name="Security" time=123.061 map=fy_snow players=30
L 10/01/2026 - 21:40:22: [SPAWN] id=28 name="Security" time=123.071 map=fy_snow players=30
L 10/01/2026 - 21:40:22: [SPAWN] id=28 name="Security" time=123.082 map=fy_snow players=30
L 10/01/2026 - 21:40:22: [SPAWN] id=28 name="Security" time=123.091 map=fy_snow players=30
L 10/01/2026 - 21:40:22: [SPAWN] id=28 name="Security" time=123.101 map=fy_snow players=30
L 10/01/2026 - 21:40:22: [SPAWN] id=28 name="Security" time=123.111 map=fy_snow players=30
L 10/01/2026 - 21:40:22: [SPAWN] id=28 name="Security" time=123.120 map=fy_snow players=30
L 10/01/2026 - 21:40:22: [SPAWN] id=28 name="Security" time=123.130 map=fy_snow players=30
L 10/01/2026 - 21:40:22: [SPAWN] id=28 name="Security" time=123.141 map=fy_snow players=30
L 10/01/2026 - 21:40:22: [SPAWN] id=28 name="Security" time=123.151 map=fy_snow players=30
L 10/01/2026 - 21:40:22: [SPAWN] id=28 name="Security" time=123.160 map=fy_snow players=30
L 10/01/2026 - 21:40:22: [SPAWN] id=28 name="Security" time=123.170 map=fy_snow players=30
L 10/01/2026 - 21:40:22: [SPAWN] id=28 name="Security" time=123.181 map=fy_snow players=30
L 10/01/2026 - 21:40:22: [SPAWN] id=28 name="Security" time=123.191 map=fy_snow players=30
L 10/01/2026 - 21:40:22: [SPAWN] id=28 name="Security" time=123.200 map=fy_snow players=30
L 10/01/2026 - 21:40:22: [SPAWN] id=28 name="Security" time=123.210 map=fy_snow players=30
L 10/01/2026 - 21:40:22: [SPAWN] id=28 name="Security" time=123.219 map=fy_snow players=30
L 10/01/2026 - 21:40:22: [SPAWN] id=28 name="Security" time=123.229 map=fy_snow players=30
L 10/01/2026 - 21:40:22: [SPAWN] id=28 name="Security" time=123.240 map=fy_snow players=30
L 10/01/2026 - 21:40:22: [SPAWN] id=28 name="Security" time=123.250 map=fy_snow players=30
L 10/01/2026 - 21:40:22: [SPAWN] id=28 name="Security" time=123.259 map=fy_snow players=30
L 10/01/2026 - 21:40:22: [SPAWN] id=28 name="Security" time=123.269 map=fy_snow players=30
L 10/01/2026 - 21:40:22: [SPAWN] id=28 name="Security" time=123.280 map=fy_snow players=30
L 10/01/2026 - 21:40:22: [SPAWN] id=28 name="Security" time=123.290 map=fy_snow players=30
L 10/01/2026 - 21:40:22: [SPAWN] id=28 name="Security" time=123.299 map=fy_snow players=30
L 10/01/2026 - 21:40:22: [SPAWN] id=28 name="Security" time=123.309 map=fy_snow players=30
L 10/01/2026 - 21:40:22: [SPAWN] id=28 name="Security" time=123.320 map=fy_snow players=30
L 10/01/2026 - 21:40:22: [SPAWN] id=28 name="Security" time=123.330 map=fy_snow players=30
L 10/01/2026 - 21:40:22: [SPAWN] id=28 name="Security" time=123.339 map=fy_snow players=30
L 10/01/2026 - 21:40:22: [SPAWN] id=28 name="Security" time=123.349 map=fy_snow players=30
L 10/01/2026 - 21:40:22: [SPAWN] id=28 name="Security" time=123.359 map=fy_snow players=30
L 10/01/2026 - 21:40:22: [SPAWN] id=28 name="Security" time=123.369 map=fy_snow players=30
L 10/01/2026 - 21:40:22: [SPAWN] id=28 name="Security" time=123.379 map=fy_snow players=30
L 10/01/2026 - 21:40:22: [SPAWN] id=28 name="Security" time=123.389 map=fy_snow players=30
L 10/01/2026 - 21:40:22: [SPAWN] id=28 name="Security" time=123.399 map=fy_snow players=30
L 10/01/2026 - 21:40:22: [SPAWN] id=28 name="Security" time=123.409 map=fy_snow players=30
L 10/01/2026 - 21:40:22: [SPAWN] id=28 name="Security" time=123.419 map=fy_snow players=30
L 10/01/2026 - 21:40:22: [SPAWN] id=28 name="Security" time=123.429 map=fy_snow players=30
L 10/01/2026 - 21:40:22: [SPAWN] id=28 name="Security" time=123.439 map=fy_snow players=30
L 10/01/2026 - 21:40:22: [SPAWN] id=28 name="Security" time=123.449 map=fy_snow players=30
L 10/01/2026 - 21:40:22: [SPAWN] id=28 name="Security" time=123.459 map=fy_snow players=30
L 10/01/2026 - 21:40:22: [SPAWN] id=28 name="Security" time=123.469 map=fy_snow players=30
L 10/01/2026 - 21:40:22: [SPAWN] id=28 name="Security" time=123.478 map=fy_snow players=30
L 10/01/2026 - 21:40:22: [SPAWN] id=28 name="Security" time=123.488 map=fy_snow players=30
L 10/01/2026 - 21:40:22: [SPAWN] id=28 name="Security" time=123.498 map=fy_snow players=30
L 10/01/2026 - 21:40:22: [SPAWN] id=28 name="Security" time=123.508 map=fy_snow players=30
L 10/01/2026 - 21:40:22: [SPAWN] id=28 name="Security" time=123.519 map=fy_snow players=30
L 10/01/2026 - 21:40:22: [SPAWN] id=28 name="Security" time=123.529 map=fy_snow players=30
L 10/01/2026 - 21:40:22: [SPAWN] id=26 name="(1)Unikov" time=123.539 map=fy_snow players=30
L 10/01/2026 - 21:40:22: [SPAWN] id=28 name="Security" time=123.539 map=fy_snow players=30
L 10/01/2026 - 21:40:22: [SPAWN] id=28 name="Security" time=123.549 map=fy_snow players=30
L 10/01/2026 - 21:40:22: [SPAWN] id=28 name="Security" time=123.558 map=fy_snow players=30
L 10/01/2026 - 21:40:22: [SPAWN] id=28 name="Security" time=123.568 map=fy_snow players=30
L 10/01/2026 - 21:40:22: [SPAWN] id=28 name="Security" time=123.578 map=fy_snow players=30
L 10/01/2026 - 21:40:22: [SPAWN] id=28 name="Security" time=123.588 map=fy_snow players=30
L 10/01/2026 - 21:40:22: [SPAWN] id=21 name="Unq" time=123.605 map=fy_snow players=30
L 10/01/2026 - 21:40:22: [SPAWN] id=28 name="Security" time=123.598 map=fy_snow players=30
L 10/01/2026 - 21:40:22: [SPAWN] id=28 name="Security" time=123.608 map=fy_snow players=30
L 10/01/2026 - 21:40:22: [SPAWN] id=28 name="Security" time=123.618 map=fy_snow players=30
L 10/01/2026 - 21:40:22: [SPAWN] id=28 name="Security" time=123.628 map=fy_snow players=30
L 10/01/2026 - 21:40:22: [SPAWN] id=28 name="Security" time=123.638 map=fy_snow players=30
L 10/01/2026 - 21:40:22: [SPAWN] id=28 name="Security" time=123.648 map=fy_snow players=30
L 10/01/2026 - 21:40:22: [SPAWN] id=28 name="Security" time=123.658 map=fy_snow players=30
L 10/01/2026 - 21:40:22: [SPAWN] id=28 name="Security" time=123.668 map=fy_snow players=30
L 10/01/2026 - 21:40:22: [SPAWN] id=28 name="Security" time=123.678 map=fy_snow players=30
L 10/01/2026 - 21:40:22: [SPAWN] id=28 name="Security" time=123.688 map=fy_snow players=30
L 10/01/2026 - 21:40:22: [SPAWN] id=28 name="Security" time=123.699 map=fy_snow players=30
L 10/01/2026 - 21:40:22: [SPAWN] id=28 name="Security" time=123.708 map=fy_snow players=30
L 10/01/2026 - 21:40:22: [SPAWN] id=28 name="Security" time=123.718 map=fy_snow players=30
L 10/01/2026 - 21:40:22: [SPAWN] id=28 name="Security" time=123.728 map=fy_snow players=30
L 10/01/2026 - 21:40:22: [SPAWN] id=28 name="Security" time=123.737 map=fy_snow players=30
L 10/01/2026 - 21:40:22: [SPAWN] id=28 name="Security" time=123.747 map=fy_snow players=30
L 10/01/2026 - 21:40:22: [SPAWN] id=28 name="Security" time=123.757 map=fy_snow players=30
L 10/01/2026 - 21:40:22: [SPAWN] id=28 name="Security" time=123.767 map=fy_snow players=30
L 10/01/2026 - 21:40:22: [SPAWN] id=28 name="Security" time=123.777 map=fy_snow players=30
L 10/01/2026 - 21:40:22: [SPAWN] id=28 name="Security" time=123.787 map=fy_snow players=30
L 10/01/2026 - 21:40:22: [SPAWN] id=28 name="Security" time=123.798 map=fy_snow players=30
L 10/01/2026 - 21:40:22: [SPAWN] id=28 name="Security" time=123.808 map=fy_snow players=30
L 10/01/2026 - 21:40:22: [SPAWN] id=28 name="Security" time=123.817 map=fy_snow players=30
L 10/01/2026 - 21:40:22: [SPAWN] id=28 name="Security" time=123.827 map=fy_snow players=30
L 10/01/2026 - 21:40:22: [SPAWN] id=28 name="Security" time=123.838 map=fy_snow players=30
L 10/01/2026 - 21:40:22: [SPAWN] id=28 name="Security" time=123.848 map=fy_snow players=30
L 10/01/2026 - 21:40:22: [SPAWN] id=28 name="Security" time=123.857 map=fy_snow players=30
L 10/01/2026 - 21:40:22: [SPAWN] id=28 name="Security" time=123.867 map=fy_snow players=30
L 10/01/2026 - 21:40:22: [SPAWN] id=28 name="Security" time=123.877 map=fy_snow players=30
L 10/01/2026 - 21:40:22: [SPAWN] id=28 name="Security" time=123.887 map=fy_snow players=30
L 10/01/2026 - 21:40:22: [SPAWN] id=28 name="Security" time=123.898 map=fy_snow players=30
L 10/01/2026 - 21:40:22: [SPAWN] id=28 name="Security" time=123.907 map=fy_snow players=30
L 10/01/2026 - 21:40:22: [SPAWN] id=28 name="Security" time=123.917 map=fy_snow players=30
L 10/01/2026 - 21:40:22: [SPAWN] id=28 name="Security" time=123.927 map=fy_snow players=30
L 10/01/2026 - 21:40:22: [SPAWN] id=28 name="Security" time=123.937 map=fy_snow players=30
L 10/01/2026 - 21:40:22: [SPAWN] id=28 name="Security" time=123.947 map=fy_snow players=30
L 10/01/2026 - 21:40:22: [SPAWN] id=28 name="Security" time=123.957 map=fy_snow players=30
L 10/01/2026 - 21:40:22: [SPAWN] id=28 name="Security" time=123.967 map=fy_snow players=30
L 10/01/2026 - 21:40:22: [SPAWN] id=28 name="Security" time=123.976 map=fy_snow players=30
L 10/01/2026 - 21:40:22: [SPAWN] id=28 name="Security" time=123.986 map=fy_snow players=30
L 10/01/2026 - 21:40:22: [SPAWN] id=28 name="Security" time=123.996 map=fy_snow players=30
L 10/01/2026 - 21:40:22: [SPAWN] id=28 name="Security" time=124.006 map=fy_snow players=30
L 10/01/2026 - 21:40:22: [SPAWN] id=28 name="Security" time=124.015 map=fy_snow players=30
L 10/01/2026 - 21:40:22: [SPAWN] id=28 name="Security" time=124.025 map=fy_snow players=30
L 10/01/2026 - 21:40:22: [SPAWN] id=28 name="Security" time=124.036 map=fy_snow players=30
L 10/01/2026 - 21:40:22: [SPAWN] id=28 name="Security" time=124.046 map=fy_snow players=30
L 10/01/2026 - 21:40:22: [SPAWN] id=28 name="Security" time=124.057 map=fy_snow players=30
L 10/01/2026 - 21:40:22: [SPAWN] id=28 name="Security" time=124.067 map=fy_snow players=30
L 10/01/2026 - 21:40:23: [SPAWN] id=28 name="Security" time=124.076 map=fy_snow players=30
L 10/01/2026 - 21:40:23: [SPAWN] id=28 name="Security" time=124.086 map=fy_snow players=30
L 10/01/2026 - 21:40:23: [SPAWN] id=28 name="Security" time=124.095 map=fy_snow players=30
L 10/01/2026 - 21:40:23: [SPAWN] id=28 name="Security" time=124.105 map=fy_snow players=30
L 10/01/2026 - 21:40:23: [SPAWN] id=28 name="Security" time=124.115 map=fy_snow players=30
L 10/01/2026 - 21:40:23: [SPAWN] id=28 name="Security" time=124.125 map=fy_snow players=30
L 10/01/2026 - 21:40:23: [SPAWN] id=28 name="Security" time=124.137 map=fy_snow players=30
L 10/01/2026 - 21:40:23: [SPAWN] id=28 name="Security" time=124.147 map=fy_snow players=30
L 10/01/2026 - 21:40:23: [SPAWN] id=28 name="Security" time=124.156 map=fy_snow players=30
L 10/01/2026 - 21:40:23: [SPAWN] id=28 name="Security" time=124.166 map=fy_snow players=30
L 10/01/2026 - 21:40:23: [SPAWN] id=28 name="Security" time=124.175 map=fy_snow players=30
L 10/01/2026 - 21:40:23: [SPAWN] id=28 name="Security" time=124.185 map=fy_snow players=30
L 10/01/2026 - 21:40:23: [SPAWN] id=28 name="Security" time=124.194 map=fy_snow players=30
L 10/01/2026 - 21:40:23: [SPAWN] id=28 name="Security" time=124.204 map=fy_snow players=30
L 10/01/2026 - 21:40:23: [SPAWN] id=28 name="Security" time=124.216 map=fy_snow players=30
L 10/01/2026 - 21:40:23: [SPAWN] id=28 name="Security" time=124.226 map=fy_snow players=30
L 10/01/2026 - 21:40:23: [SPAWN] id=28 name="Security" time=124.236 map=fy_snow players=30
L 10/01/2026 - 21:40:23: [SPAWN] id=28 name="Security" time=124.246 map=fy_snow players=30
L 10/01/2026 - 21:40:23: [SPAWN] id=28 name="Security" time=124.255 map=fy_snow players=30
L 10/01/2026 - 21:40:23: [SPAWN] id=28 name="Security" time=124.265 map=fy_snow players=30
L 10/01/2026 - 21:40:23: [SPAWN] id=28 name="Security" time=124.275 map=fy_snow players=30
L 10/01/2026 - 21:40:23: [SPAWN] id=28 name="Security" time=124.285 map=fy_snow players=30
L 10/01/2026 - 21:40:23: [SPAWN] id=28 name="Security" time=124.295 map=fy_snow players=30
L 10/01/2026 - 21:40:23: [SPAWN] id=28 name="Security" time=124.305 map=fy_snow players=30
L 10/01/2026 - 21:40:23: [SPAWN] id=28 name="Security" time=124.315 map=fy_snow players=30
L 10/01/2026 - 21:40:23: [SPAWN] id=28 name="Security" time=124.325 map=fy_snow players=30
L 10/01/2026 - 21:40:23: [SPAWN] id=28 name="Security" time=124.335 map=fy_snow players=30
L 10/01/2026 - 21:40:23: [SPAWN] id=28 name="Security" time=124.345 map=fy_snow players=30
L 10/01/2026 - 21:40:23: [SPAWN] id=28 name="Security" time=124.355 map=fy_snow players=30
L 10/01/2026 - 21:40:23: [SPAWN] id=28 name="Security" time=124.365 map=fy_snow players=30
L 10/01/2026 - 21:40:23: [SPAWN] id=28 name="Security" time=124.375 map=fy_snow players=30
L 10/01/2026 - 21:40:23: [SPAWN] id=28 name="Security" time=124.385 map=fy_snow players=30
L 10/01/2026 - 21:40:23: [SPAWN] id=28 name="Security" time=124.394 map=fy_snow players=30
L 10/01/2026 - 21:40:23: [SPAWN] id=28 name="Security" time=124.404 map=fy_snow players=30
L 10/01/2026 - 21:40:23: [SPAWN] id=28 name="Security" time=124.414 map=fy_snow players=30
L 10/01/2026 - 21:40:23: [SPAWN] id=28 name="Security" time=124.424 map=fy_snow players=30
L 10/01/2026 - 21:40:23: [SPAWN] id=28 name="Security" time=124.434 map=fy_snow players=30
L 10/01/2026 - 21:40:23: [SPAWN] id=28 name="Security" time=124.444 map=fy_snow players=30
L 10/01/2026 - 21:40:23: [SPAWN] id=28 name="Security" time=124.454 map=fy_snow players=30
L 10/01/2026 - 21:40:23: [SPAWN] id=28 name="Security" time=124.464 map=fy_snow players=30
L 10/01/2026 - 21:40:23: [SPAWN] id=28 name="Security" time=124.474 map=fy_snow players=30
L 10/01/2026 - 21:40:23: [SPAWN] id=28 name="Security" time=124.484 map=fy_snow players=30
L 10/01/2026 - 21:40:23: [SPAWN] id=28 name="Security" time=124.494 map=fy_snow players=30
L 10/01/2026 - 21:40:23: [SPAWN] id=28 name="Security" time=124.504 map=fy_snow players=30
L 10/01/2026 - 21:40:23: [SPAWN] id=28 name="Security" time=124.513 map=fy_snow players=30
L 10/01/2026 - 21:40:23: [SPAWN] id=28 name="Security" time=124.523 map=fy_snow players=30
L 10/01/2026 - 21:40:23: [SPAWN] id=28 name="Security" time=124.534 map=fy_snow players=30
L 10/01/2026 - 21:40:23: [SPAWN] id=28 name="Security" time=124.544 map=fy_snow players=30
L 10/01/2026 - 21:40:23: [SPAWN] id=28 name="Security" time=124.553 map=fy_snow players=30
L 10/01/2026 - 21:40:23: [SPAWN] id=28 name="Security" time=124.563 map=fy_snow players=30
L 10/01/2026 - 21:40:23: [SPAWN] id=17 name="^Ch!ter^" time=124.573 map=fy_snow players=30
L 10/01/2026 - 21:40:23: [SPAWN] id=28 name="Security" time=124.574 map=fy_snow players=30
L 10/01/2026 - 21:40:23: [SPAWN] id=28 name="Security" time=124.584 map=fy_snow players=30
L 10/01/2026 - 21:40:23: [SPAWN] id=28 name="Security" time=124.593 map=fy_snow players=30
L 10/01/2026 - 21:40:23: [SPAWN] id=28 name="Security" time=124.603 map=fy_snow players=30
L 10/01/2026 - 21:40:23: [SPAWN] id=28 name="Security" time=124.614 map=fy_snow players=30
L 10/01/2026 - 21:40:23: [SPAWN] id=28 name="Security" time=124.624 map=fy_snow players=30
L 10/01/2026 - 21:40:23: [SPAWN] id=28 name="Security" time=124.633 map=fy_snow players=30
L 10/01/2026 - 21:40:23: [SPAWN] id=28 name="Security" time=124.643 map=fy_snow players=30
L 10/01/2026 - 21:40:23: [SPAWN] id=28 name="Security" time=124.653 map=fy_snow players=30
L 10/01/2026 - 21:40:23: [SPAWN] id=28 name="Security" time=124.663 map=fy_snow players=30
L 10/01/2026 - 21:40:23: [SPAWN] id=28 name="Security" time=124.672 map=fy_snow players=30
L 10/01/2026 - 21:40:23: [SPAWN] id=28 name="Security" time=124.682 map=fy_snow players=30
L 10/01/2026 - 21:40:23: [SPAWN] id=28 name="Security" time=124.693 map=fy_snow players=30
L 10/01/2026 - 21:40:23: [SPAWN] id=28 name="Security" time=124.703 map=fy_snow players=30
L 10/01/2026 - 21:40:23: [SPAWN] id=28 name="Security" time=124.714 map=fy_snow players=30
L 10/01/2026 - 21:40:23: [SPAWN] id=28 name="Security" time=124.723 map=fy_snow players=30
L 10/01/2026 - 21:40:23: [SPAWN] id=28 name="Security" time=124.732 map=fy_snow players=30
L 10/01/2026 - 21:40:23: [SPAWN] id=28 name="Security" time=124.742 map=fy_snow players=30
L 10/01/2026 - 21:40:23: [SPAWN] id=28 name="Security" time=124.752 map=fy_snow players=30
L 10/01/2026 - 21:40:23: [SPAWN] id=28 name="Security" time=124.762 map=fy_snow players=30
L 10/01/2026 - 21:40:23: [SPAWN] id=28 name="Security" time=124.773 map=fy_snow players=30
L 10/01/2026 - 21:40:23: [SPAWN] id=28 name="Security" time=124.783 map=fy_snow players=30
L 10/01/2026 - 21:40:23: [SPAWN] id=28 name="Security" time=124.793 map=fy_snow players=30
L 10/01/2026 - 21:40:23: [SPAWN] id=28 name="Security" time=124.803 map=fy_snow players=30
L 10/01/2026 - 21:40:23: [SPAWN] id=28 name="Security" time=124.812 map=fy_snow players=30
L 10/01/2026 - 21:40:23: [SPAWN] id=28 name="Security" time=124.822 map=fy_snow players=30
L 10/01/2026 - 21:40:23: [SPAWN] id=28 name="Security" time=124.833 map=fy_snow players=30
L 10/01/2026 - 21:40:23: [SPAWN] id=28 name="Security" time=124.843 map=fy_snow players=30
L 10/01/2026 - 21:40:23: [SPAWN] id=28 name="Security" time=124.852 map=fy_snow players=30
L 10/01/2026 - 21:40:23: [SPAWN] id=28 name="Security" time=124.862 map=fy_snow players=30
L 10/01/2026 - 21:40:23: [SPAWN] id=28 name="Security" time=124.871 map=fy_snow players=30
L 10/01/2026 - 21:40:23: [SPAWN] id=28 name="Security" time=124.881 map=fy_snow players=30
L 10/01/2026 - 21:40:23: [SPAWN] id=28 name="Security" time=124.892 map=fy_snow players=30
L 10/01/2026 - 21:40:23: [SPAWN] id=28 name="Security" time=124.902 map=fy_snow players=30
L 10/01/2026 - 21:40:23: [SPAWN] id=28 name="Security" time=124.913 map=fy_snow players=30
L 10/01/2026 - 21:40:23: [SPAWN] id=28 name="Security" time=124.922 map=fy_snow players=30
L 10/01/2026 - 21:40:23: [SPAWN] id=28 name="Security" time=124.932 map=fy_snow players=30
L 10/01/2026 - 21:40:23: [SPAWN] id=28 name="Security" time=124.942 map=fy_snow players=30
L 10/01/2026 - 21:40:23: [SPAWN] id=28 name="Security" time=124.951 map=fy_snow players=30
L 10/01/2026 - 21:40:23: [SPAWN] id=28 name="Security" time=124.961 map=fy_snow players=30
L 10/01/2026 - 21:40:23: [SPAWN] id=28 name="Security" time=124.972 map=fy_snow players=30
L 10/01/2026 - 21:40:23: [SPAWN] id=28 name="Security" time=124.982 map=fy_snow players=30
L 10/01/2026 - 21:40:23: [SPAWN] id=28 name="Security" time=124.991 map=fy_snow players=30
L 10/01/2026 - 21:40:23: [SPAWN] id=28 name="Security" time=125.001 map=fy_snow players=30
L 10/01/2026 - 21:40:23: [SPAWN] id=28 name="Security" time=125.011 map=fy_snow players=30
L 10/01/2026 - 21:40:23: [SPAWN] id=28 name="Security" time=125.021 map=fy_snow players=30
L 10/01/2026 - 21:40:23: [SPAWN] id=28 name="Security" time=125.031 map=fy_snow players=30
L 10/01/2026 - 21:40:23: [SPAWN] id=28 name="Security" time=125.041 map=fy_snow players=30
L 10/01/2026 - 21:40:23: [SPAWN] id=28 name="Security" time=125.052 map=fy_snow players=30
L 10/01/2026 - 21:40:23: [SPAWN] id=28 name="Security" time=125.062 map=fy_snow players=30
L 10/01/2026 - 21:40:24: [SPAWN] id=28 name="Security" time=125.071 map=fy_snow players=30
L 10/01/2026 - 21:40:24: [SPAWN] id=28 name="Security" time=125.081 map=fy_snow players=30
L 10/01/2026 - 21:40:24: [SPAWN] id=28 name="Security" time=125.091 map=fy_snow players=30
L 10/01/2026 - 21:40:24: [SPAWN] id=28 name="Security" time=125.101 map=fy_snow players=30
L 10/01/2026 - 21:40:24: [SPAWN] id=28 name="Security" time=125.111 map=fy_snow players=30
L 10/01/2026 - 21:40:24: [SPAWN] id=28 name="Security" time=125.121 map=fy_snow players=30
L 10/01/2026 - 21:40:24: [SPAWN] id=28 name="Security" time=125.133 map=fy_snow players=30
L 10/01/2026 - 21:40:24: [SPAWN] id=28 name="Security" time=125.143 map=fy_snow players=30
L 10/01/2026 - 21:40:24: [SPAWN] id=28 name="Security" time=125.154 map=fy_snow players=30
L 10/01/2026 - 21:40:24: [SPAWN] id=28 name="Security" time=125.164 map=fy_snow players=30
L 10/01/2026 - 21:40:24: [SPAWN] id=28 name="Security" time=125.170 map=fy_snow players=30
L 10/01/2026 - 21:40:24: [SPAWN] id=28 name="Security" time=125.180 map=fy_snow players=30
L 10/01/2026 - 21:40:24: [SPAWN] id=28 name="Security" time=125.191 map=fy_snow players=30
L 10/01/2026 - 21:40:24: [SPAWN] id=28 name="Security" time=125.201 map=fy_snow players=30
L 10/01/2026 - 21:40:24: [SPAWN] id=28 name="Security" time=125.210 map=fy_snow players=30
L 10/01/2026 - 21:40:24: [SPAWN] id=28 name="Security" time=125.220 map=fy_snow players=30
L 10/01/2026 - 21:40:24: [SPAWN] id=28 name="Security" time=125.230 map=fy_snow players=30
L 10/01/2026 - 21:40:24: [SPAWN] id=28 name="Security" time=125.240 map=fy_snow players=30
L 10/01/2026 - 21:40:24: [SPAWN] id=28 name="Security" time=125.250 map=fy_snow players=30
L 10/01/2026 - 21:40:24: [SPAWN] id=28 name="Security" time=125.260 map=fy_snow players=30
L 10/01/2026 - 21:40:24: [SPAWN] id=16 name="ExCuseMe" time=125.273 map=fy_snow players=30
L 10/01/2026 - 21:40:24: [SPAWN] id=28 name="Security" time=125.270 map=fy_snow players=30
L 10/01/2026 - 21:40:24: [SPAWN] id=28 name="Security" time=125.280 map=fy_snow players=30
L 10/01/2026 - 21:40:24: [SPAWN] id=28 name="Security" time=125.291 map=fy_snow players=30
L 10/01/2026 - 21:40:24: [SPAWN] id=28 name="Security" time=125.301 map=fy_snow players=30
L 10/01/2026 - 21:40:24: [SPAWN] id=28 name="Security" time=125.310 map=fy_snow players=30
L 10/01/2026 - 21:40:24: [SPAWN] id=28 name="Security" time=125.320 map=fy_snow players=30
L 10/01/2026 - 21:40:24: [SPAWN] id=28 name="Security" time=125.329 map=fy_snow players=30
L 10/01/2026 - 21:40:24: [SPAWN] id=28 name="Security" time=125.339 map=fy_snow players=30
L 10/01/2026 - 21:40:24: [SPAWN] id=28 name="Security" time=125.350 map=fy_snow players=30
L 10/01/2026 - 21:40:24: [SPAWN] id=28 name="Security" time=125.360 map=fy_snow players=30
L 10/01/2026 - 21:40:24: [SPAWN] id=28 name="Security" time=125.369 map=fy_snow players=30
L 10/01/2026 - 21:40:24: [SPAWN] id=28 name="Security" time=125.379 map=fy_snow players=30
L 10/01/2026 - 21:40:24: [SPAWN] id=28 name="Security" time=125.389 map=fy_snow players=30
L 10/01/2026 - 21:40:24: [SPAWN] id=28 name="Security" time=125.399 map=fy_snow players=30
L 10/01/2026 - 21:40:24: [SPAWN] id=28 name="Security" time=125.409 map=fy_snow players=30
L 10/01/2026 - 21:40:24: [SPAWN] id=28 name="Security" time=125.419 map=fy_snow players=30
L 10/01/2026 - 21:40:24: [SPAWN] id=28 name="Security" time=125.430 map=fy_snow players=30
L 10/01/2026 - 21:40:24: [SPAWN] id=28 name="Security" time=125.440 map=fy_snow players=30
L 10/01/2026 - 21:40:24: [SPAWN] id=28 name="Security" time=125.448 map=fy_snow players=30
L 10/01/2026 - 21:40:24: [SPAWN] id=28 name="Security" time=125.458 map=fy_snow players=30
L 10/01/2026 - 21:40:24: [SPAWN] id=28 name="Security" time=125.469 map=fy_snow players=30
L 10/01/2026 - 21:40:24: [SPAWN] id=28 name="Security" time=125.479 map=fy_snow players=30
L 10/01/2026 - 21:40:24: [SPAWN] id=28 name="Security" time=125.489 map=fy_snow players=30
L 10/01/2026 - 21:40:24: [SPAWN] id=28 name="Security" time=125.499 map=fy_snow players=30
L 10/01/2026 - 21:40:24: [SPAWN] id=28 name="Security" time=125.509 map=fy_snow players=30
L 10/01/2026 - 21:40:24: [SPAWN] id=28 name="Security" time=125.519 map=fy_snow players=30
L 10/01/2026 - 21:40:24: [SPAWN] id=28 name="Security" time=125.529 map=fy_snow players=30
L 10/01/2026 - 21:40:24: [SPAWN] id=28 name="Security" time=125.539 map=fy_snow players=30
L 10/01/2026 - 21:40:24: [SPAWN] id=28 name="Security" time=125.548 map=fy_snow players=30
L 10/01/2026 - 21:40:24: [SPAWN] id=28 name="Security" time=125.558 map=fy_snow players=30
L 10/01/2026 - 21:40:24: [SPAWN] id=28 name="Security" time=125.569 map=fy_snow players=30
L 10/01/2026 - 21:40:24: [SPAWN] id=28 name="Security" time=125.579 map=fy_snow players=30
L 10/01/2026 - 21:40:24: [SPAWN] id=28 name="Security" time=125.589 map=fy_snow players=30
L 10/01/2026 - 21:40:24: [SPAWN] id=28 name="Security" time=125.599 map=fy_snow players=30
L 10/01/2026 - 21:40:24: [SPAWN] id=28 name="Security" time=125.608 map=fy_snow players=30
L 10/01/2026 - 21:40:24: [SPAWN] id=28 name="Security" time=125.618 map=fy_snow players=30
L 10/01/2026 - 21:40:24: [SPAWN] id=28 name="Security" time=125.627 map=fy_snow players=30
L 10/01/2026 - 21:40:24: [SPAWN] id=28 name="Security" time=125.637 map=fy_snow players=30
L 10/01/2026 - 21:40:24: [SPAWN] id=28 name="Security" time=125.648 map=fy_snow players=30
L 10/01/2026 - 21:40:24: [SPAWN] id=28 name="Security" time=125.658 map=fy_snow players=30
L 10/01/2026 - 21:40:24: [SPAWN] id=28 name="Security" time=125.668 map=fy_snow players=30
L 10/01/2026 - 21:40:24: [SPAWN] id=28 name="Security" time=125.678 map=fy_snow players=30
L 10/01/2026 - 21:40:24: [SPAWN] id=28 name="Security" time=125.688 map=fy_snow players=30
L 10/01/2026 - 21:40:24: [SPAWN] id=28 name="Security" time=125.698 map=fy_snow players=30
L 10/01/2026 - 21:40:24: [SPAWN] id=28 name="Security" time=125.708 map=fy_snow players=30
L 10/01/2026 - 21:40:24: [SPAWN] id=28 name="Security" time=125.718 map=fy_snow players=30
L 10/01/2026 - 21:40:24: [SPAWN] id=28 name="Security" time=125.728 map=fy_snow players=30
L 10/01/2026 - 21:40:24: [SPAWN] id=28 name="Security" time=125.738 map=fy_snow players=30
L 10/01/2026 - 21:40:24: [SPAWN] id=28 name="Security" time=125.748 map=fy_snow players=30
L 10/01/2026 - 21:40:24: [SPAWN] id=28 name="Security" time=125.757 map=fy_snow players=30
L 10/01/2026 - 21:40:24: [SPAWN] id=28 name="Security" time=125.767 map=fy_snow players=30
L 10/01/2026 - 21:40:24: [SPAWN] id=28 name="Security" time=125.777 map=fy_snow players=30
L 10/01/2026 - 21:40:24: [SPAWN] id=28 name="Security" time=125.788 map=fy_snow players=30
L 10/01/2026 - 21:40:24: [SPAWN] id=28 name="Security" time=125.798 map=fy_snow players=30
L 10/01/2026 - 21:40:24: [SPAWN] id=28 name="Security" time=125.807 map=fy_snow players=30
L 10/01/2026 - 21:40:24: [SPAWN] id=28 name="Security" time=125.817 map=fy_snow players=30
L 10/01/2026 - 21:40:24: [SPAWN] id=28 name="Security" time=125.827 map=fy_snow players=30
L 10/01/2026 - 21:40:24: [SPAWN] id=28 name="Security" time=125.837 map=fy_snow players=30
L 10/01/2026 - 21:40:24: [SPAWN] id=28 name="Security" time=125.847 map=fy_snow players=30
L 10/01/2026 - 21:40:24: [SPAWN] id=28 name="Security" time=125.857 map=fy_snow players=30
L 10/01/2026 - 21:40:24: [SPAWN] id=28 name="Security" time=125.868 map=fy_snow players=30
L 10/01/2026 - 21:40:24: [SPAWN] id=28 name="Security" time=125.878 map=fy_snow players=30
L 10/01/2026 - 21:40:24: [SPAWN] id=28 name="Security" time=125.886 map=fy_snow players=30
L 10/01/2026 - 21:40:24: [SPAWN] id=28 name="Security" time=125.896 map=fy_snow players=30
L 10/01/2026 - 21:40:24: [SPAWN] id=28 name="Security" time=125.907 map=fy_snow players=30
L 10/01/2026 - 21:40:24: [SPAWN] id=28 name="Security" time=125.917 map=fy_snow players=30
L 10/01/2026 - 21:40:24: [SPAWN] id=28 name="Security" time=125.926 map=fy_snow players=30
L 10/01/2026 - 21:40:24: [SPAWN] id=28 name="Security" time=125.936 map=fy_snow players=30
L 10/01/2026 - 21:40:24: [SPAWN] id=28 name="Security" time=125.947 map=fy_snow players=30
L 10/01/2026 - 21:40:24: [SPAWN] id=28 name="Security" time=125.956 map=fy_snow players=30
L 10/01/2026 - 21:40:24: [SPAWN] id=28 name="Security" time=125.967 map=fy_snow players=30
L 10/01/2026 - 21:40:24: [SPAWN] id=28 name="Security" time=125.977 map=fy_snow players=30
L 10/01/2026 - 21:40:24: [SPAWN] id=28 name="Security" time=125.986 map=fy_snow players=30
L 10/01/2026 - 21:40:24: [SPAWN] id=28 name="Security" time=125.996 map=fy_snow players=30
L 10/01/2026 - 21:40:24: [SPAWN] id=28 name="Security" time=126.007 map=fy_snow players=30
L 10/01/2026 - 21:40:24: [SPAWN] id=28 name="Security" time=126.017 map=fy_snow players=30
L 10/01/2026 - 21:40:24: [SPAWN] id=28 name="Security" time=126.026 map=fy_snow players=30
L 10/01/2026 - 21:40:24: [SPAWN] id=28 name="Security" time=126.036 map=fy_snow players=30
L 10/01/2026 - 21:40:24: [SPAWN] id=28 name="Security" time=126.046 map=fy_snow players=30
L 10/01/2026 - 21:40:24: [SPAWN] id=28 name="Security" time=126.056 map=fy_snow players=30
L 10/01/2026 - 21:40:25: [SPAWN] id=28 name="Security" time=126.066 map=fy_snow players=30
L 10/01/2026 - 21:40:25: [SPAWN] id=28 name="Security" time=126.076 map=fy_snow players=30
L 10/01/2026 - 21:40:25: [SPAWN] id=28 name="Security" time=126.086 map=fy_snow players=30
L 10/01/2026 - 21:40:25: [SPAWN] id=28 name="Security" time=126.096 map=fy_snow players=30
L 10/01/2026 - 21:40:25: [SPAWN] id=28 name="Security" time=126.106 map=fy_snow players=30
L 10/01/2026 - 21:40:25: [SPAWN] id=28 name="Security" time=126.116 map=fy_snow players=30
L 10/01/2026 - 21:40:25: [SPAWN] id=28 name="Security" time=126.126 map=fy_snow players=30
L 10/01/2026 - 21:40:25: [SPAWN] id=28 name="Security" time=126.136 map=fy_snow players=30
L 10/01/2026 - 21:40:25: [SPAWN] id=28 name="Security" time=126.146 map=fy_snow players=30
L 10/01/2026 - 21:40:25: [SPAWN] id=28 name="Security" time=126.156 map=fy_snow players=30
L 10/01/2026 - 21:40:25: [SPAWN] id=28 name="Security" time=126.165 map=fy_snow players=30
L 10/01/2026 - 21:40:25: [SPAWN] id=28 name="Security" time=126.175 map=fy_snow players=30
L 10/01/2026 - 21:40:25: [SPAWN] id=28 name="Security" time=126.186 map=fy_snow players=30
L 10/01/2026 - 21:40:25: [SPAWN] id=28 name="Security" time=126.196 map=fy_snow players=30
L 10/01/2026 - 21:40:25: [SPAWN] id=28 name="Security" time=126.206 map=fy_snow players=30
L 10/01/2026 - 21:40:25: [SPAWN] id=28 name="Security" time=126.216 map=fy_snow players=30
L 10/01/2026 - 21:40:25: [SPAWN] id=28 name="Security" time=126.225 map=fy_snow players=30
L 10/01/2026 - 21:40:25: [SPAWN] id=28 name="Security" time=126.235 map=fy_snow players=30
L 10/01/2026 - 21:40:25: [SPAWN] id=28 name="Security" time=126.246 map=fy_snow players=30
L 10/01/2026 - 21:40:25: [SPAWN] id=28 name="Security" time=126.256 map=fy_snow players=30
L 10/01/2026 - 21:40:25: [SPAWN] id=28 name="Security" time=126.265 map=fy_snow players=30
L 10/01/2026 - 21:40:25: [SPAWN] id=28 name="Security" time=126.275 map=fy_snow players=30
L 10/01/2026 - 21:40:25: [SPAWN] id=28 name="Security" time=126.285 map=fy_snow players=30
L 10/01/2026 - 21:40:25: [SPAWN] id=28 name="Security" time=126.295 map=fy_snow players=30
L 10/01/2026 - 21:40:25: [SPAWN] id=28 name="Security" time=126.305 map=fy_snow players=30
L 10/01/2026 - 21:40:25: [SPAWN] id=28 name="Security" time=126.315 map=fy_snow players=30
L 10/01/2026 - 21:40:25: [SPAWN] id=28 name="Security" time=126.324 map=fy_snow players=30
L 10/01/2026 - 21:40:25: [SPAWN] id=28 name="Security" time=126.334 map=fy_snow players=30
L 10/01/2026 - 21:40:25: [SPAWN] id=28 name="Security" time=126.345 map=fy_snow players=30
L 10/01/2026 - 21:40:25: [SPAWN] id=28 name="Security" time=126.355 map=fy_snow players=30
L 10/01/2026 - 21:40:25: [SPAWN] id=28 name="Security" time=126.365 map=fy_snow players=30
L 10/01/2026 - 21:40:25: [SPAWN] id=28 name="Security" time=126.375 map=fy_snow players=30
L 10/01/2026 - 21:40:25: [SPAWN] id=28 name="Security" time=126.384 map=fy_snow players=30
L 10/01/2026 - 21:40:25: [SPAWN] id=28 name="Security" time=126.394 map=fy_snow players=30
L 10/01/2026 - 21:40:25: [SPAWN] id=28 name="Security" time=126.405 map=fy_snow players=30
L 10/01/2026 - 21:40:25: [SPAWN] id=28 name="Security" time=126.415 map=fy_snow players=30
L 10/01/2026 - 21:40:25: [SPAWN] id=28 name="Security" time=126.425 map=fy_snow players=30
L 10/01/2026 - 21:40:25: [SPAWN] id=28 name="Security" time=126.435 map=fy_snow players=30
L 10/01/2026 - 21:40:25: [SPAWN] id=28 name="Security" time=126.444 map=fy_snow players=30
L 10/01/2026 - 21:40:25: [SPAWN] id=28 name="Security" time=126.454 map=fy_snow players=30
L 10/01/2026 - 21:40:25: [SPAWN] id=28 name="Security" time=126.464 map=fy_snow players=30
L 10/01/2026 - 21:40:25: [SPAWN] id=28 name="Security" time=126.474 map=fy_snow players=30
L 10/01/2026 - 21:40:25: [SPAWN] id=28 name="Security" time=126.484 map=fy_snow players=30
L 10/01/2026 - 21:40:25: [SPAWN] id=28 name="Security" time=126.494 map=fy_snow players=30
L 10/01/2026 - 21:40:25: [SPAWN] id=28 name="Security" time=126.503 map=fy_snow players=30
L 10/01/2026 - 21:40:25: [SPAWN] id=28 name="Security" time=126.513 map=fy_snow players=30
L 10/01/2026 - 21:40:25: [SPAWN] id=28 name="Security" time=126.524 map=fy_snow players=30
L 10/01/2026 - 21:40:25: [SPAWN] id=28 name="Security" time=126.534 map=fy_snow players=30
L 10/01/2026 - 21:40:25: [SPAWN] id=28 name="Security" time=126.544 map=fy_snow players=30
L 10/01/2026 - 21:40:25: [SPAWN] id=28 name="Security" time=126.554 map=fy_snow players=30
L 10/01/2026 - 21:40:25: [SPAWN] id=28 name="Security" time=126.564 map=fy_snow players=30
L 10/01/2026 - 21:40:25: [SPAWN] id=28 name="Security" time=126.574 map=fy_snow players=30
L 10/01/2026 - 21:40:25: [SPAWN] id=28 name="Security" time=126.583 map=fy_snow players=30
L 10/01/2026 - 21:40:25: [SPAWN] id=28 name="Security" time=126.593 map=fy_snow players=30
L 10/01/2026 - 21:40:25: [SPAWN] id=28 name="Security" time=126.603 map=fy_snow players=30
L 10/01/2026 - 21:40:25: [SPAWN] id=28 name="Security" time=126.613 map=fy_snow players=30
L 10/01/2026 - 21:40:25: [SPAWN] id=28 name="Security" time=126.624 map=fy_snow players=30
L 10/01/2026 - 21:40:25: [SPAWN] id=28 name="Security" time=126.634 map=fy_snow players=30
L 10/01/2026 - 21:40:25: [SPAWN] id=28 name="Security" time=126.644 map=fy_snow players=30
L 10/01/2026 - 21:40:25: [SPAWN] id=28 name="Security" time=126.654 map=fy_snow players=30
L 10/01/2026 - 21:40:25: [SPAWN] id=23 name="Ady" time=126.665 map=fy_snow players=30
L 10/01/2026 - 21:40:25: [SPAWN] id=28 name="Security" time=126.663 map=fy_snow players=30
L 10/01/2026 - 21:40:25: [SPAWN] id=28 name="Security" time=126.673 map=fy_snow players=30
L 10/01/2026 - 21:40:25: [SPAWN] id=19 name="Unikov" time=126.686 map=fy_snow players=30
L 10/01/2026 - 21:40:25: [SPAWN] id=28 name="Security" time=126.683 map=fy_snow players=30
L 10/01/2026 - 21:40:25: [SPAWN] id=28 name="Security" time=126.693 map=fy_snow players=30
L 10/01/2026 - 21:40:25: [SPAWN] id=28 name="Security" time=126.703 map=fy_snow players=30
L 10/01/2026 - 21:40:25: [SPAWN] id=28 name="Security" time=126.713 map=fy_snow players=30
L 10/01/2026 - 21:40:25: [SPAWN] id=28 name="Security" time=126.724 map=fy_snow players=30
L 10/01/2026 - 21:40:25: [SPAWN] id=28 name="Security" time=126.734 map=fy_snow players=30
L 10/01/2026 - 21:40:26: [SPAWN] id=28 name="Security" time=127.115 map=fy_snow players=30
L 10/01/2026 - 21:40:26: [SPAWN] id=28 name="Security" time=127.125 map=fy_snow players=30
L 10/01/2026 - 21:40:26: [SPAWN] id=28 name="Security" time=127.116 map=fy_snow players=30
L 10/01/2026 - 21:40:26: [SPAWN] id=28 name="Security" time=127.125 map=fy_snow players=30
L 10/01/2026 - 21:40:26: [SPAWN] id=28 name="Security" time=127.115 map=fy_snow players=30
L 10/01/2026 - 21:40:26: [SPAWN] id=28 name="Security" time=127.125 map=fy_snow players=30
L 10/01/2026 - 21:40:26: [SPAWN] id=28 name="Security" time=127.115 map=fy_snow players=30
L 10/01/2026 - 21:40:26: [SPAWN] id=28 name="Security" time=127.125 map=fy_snow players=30
L 10/01/2026 - 21:40:26: [SPAWN] id=28 name="Security" time=127.115 map=fy_snow players=30
L 10/01/2026 - 21:40:26: [SPAWN] id=28 name="Security" time=127.125 map=fy_snow players=30
L 10/01/2026 - 21:40:26: [SPAWN] id=28 name="Security" time=127.115 map=fy_snow players=30
L 10/01/2026 - 21:40:26: [SPAWN] id=28 name="Security" time=127.125 map=fy_snow players=30
L 10/01/2026 - 21:40:26: [SPAWN] id=28 name="Security" time=127.115 map=fy_snow players=30
L 10/01/2026 - 21:40:26: [SPAWN] id=28 name="Security" time=127.125 map=fy_snow players=30
L 10/01/2026 - 21:40:26: [SPAWN] id=28 name="Security" time=127.115 map=fy_snow players=30
L 10/01/2026 - 21:40:26: [SPAWN] id=28 name="Security" time=127.125 map=fy_snow players=30
L 10/01/2026 - 21:40:26: [SPAWN] id=28 name="Security" time=127.115 map=fy_snow players=30
L 10/01/2026 - 21:40:26: [SPAWN] id=28 name="Security" time=127.125 map=fy_snow players=30
L 10/01/2026 - 21:40:26: [SPAWN] id=28 name="Security" time=127.115 map=fy_snow players=30
L 10/01/2026 - 21:40:26: [SPAWN] id=28 name="Security" time=127.125 map=fy_snow players=30
L 10/01/2026 - 21:40:26: [SPAWN] id=28 name="Security" time=127.115 map=fy_snow players=30
L 10/01/2026 - 21:40:26: [SPAWN] id=28 name="Security" time=127.125 map=fy_snow players=30
L 10/01/2026 - 21:40:26: [SPAWN] id=28 name="Security" time=127.116 map=fy_snow players=30
L 10/01/2026 - 21:40:26: [SPAWN] id=28 name="Security" time=127.125 map=fy_snow players=30
L 10/01/2026 - 21:40:26: [SPAWN] id=28 name="Security" time=127.115 map=fy_snow players=30
L 10/01/2026 - 21:40:26: [SPAWN] id=28 name="Security" time=127.121 map=fy_snow players=30
L 10/01/2026 - 21:40:26: [SPAWN] id=28 name="Security" time=127.131 map=fy_snow players=30
L 10/01/2026 - 21:40:26: [SPAWN] id=28 name="Security" time=127.141 map=fy_snow players=30
L 10/01/2026 - 21:40:26: [SPAWN] id=28 name="Security" time=127.151 map=fy_snow players=30
L 10/01/2026 - 21:40:26: [SPAWN] id=28 name="Security" time=127.191 map=fy_snow players=30
L 10/01/2026 - 21:40:26: [SPAWN] id=28 name="Security" time=127.200 map=fy_snow players=30
L 10/01/2026 - 21:40:26: [SPAWN] id=28 name="Security" time=127.191 map=fy_snow players=30
L 10/01/2026 - 21:40:26: [SPAWN] id=28 name="Security" time=127.201 map=fy_snow players=30
L 10/01/2026 - 21:40:26: [SPAWN] id=28 name="Security" time=127.200 map=fy_snow players=30
L 10/01/2026 - 21:40:26: [SPAWN] id=28 name="Security" time=127.210 map=fy_snow players=30
L 10/01/2026 - 21:40:26: [SPAWN] id=28 name="Security" time=127.220 map=fy_snow players=30
L 10/01/2026 - 21:40:26: [SPAWN] id=28 name="Security" time=127.230 map=fy_snow players=30
L 10/01/2026 - 21:40:26: [SPAWN] id=28 name="Security" time=127.316 map=fy_snow players=30
L 10/01/2026 - 21:40:26: [SPAWN] id=28 name="Security" time=127.326 map=fy_snow players=30
L 10/01/2026 - 21:40:26: [SPAWN] id=28 name="Security" time=127.316 map=fy_snow players=30
L 10/01/2026 - 21:40:26: [SPAWN] id=28 name="Security" time=127.326 map=fy_snow players=30
L 10/01/2026 - 21:40:26: [SPAWN] id=28 name="Security" time=127.316 map=fy_snow players=30
L 10/01/2026 - 21:40:26: [SPAWN] id=28 name="Security" time=127.326 map=fy_snow players=30
L 10/01/2026 - 21:40:26: [SPAWN] id=28 name="Security" time=127.316 map=fy_snow players=30
L 10/01/2026 - 21:40:26: [SPAWN] id=28 name="Security" time=127.326 map=fy_snow players=30
L 10/01/2026 - 21:40:26: [SPAWN] id=28 name="Security" time=127.320 map=fy_snow players=30
L 10/01/2026 - 21:40:26: [SPAWN] id=28 name="Security" time=127.330 map=fy_snow players=30
L 10/01/2026 - 21:40:26: [SPAWN] id=28 name="Security" time=127.339 map=fy_snow players=30
L 10/01/2026 - 21:40:26: [SPAWN] id=28 name="Security" time=127.349 map=fy_snow players=30
L 10/01/2026 - 21:40:26: [SPAWN] id=28 name="Security" time=127.423 map=fy_snow players=30
L 10/01/2026 - 21:40:26: [SPAWN] id=28 name="Security" time=127.433 map=fy_snow players=30
L 10/01/2026 - 21:40:26: [SPAWN] id=28 name="Security" time=127.423 map=fy_snow players=30
L 10/01/2026 - 21:40:26: [SPAWN] id=28 name="Security" time=127.433 map=fy_snow players=30
L 10/01/2026 - 21:40:26: [SPAWN] id=28 name="Security" time=127.423 map=fy_snow players=30
L 10/01/2026 - 21:40:26: [SPAWN] id=28 name="Security" time=127.433 map=fy_snow players=30
L 10/01/2026 - 21:40:26: [SPAWN] id=28 name="Security" time=127.423 map=fy_snow players=30
L 10/01/2026 - 21:40:26: [SPAWN] id=28 name="Security" time=127.433 map=fy_snow players=30
L 10/01/2026 - 21:40:26: [SPAWN] id=28 name="Security" time=127.439 map=fy_snow players=30
L 10/01/2026 - 21:40:26: [SPAWN] id=28 name="Security" time=127.449 map=fy_snow players=30
L 10/01/2026 - 21:40:26: [SPAWN] id=28 name="Security" time=127.460 map=fy_snow players=30
L 10/01/2026 - 21:40:26: [SPAWN] id=28 name="Security" time=127.470 map=fy_snow players=30
L 10/01/2026 - 21:40:26: [SPAWN] id=25 name="(2)Unikov" time=127.475 map=fy_snow players=30
L 10/01/2026 - 21:40:26: [SPAWN] id=28 name="Security" time=127.642 map=fy_snow players=30
L 10/01/2026 - 21:40:26: [SPAWN] id=28 name="Security" time=127.652 map=fy_snow players=30
L 10/01/2026 - 21:40:26: [SPAWN] id=28 name="Security" time=127.642 map=fy_snow players=30
L 10/01/2026 - 21:40:26: [SPAWN] id=28 name="Security" time=127.652 map=fy_snow players=30
L 10/01/2026 - 21:40:26: [SPAWN] id=28 name="Security" time=127.642 map=fy_snow players=30
L 10/01/2026 - 21:40:26: [SPAWN] id=28 name="Security" time=127.652 map=fy_snow players=30
L 10/01/2026 - 21:40:26: [SPAWN] id=28 name="Security" time=127.642 map=fy_snow players=30
L 10/01/2026 - 21:40:26: [SPAWN] id=28 name="Security" time=127.652 map=fy_snow players=30
L 10/01/2026 - 21:40:26: [SPAWN] id=28 name="Security" time=127.642 map=fy_snow players=30
L 10/01/2026 - 21:40:26: [SPAWN] id=28 name="Security" time=127.652 map=fy_snow players=30
L 10/01/2026 - 21:40:26: [SPAWN] id=28 name="Security" time=127.642 map=fy_snow players=30
L 10/01/2026 - 21:40:26: [SPAWN] id=28 name="Security" time=127.652 map=fy_snow players=30
L 10/01/2026 - 21:40:26: [SPAWN] id=28 name="Security" time=127.642 map=fy_snow players=30
L 10/01/2026 - 21:40:26: [SPAWN] id=28 name="Security" time=127.652 map=fy_snow players=30
L 10/01/2026 - 21:40:26: [SPAWN] id=28 name="Security" time=127.642 map=fy_snow players=30
L 10/01/2026 - 21:40:26: [SPAWN] id=28 name="Security" time=127.652 map=fy_snow players=30
L 10/01/2026 - 21:40:26: [SPAWN] id=28 name="Security" time=127.642 map=fy_snow players=30
L 10/01/2026 - 21:40:26: [SPAWN] id=28 name="Security" time=127.652 map=fy_snow players=30
L 10/01/2026 - 21:40:26: [SPAWN] id=28 name="Security" time=127.659 map=fy_snow players=30
L 10/01/2026 - 21:40:26: [SPAWN] id=28 name="Security" time=127.669 map=fy_snow players=30
L 10/01/2026 - 21:40:26: [SPAWN] id=28 name="Security" time=127.704 map=fy_snow players=30
L 10/01/2026 - 21:40:26: [SPAWN] id=28 name="Security" time=127.714 map=fy_snow players=30
L 10/01/2026 - 21:40:26: [SPAWN] id=28 name="Security" time=127.704 map=fy_snow players=30
L 10/01/2026 - 21:40:26: [SPAWN] id=28 name="Security" time=127.714 map=fy_snow players=30
L 10/01/2026 - 21:40:26: [SPAWN] id=28 name="Security" time=127.718 map=fy_snow players=30
L 10/01/2026 - 21:40:26: [SPAWN] id=28 name="Security" time=127.728 map=fy_snow players=30
L 10/01/2026 - 21:40:26: [SPAWN] id=28 name="Security" time=127.824 map=fy_snow players=30
L 10/01/2026 - 21:40:26: [SPAWN] id=28 name="Security" time=127.834 map=fy_snow players=30
L 10/01/2026 - 21:40:26: [SPAWN] id=28 name="Security" time=127.824 map=fy_snow players=30
L 10/01/2026 - 21:40:26: [SPAWN] id=28 name="Security" time=127.834 map=fy_snow players=30
L 10/01/2026 - 21:40:26: [SPAWN] id=28 name="Security" time=127.825 map=fy_snow players=30
L 10/01/2026 - 21:40:26: [SPAWN] id=28 name="Security" time=127.834 map=fy_snow players=30
L 10/01/2026 - 21:40:26: [SPAWN] id=28 name="Security" time=127.824 map=fy_snow players=30
L 10/01/2026 - 21:40:26: [SPAWN] id=28 name="Security" time=127.834 map=fy_snow players=30
L 10/01/2026 - 21:40:26: [SPAWN] id=28 name="Security" time=127.824 map=fy_snow players=30
L 10/01/2026 - 21:40:26: [SPAWN] id=28 name="Security" time=127.834 map=fy_snow players=30
L 10/01/2026 - 21:40:26: [SPAWN] id=28 name="Security" time=127.837 map=fy_snow players=30
L 10/01/2026 - 21:40:26: [SPAWN] id=28 name="Security" time=127.847 map=fy_snow players=30
L 10/01/2026 - 21:40:26: [SPAWN] id=28 name="Security" time=127.911 map=fy_snow players=30
L 10/01/2026 - 21:40:26: [SPAWN] id=28 name="Security" time=127.921 map=fy_snow players=30
L 10/01/2026 - 21:40:26: [SPAWN] id=28 name="Security" time=127.911 map=fy_snow players=30
L 10/01/2026 - 21:40:26: [SPAWN] id=28 name="Security" time=127.921 map=fy_snow players=30
L 10/01/2026 - 21:40:26: [SPAWN] id=28 name="Security" time=127.911 map=fy_snow players=30
L 10/01/2026 - 21:40:26: [SPAWN] id=28 name="Security" time=127.921 map=fy_snow players=30
L 10/01/2026 - 21:40:26: [SPAWN] id=28 name="Security" time=127.916 map=fy_snow players=30
L 10/01/2026 - 21:40:26: [SPAWN] id=28 name="Security" time=127.926 map=fy_snow players=30
L 10/01/2026 - 21:40:26: [SPAWN] id=28 name="Security" time=127.936 map=fy_snow players=30
L 10/01/2026 - 21:40:26: [SPAWN] id=28 name="Security" time=127.946 map=fy_snow players=30
L 10/01/2026 - 21:40:26: [SPAWN] id=28 name="Security" time=127.957 map=fy_snow players=30
L 10/01/2026 - 21:40:26: [SPAWN] id=28 name="Security" time=127.967 map=fy_snow players=30
L 10/01/2026 - 21:40:26: [SPAWN] id=28 name="Security" time=127.978 map=fy_snow players=30
L 10/01/2026 - 21:40:26: [SPAWN] id=28 name="Security" time=127.987 map=fy_snow players=30
L 10/01/2026 - 21:40:26: [SPAWN] id=28 name="Security" time=127.997 map=fy_snow players=30
L 10/01/2026 - 21:40:26: [SPAWN] id=28 name="Security" time=128.007 map=fy_snow players=30
L 10/01/2026 - 21:40:26: [SPAWN] id=28 name="Security" time=128.016 map=fy_snow players=30
L 10/01/2026 - 21:40:26: [SPAWN] id=28 name="Security" time=128.026 map=fy_snow players=30
L 10/01/2026 - 21:40:26: [SPAWN] id=28 name="Security" time=128.037 map=fy_snow players=30
L 10/01/2026 - 21:40:26: [SPAWN] id=28 name="Security" time=128.047 map=fy_snow players=30
L 10/01/2026 - 21:40:26: [SPAWN] id=28 name="Security" time=128.056 map=fy_snow players=30
L 10/01/2026 - 21:40:26: [SPAWN] id=28 name="Security" time=128.066 map=fy_snow players=30
L 10/01/2026 - 21:40:27: [SPAWN] id=28 name="Security" time=128.076 map=fy_snow players=30
L 10/01/2026 - 21:40:27: [SPAWN] id=28 name="Security" time=128.086 map=fy_snow players=30
L 10/01/2026 - 21:40:27: [SPAWN] id=28 name="Security" time=128.097 map=fy_snow players=30
L 10/01/2026 - 21:40:27: [SPAWN] id=28 name="Security" time=128.107 map=fy_snow players=30
L 10/01/2026 - 21:40:27: [SPAWN] id=28 name="Security" time=128.116 map=fy_snow players=30
L 10/01/2026 - 21:40:27: [SPAWN] id=28 name="Security" time=128.126 map=fy_snow players=30
L 10/01/2026 - 21:40:27: [SPAWN] id=28 name="Security" time=128.135 map=fy_snow players=30
L 10/01/2026 - 21:40:27: [SPAWN] id=28 name="Security" time=128.145 map=fy_snow players=30
L 10/01/2026 - 21:40:27: [SPAWN] id=28 name="Security" time=128.156 map=fy_snow players=30
L 10/01/2026 - 21:40:27: [SPAWN] id=28 name="Security" time=128.166 map=fy_snow players=30
L 10/01/2026 - 21:40:27: [SPAWN] id=28 name="Security" time=128.176 map=fy_snow players=30
L 10/01/2026 - 21:40:27: [SPAWN] id=28 name="Security" time=128.185 map=fy_snow players=30
L 10/01/2026 - 21:40:27: [SPAWN] id=28 name="Security" time=128.196 map=fy_snow players=30
L 10/01/2026 - 21:40:27: [SPAWN] id=28 name="Security" time=128.206 map=fy_snow players=30
L 10/01/2026 - 21:40:27: [SPAWN] id=28 name="Security" time=128.216 map=fy_snow players=30
L 10/01/2026 - 21:40:27: [SPAWN] id=28 name="Security" time=128.226 map=fy_snow players=30
L 10/01/2026 - 21:40:27: [SPAWN] id=28 name="Security" time=128.236 map=fy_snow players=30
L 10/01/2026 - 21:40:27: [SPAWN] id=28 name="Security" time=128.246 map=fy_snow players=30
L 10/01/2026 - 21:40:27: [SPAWN] id=28 name="Security" time=128.255 map=fy_snow players=30
L 10/01/2026 - 21:40:27: [SPAWN] id=28 name="Security" time=128.265 map=fy_snow players=30
L 10/01/2026 - 21:40:27: [SPAWN] id=28 name="Security" time=128.275 map=fy_snow players=30
L 10/01/2026 - 21:40:27: [SPAWN] id=28 name="Security" time=128.285 map=fy_snow players=30
L 10/01/2026 - 21:40:27: [SPAWN] id=28 name="Security" time=128.295 map=fy_snow players=30
L 10/01/2026 - 21:40:27: [SPAWN] id=28 name="Security" time=128.305 map=fy_snow players=30
L 10/01/2026 - 21:40:27: [SPAWN] id=28 name="Security" time=128.315 map=fy_snow players=30
L 10/01/2026 - 21:40:27: [SPAWN] id=28 name="Security" time=128.325 map=fy_snow players=30
L 10/01/2026 - 21:40:27: [SPAWN] id=28 name="Security" time=128.334 map=fy_snow players=30
L 10/01/2026 - 21:40:27: [SPAWN] id=28 name="Security" time=128.344 map=fy_snow players=30
L 10/01/2026 - 21:40:27: [SPAWN] id=28 name="Security" time=128.355 map=fy_snow players=30
L 10/01/2026 - 21:40:27: [SPAWN] id=28 name="Security" time=128.365 map=fy_snow players=30
L 10/01/2026 - 21:40:27: [SPAWN] id=28 name="Security" time=128.376 map=fy_snow players=30
L 10/01/2026 - 21:40:27: [SPAWN] id=28 name="Security" time=128.386 map=fy_snow players=30
L 10/01/2026 - 21:40:27: [SPAWN] id=28 name="Security" time=128.394 map=fy_snow players=30
L 10/01/2026 - 21:40:27: [SPAWN] id=28 name="Security" time=128.404 map=fy_snow players=30
L 10/01/2026 - 21:40:27: [SPAWN] id=28 name="Security" time=128.415 map=fy_snow players=30
L 10/01/2026 - 21:40:27: [SPAWN] id=28 name="Security" time=128.425 map=fy_snow players=30
L 10/01/2026 - 21:40:27: [SPAWN] id=28 name="Security" time=128.435 map=fy_snow players=30
L 10/01/2026 - 21:40:27: [SPAWN] id=28 name="Security" time=128.445 map=fy_snow players=30
L 10/01/2026 - 21:40:27: [SPAWN] id=28 name="Security" time=128.455 map=fy_snow players=30
L 10/01/2026 - 21:40:27: [SPAWN] id=28 name="Security" time=128.465 map=fy_snow players=30
L 10/01/2026 - 21:40:27: [SPAWN] id=28 name="Security" time=128.475 map=fy_snow players=30
L 10/01/2026 - 21:40:27: [SPAWN] id=28 name="Security" time=128.485 map=fy_snow players=30
L 10/01/2026 - 21:40:27: [SPAWN] id=28 name="Security" time=128.494 map=fy_snow players=30
L 10/01/2026 - 21:40:27: [SPAWN] id=28 name="Security" time=128.504 map=fy_snow players=30
L 10/01/2026 - 21:40:27: [SPAWN] id=28 name="Security" time=128.514 map=fy_snow players=30
L 10/01/2026 - 21:40:27: [SPAWN] id=28 name="Security" time=128.524 map=fy_snow players=30
L 10/01/2026 - 21:40:27: [SPAWN] id=28 name="Security" time=128.534 map=fy_snow players=30
L 10/01/2026 - 21:40:27: [SPAWN] id=28 name="Security" time=128.544 map=fy_snow players=30
L 10/01/2026 - 21:40:27: [SPAWN] id=28 name="Security" time=128.553 map=fy_snow players=30
L 10/01/2026 - 21:40:27: [SPAWN] id=28 name="Security" time=128.563 map=fy_snow players=30
L 10/01/2026 - 21:40:27: [SPAWN] id=28 name="Security" time=128.574 map=fy_snow players=30
L 10/01/2026 - 21:40:27: [SPAWN] id=28 name="Security" time=128.584 map=fy_snow players=30
L 10/01/2026 - 21:40:27: [SPAWN] id=28 name="Security" time=128.595 map=fy_snow players=30
L 10/01/2026 - 21:40:27: [SPAWN] id=28 name="Security" time=128.605 map=fy_snow players=30
L 10/01/2026 - 21:40:27: [SPAWN] id=28 name="Security" time=128.614 map=fy_snow players=30
L 10/01/2026 - 21:40:27: [SPAWN] id=28 name="Security" time=128.624 map=fy_snow players=30
L 10/01/2026 - 21:40:27: [SPAWN] id=28 name="Security" time=128.633 map=fy_snow players=30
L 10/01/2026 - 21:40:27: [SPAWN] id=28 name="Security" time=128.643 map=fy_snow players=30
L 10/01/2026 - 21:40:27: [SPAWN] id=28 name="Security" time=128.653 map=fy_snow players=30
L 10/01/2026 - 21:40:27: [SPAWN] id=28 name="Security" time=128.663 map=fy_snow players=30
L 10/01/2026 - 21:40:27: [SPAWN] id=28 name="Security" time=128.674 map=fy_snow players=30
L 10/01/2026 - 21:40:27: [SPAWN] id=28 name="Security" time=128.684 map=fy_snow players=30
L 10/01/2026 - 21:40:27: [SPAWN] id=28 name="Security" time=128.694 map=fy_snow players=30
L 10/01/2026 - 21:40:27: [SPAWN] id=28 name="Security" time=128.704 map=fy_snow players=30
L 10/01/2026 - 21:40:27: [SPAWN] id=28 name="Security" time=128.714 map=fy_snow players=30
L 10/01/2026 - 21:40:27: [SPAWN] id=28 name="Security" time=128.723 map=fy_snow players=30
L 10/01/2026 - 21:40:27: [SPAWN] id=28 name="Security" time=128.733 map=fy_snow players=30
L 10/01/2026 - 21:40:27: [SPAWN] id=28 name="Security" time=128.743 map=fy_snow players=30
L 10/01/2026 - 21:40:27: [SPAWN] id=28 name="Security" time=128.752 map=fy_snow players=30
L 10/01/2026 - 21:40:27: [SPAWN] id=28 name="Security" time=128.762 map=fy_snow players=30
L 10/01/2026 - 21:40:27: [SPAWN] id=28 name="Security" time=128.772 map=fy_snow players=30
L 10/01/2026 - 21:40:27: [SPAWN] id=28 name="Security" time=128.782 map=fy_snow players=30
L 10/01/2026 - 21:40:27: [SPAWN] id=28 name="Security" time=128.794 map=fy_snow players=30
L 10/01/2026 - 21:40:27: [SPAWN] id=28 name="Security" time=128.803 map=fy_snow players=30
L 10/01/2026 - 21:40:27: [SPAWN] id=28 name="Security" time=128.813 map=fy_snow players=30
L 10/01/2026 - 21:40:27: [SPAWN] id=28 name="Security" time=128.823 map=fy_snow players=30
L 10/01/2026 - 21:40:27: [SPAWN] id=28 name="Security" time=128.833 map=fy_snow players=30
L 10/01/2026 - 21:40:27: [SPAWN] id=28 name="Security" time=128.843 map=fy_snow players=30
L 10/01/2026 - 21:40:27: [SPAWN] id=28 name="Security" time=128.852 map=fy_snow players=30
L 10/01/2026 - 21:40:27: [SPAWN] id=28 name="Security" time=128.862 map=fy_snow players=30
L 10/01/2026 - 21:40:27: [SPAWN] id=28 name="Security" time=128.873 map=fy_snow players=30
L 10/01/2026 - 21:40:27: [SPAWN] id=28 name="Security" time=128.883 map=fy_snow players=30
L 10/01/2026 - 21:40:27: [SPAWN] id=28 name="Security" time=128.892 map=fy_snow players=30
L 10/01/2026 - 21:40:27: [SPAWN] id=28 name="Security" time=128.902 map=fy_snow players=30
L 10/01/2026 - 21:40:27: [SPAWN] id=28 name="Security" time=128.912 map=fy_snow players=30
L 10/01/2026 - 21:40:27: [SPAWN] id=28 name="Security" time=128.922 map=fy_snow players=30
L 10/01/2026 - 21:40:27: [SPAWN] id=28 name="Security" time=128.932 map=fy_snow players=30
L 10/01/2026 - 21:40:27: [SPAWN] id=28 name="Security" time=128.942 map=fy_snow players=30
L 10/01/2026 - 21:40:27: [SPAWN] id=28 name="Security" time=128.952 map=fy_snow players=30
L 10/01/2026 - 21:40:27: [SPAWN] id=28 name="Security" time=128.962 map=fy_snow players=30
L 10/01/2026 - 21:40:27: [SPAWN] id=28 name="Security" time=128.971 map=fy_snow players=30
L 10/01/2026 - 21:40:27: [SPAWN] id=28 name="Security" time=128.981 map=fy_snow players=30
L 10/01/2026 - 21:40:27: [SPAWN] id=28 name="Security" time=128.992 map=fy_snow players=30
L 10/01/2026 - 21:40:27: [SPAWN] id=28 name="Security" time=129.002 map=fy_snow players=30
L 10/01/2026 - 21:40:27: [SPAWN] id=28 name="Security" time=129.011 map=fy_snow players=30
L 10/01/2026 - 21:40:27: [SPAWN] id=28 name="Security" time=129.021 map=fy_snow players=30
L 10/01/2026 - 21:40:27: [SPAWN] id=28 name="Security" time=129.032 map=fy_snow players=30
L 10/01/2026 - 21:40:27: [SPAWN] id=28 name="Security" time=129.042 map=fy_snow players=30
L 10/01/2026 - 21:40:27: [SPAWN] id=28 name="Security" time=129.052 map=fy_snow players=30
L 10/01/2026 - 21:40:27: [SPAWN] id=28 name="Security" time=129.062 map=fy_snow players=30
L 10/01/2026 - 21:40:28: [SPAWN] id=28 name="Security" time=129.071 map=fy_snow players=30
L 10/01/2026 - 21:40:28: [SPAWN] id=28 name="Security" time=129.081 map=fy_snow players=30
L 10/01/2026 - 21:40:28: [SPAWN] id=28 name="Security" time=129.092 map=fy_snow players=30
L 10/01/2026 - 21:40:28: [SPAWN] id=28 name="Security" time=129.102 map=fy_snow players=30
L 10/01/2026 - 21:40:28: [SPAWN] id=28 name="Security" time=129.110 map=fy_snow players=30
L 10/01/2026 - 21:40:28: [SPAWN] id=28 name="Security" time=129.120 map=fy_snow players=30
L 10/01/2026 - 21:40:28: [SPAWN] id=28 name="Security" time=129.130 map=fy_snow players=30
L 10/01/2026 - 21:40:28: [SPAWN] id=28 name="Security" time=129.140 map=fy_snow players=30
L 10/01/2026 - 21:40:28: [SPAWN] id=28 name="Security" time=129.151 map=fy_snow players=30
L 10/01/2026 - 21:40:28: [SPAWN] id=28 name="Security" time=129.161 map=fy_snow players=30
L 10/01/2026 - 21:40:28: [SPAWN] id=28 name="Security" time=129.171 map=fy_snow players=30
L 10/01/2026 - 21:40:28: [SPAWN] id=28 name="Security" time=129.181 map=fy_snow players=30
L 10/01/2026 - 21:40:28: [SPAWN] id=28 name="Security" time=129.190 map=fy_snow players=30
L 10/01/2026 - 21:40:28: [SPAWN] id=28 name="Security" time=129.200 map=fy_snow players=30
L 10/01/2026 - 21:40:28: [SPAWN] id=28 name="Security" time=129.211 map=fy_snow players=30
L 10/01/2026 - 21:40:28: [SPAWN] id=28 name="Security" time=129.221 map=fy_snow players=30
L 10/01/2026 - 21:40:28: [SPAWN] id=28 name="Security" time=129.230 map=fy_snow players=30
L 10/01/2026 - 21:40:28: [SPAWN] id=28 name="Security" time=129.240 map=fy_snow players=30
L 10/01/2026 - 21:40:28: [SPAWN] id=28 name="Security" time=129.250 map=fy_snow players=30
L 10/01/2026 - 21:40:28: [SPAWN] id=28 name="Security" time=129.260 map=fy_snow players=30
L 10/01/2026 - 21:40:28: [SPAWN] id=28 name="Security" time=129.270 map=fy_snow players=30
L 10/01/2026 - 21:40:28: [SPAWN] id=28 name="Security" time=129.280 map=fy_snow players=30
L 10/01/2026 - 21:40:28: [SPAWN] id=28 name="Security" time=129.290 map=fy_snow players=30
L 10/01/2026 - 21:40:28: [SPAWN] id=28 name="Security" time=129.300 map=fy_snow players=30
L 10/01/2026 - 21:40:28: [SPAWN] id=28 name="Security" time=129.311 map=fy_snow players=30
L 10/01/2026 - 21:40:28: [SPAWN] id=28 name="Security" time=129.321 map=fy_snow players=30
L 10/01/2026 - 21:40:28: [SPAWN] id=28 name="Security" time=129.329 map=fy_snow players=30
L 10/01/2026 - 21:40:28: [SPAWN] id=28 name="Security" time=129.339 map=fy_snow players=30
L 10/01/2026 - 21:40:28: [SPAWN] id=28 name="Security" time=129.350 map=fy_snow players=30
L 10/01/2026 - 21:40:28: [SPAWN] id=28 name="Security" time=129.360 map=fy_snow players=30
L 10/01/2026 - 21:40:28: [SPAWN] id=28 name="Security" time=129.370 map=fy_snow players=30
L 10/01/2026 - 21:40:28: [SPAWN] id=28 name="Security" time=129.380 map=fy_snow players=30
L 10/01/2026 - 21:40:28: [SPAWN] id=28 name="Security" time=129.389 map=fy_snow players=30
L 10/01/2026 - 21:40:28: [SPAWN] id=28 name="Security" time=129.399 map=fy_snow players=30
L 10/01/2026 - 21:40:28: [SPAWN] id=28 name="Security" time=129.410 map=fy_snow players=30
L 10/01/2026 - 21:40:28: [SPAWN] id=28 name="Security" time=129.420 map=fy_snow players=30
L 10/01/2026 - 21:40:28: [SPAWN] id=28 name="Security" time=129.430 map=fy_snow players=30
L 10/01/2026 - 21:40:28: [SPAWN] id=28 name="Security" time=129.440 map=fy_snow players=30
L 10/01/2026 - 21:40:28: [SPAWN] id=28 name="Security" time=129.449 map=fy_snow players=30
L 10/01/2026 - 21:40:28: [SPAWN] id=28 name="Security" time=129.459 map=fy_snow players=30
L 10/01/2026 - 21:40:28: [SPAWN] id=28 name="Security" time=129.470 map=fy_snow players=30
L 10/01/2026 - 21:40:28: [SPAWN] id=28 name="Security" time=129.480 map=fy_snow players=30
L 10/01/2026 - 21:40:28: [SPAWN] id=28 name="Security" time=129.489 map=fy_snow players=30
L 10/01/2026 - 21:40:28: [SPAWN] id=28 name="Security" time=129.499 map=fy_snow players=30
L 10/01/2026 - 21:40:28: [SPAWN] id=28 name="Security" time=129.510 map=fy_snow players=30
L 10/01/2026 - 21:40:28: [SPAWN] id=28 name="Security" time=129.520 map=fy_snow players=30
L 10/01/2026 - 21:40:28: [SPAWN] id=28 name="Security" time=129.529 map=fy_snow players=30
L 10/01/2026 - 21:40:28: [SPAWN] id=28 name="Security" time=129.539 map=fy_snow players=30
L 10/01/2026 - 21:40:28: [SPAWN] id=28 name="Security" time=129.549 map=fy_snow players=30
L 10/01/2026 - 21:40:28: [SPAWN] id=28 name="Security" time=129.559 map=fy_snow players=30
L 10/01/2026 - 21:40:28: [SPAWN] id=28 name="Security" time=129.569 map=fy_snow players=30
L 10/01/2026 - 21:40:28: [SPAWN] id=28 name="Security" time=129.579 map=fy_snow players=30
L 10/01/2026 - 21:40:28: [SPAWN] id=28 name="Security" time=129.589 map=fy_snow players=30
L 10/01/2026 - 21:40:28: [SPAWN] id=28 name="Security" time=129.599 map=fy_snow players=30
L 10/01/2026 - 21:40:28: [SPAWN] id=28 name="Security" time=129.611 map=fy_snow players=30
L 10/01/2026 - 21:40:28: [SPAWN] id=28 name="Security" time=129.620 map=fy_snow players=30
L 10/01/2026 - 21:40:28: [SPAWN] id=28 name="Security" time=129.629 map=fy_snow players=30
L 10/01/2026 - 21:40:28: [SPAWN] id=28 name="Security" time=129.639 map=fy_snow players=30
L 10/01/2026 - 21:40:28: [SPAWN] id=28 name="Security" time=129.648 map=fy_snow players=30
L 10/01/2026 - 21:40:28: [SPAWN] id=28 name="Security" time=129.658 map=fy_snow players=30
L 10/01/2026 - 21:40:28: [SPAWN] id=28 name="Security" time=129.668 map=fy_snow players=30
L 10/01/2026 - 21:40:28: [SPAWN] id=28 name="Security" time=129.678 map=fy_snow players=30
L 10/01/2026 - 21:40:28: [SPAWN] id=28 name="Security" time=129.688 map=fy_snow players=30
L 10/01/2026 - 21:40:28: [SPAWN] id=28 name="Security" time=129.698 map=fy_snow players=30
L 10/01/2026 - 21:40:28: [SPAWN] id=28 name="Security" time=129.708 map=fy_snow players=30
L 10/01/2026 - 21:40:28: [SPAWN] id=28 name="Security" time=129.718 map=fy_snow players=30
L 10/01/2026 - 21:40:28: [SPAWN] id=26 name="(1)Unikov" time=129.723 map=fy_snow players=30
L 10/01/2026 - 21:40:28: [SPAWN] id=28 name="Security" time=129.728 map=fy_snow players=30
L 10/01/2026 - 21:40:28: [SPAWN] id=28 name="Security" time=129.738 map=fy_snow players=30
L 10/01/2026 - 21:40:28: [SPAWN] id=28 name="Security" time=129.748 map=fy_snow players=30
L 10/01/2026 - 21:40:28: [SPAWN] id=28 name="Security" time=129.758 map=fy_snow players=30
L 10/01/2026 - 21:40:28: [SPAWN] id=28 name="Security" time=129.768 map=fy_snow players=30
L 10/01/2026 - 21:40:28: [SPAWN] id=28 name="Security" time=129.778 map=fy_snow players=30
L 10/01/2026 - 21:40:28: [SPAWN] id=28 name="Security" time=129.788 map=fy_snow players=30
L 10/01/2026 - 21:40:28: [SPAWN] id=28 name="Security" time=129.798 map=fy_snow players=30
L 10/01/2026 - 21:40:28: [SPAWN] id=28 name="Security" time=129.808 map=fy_snow players=30
L 10/01/2026 - 21:40:28: [SPAWN] id=28 name="Security" time=129.818 map=fy_snow players=30
L 10/01/2026 - 21:40:28: [SPAWN] id=28 name="Security" time=129.827 map=fy_snow players=30
L 10/01/2026 - 21:40:28: [SPAWN] id=28 name="Security" time=129.837 map=fy_snow players=30
L 10/01/2026 - 21:40:28: [SPAWN] id=28 name="Security" time=129.848 map=fy_snow players=30
L 10/01/2026 - 21:40:28: [SPAWN] id=28 name="Security" time=129.858 map=fy_snow players=30
L 10/01/2026 - 21:40:28: [SPAWN] id=28 name="Security" time=129.868 map=fy_snow players=30
L 10/01/2026 - 21:40:28: [SPAWN] id=28 name="Security" time=129.878 map=fy_snow players=30
L 10/01/2026 - 21:40:28: [SPAWN] id=28 name="Security" time=129.888 map=fy_snow players=30
L 10/01/2026 - 21:40:28: [SPAWN] id=28 name="Security" time=129.898 map=fy_snow players=30
L 10/01/2026 - 21:40:28: [SPAWN] id=28 name="Security" time=129.908 map=fy_snow players=30
L 10/01/2026 - 21:40:28: [SPAWN] id=28 name="Security" time=129.918 map=fy_snow players=30
L 10/01/2026 - 21:40:28: [SPAWN] id=28 name="Security" time=129.928 map=fy_snow players=30
L 10/01/2026 - 21:40:28: [SPAWN] id=28 name="Security" time=129.938 map=fy_snow players=30
L 10/01/2026 - 21:40:28: [SPAWN] id=28 name="Security" time=129.947 map=fy_snow players=30
L 10/01/2026 - 21:40:28: [SPAWN] id=28 name="Security" time=129.957 map=fy_snow players=30
L 10/01/2026 - 21:40:28: [SPAWN] id=28 name="Security" time=129.967 map=fy_snow players=30
L 10/01/2026 - 21:40:28: [SPAWN] id=28 name="Security" time=129.977 map=fy_snow players=30
L 10/01/2026 - 21:40:28: [SPAWN] id=28 name="Security" time=129.987 map=fy_snow players=30
L 10/01/2026 - 21:40:28: [SPAWN] id=28 name="Security" time=129.997 map=fy_snow players=30
L 10/01/2026 - 21:40:28: [SPAWN] id=28 name="Security" time=130.007 map=fy_snow players=30
L 10/01/2026 - 21:40:28: [SPAWN] id=28 name="Security" time=130.017 map=fy_snow players=30
L 10/01/2026 - 21:40:28: [SPAWN] id=28 name="Security" time=130.027 map=fy_snow players=30
L 10/01/2026 - 21:40:28: [SPAWN] id=28 name="Security" time=130.037 map=fy_snow players=30
L 10/01/2026 - 21:40:28: [SPAWN] id=28 name="Security" time=130.046 map=fy_snow players=30
L 10/01/2026 - 21:40:28: [SPAWN] id=28 name="Security" time=130.056 map=fy_snow players=30
L 10/01/2026 - 21:40:29: [SPAWN] id=28 name="Security" time=130.067 map=fy_snow players=30
L 10/01/2026 - 21:40:29: [SPAWN] id=28 name="Security" time=130.077 map=fy_snow players=30
L 10/01/2026 - 21:40:29: [SPAWN] id=28 name="Security" time=130.086 map=fy_snow players=30
L 10/01/2026 - 21:40:29: [SPAWN] id=28 name="Security" time=130.096 map=fy_snow players=30
L 10/01/2026 - 21:40:29: [SPAWN] id=28 name="Security" time=130.106 map=fy_snow players=30
L 10/01/2026 - 21:40:29: [SPAWN] id=28 name="Security" time=130.116 map=fy_snow players=30
L 10/01/2026 - 21:40:29: [SPAWN] id=28 name="Security" time=130.126 map=fy_snow players=30
L 10/01/2026 - 21:40:29: [SPAWN] id=28 name="Security" time=130.136 map=fy_snow players=30
L 10/01/2026 - 21:40:29: [SPAWN] id=28 name="Security" time=130.146 map=fy_snow players=30
L 10/01/2026 - 21:40:29: [SPAWN] id=28 name="Security" time=130.156 map=fy_snow players=30
L 10/01/2026 - 21:40:29: [SPAWN] id=28 name="Security" time=130.166 map=fy_snow players=30
L 10/01/2026 - 21:40:29: [SPAWN] id=28 name="Security" time=130.176 map=fy_snow players=30
L 10/01/2026 - 21:40:29: [SPAWN] id=28 name="Security" time=130.186 map=fy_snow players=30
L 10/01/2026 - 21:40:29: [SPAWN] id=28 name="Security" time=130.196 map=fy_snow players=30
L 10/01/2026 - 21:40:29: [SPAWN] id=28 name="Security" time=130.206 map=fy_snow players=30
L 10/01/2026 - 21:40:29: [SPAWN] id=28 name="Security" time=130.216 map=fy_snow players=30
L 10/01/2026 - 21:40:29: [SPAWN] id=28 name="Security" time=130.226 map=fy_snow players=30
L 10/01/2026 - 21:40:29: [SPAWN] id=28 name="Security" time=130.236 map=fy_snow players=30
L 10/01/2026 - 21:40:29: [SPAWN] id=28 name="Security" time=130.246 map=fy_snow players=30
L 10/01/2026 - 21:40:29: [SPAWN] id=28 name="Security" time=130.256 map=fy_snow players=30
L 10/01/2026 - 21:40:29: [SPAWN] id=28 name="Security" time=130.265 map=fy_snow players=30
L 10/01/2026 - 21:40:29: [SPAWN] id=28 name="Security" time=130.275 map=fy_snow players=30
L 10/01/2026 - 21:40:29: [SPAWN] id=28 name="Security" time=130.286 map=fy_snow players=30
L 10/01/2026 - 21:40:29: [SPAWN] id=28 name="Security" time=130.296 map=fy_snow players=30
L 10/01/2026 - 21:40:29: [SPAWN] id=28 name="Security" time=130.305 map=fy_snow players=30
L 10/01/2026 - 21:40:29: [SPAWN] id=28 name="Security" time=130.315 map=fy_snow players=30
L 10/01/2026 - 21:40:29: [SPAWN] id=28 name="Security" time=130.325 map=fy_snow players=30
L 10/01/2026 - 21:40:29: [SPAWN] id=28 name="Security" time=130.335 map=fy_snow players=30
L 10/01/2026 - 21:40:29: [SPAWN] id=28 name="Security" time=130.345 map=fy_snow players=30
L 10/01/2026 - 21:40:29: [SPAWN] id=28 name="Security" time=130.355 map=fy_snow players=30
L 10/01/2026 - 21:40:29: [SPAWN] id=28 name="Security" time=130.366 map=fy_snow players=30
L 10/01/2026 - 21:40:29: [SPAWN] id=28 name="Security" time=130.376 map=fy_snow players=30
L 10/01/2026 - 21:40:29: [SPAWN] id=28 name="Security" time=130.384 map=fy_snow players=30
L 10/01/2026 - 21:40:29: [SPAWN] id=28 name="Security" time=130.395 map=fy_snow players=30
L 10/01/2026 - 21:40:29: [SPAWN] id=28 name="Security" time=130.406 map=fy_snow players=30
L 10/01/2026 - 21:40:29: [SPAWN] id=28 name="Security" time=130.416 map=fy_snow players=30
L 10/01/2026 - 21:40:29: [SPAWN] id=28 name="Security" time=130.427 map=fy_snow players=30
L 10/01/2026 - 21:40:29: [SPAWN] id=28 name="Security" time=130.436 map=fy_snow players=30
L 10/01/2026 - 21:40:29: [SPAWN] id=28 name="Security" time=130.444 map=fy_snow players=30
L 10/01/2026 - 21:40:29: [SPAWN] id=28 name="Security" time=130.454 map=fy_snow players=30
L 10/01/2026 - 21:40:29: [SPAWN] id=28 name="Security" time=130.465 map=fy_snow players=30
L 10/01/2026 - 21:40:29: [SPAWN] id=28 name="Security" time=130.475 map=fy_snow players=30
L 10/01/2026 - 21:40:29: [SPAWN] id=28 name="Security" time=130.484 map=fy_snow players=30
L 10/01/2026 - 21:40:29: [SPAWN] id=28 name="Security" time=130.494 map=fy_snow players=30
L 10/01/2026 - 21:40:29: [SPAWN] id=28 name="Security" time=130.504 map=fy_snow players=30
L 10/01/2026 - 21:40:29: [SPAWN] id=28 name="Security" time=130.514 map=fy_snow players=30
L 10/01/2026 - 21:40:29: [SPAWN] id=28 name="Security" time=130.524 map=fy_snow players=30
L 10/01/2026 - 21:40:29: [SPAWN] id=28 name="Security" time=130.534 map=fy_snow players=30
L 10/01/2026 - 21:40:29: [SPAWN] id=28 name="Security" time=130.545 map=fy_snow players=30
L 10/01/2026 - 21:40:29: [SPAWN] id=28 name="Security" time=130.555 map=fy_snow players=30
L 10/01/2026 - 21:40:29: [SPAWN] id=28 name="Security" time=130.564 map=fy_snow players=30
L 10/01/2026 - 21:40:29: [SPAWN] id=28 name="Security" time=130.574 map=fy_snow players=30
L 10/01/2026 - 21:40:29: [SPAWN] id=28 name="Security" time=130.583 map=fy_snow players=30
L 10/01/2026 - 21:40:29: [SPAWN] id=28 name="Security" time=130.593 map=fy_snow players=30
L 10/01/2026 - 21:40:29: [SPAWN] id=28 name="Security" time=130.604 map=fy_snow players=30
L 10/01/2026 - 21:40:29: [SPAWN] id=28 name="Security" time=130.614 map=fy_snow players=30
L 10/01/2026 - 21:40:29: [SPAWN] id=28 name="Security" time=130.624 map=fy_snow players=30
L 10/01/2026 - 21:40:29: [SPAWN] id=28 name="Security" time=130.633 map=fy_snow players=30
L 10/01/2026 - 21:40:29: [SPAWN] id=28 name="Security" time=130.643 map=fy_snow players=30
L 10/01/2026 - 21:40:29: [SPAWN] id=28 name="Security" time=130.653 map=fy_snow players=30
L 10/01/2026 - 21:40:29: [SPAWN] id=28 name="Security" time=130.664 map=fy_snow players=30
L 10/01/2026 - 21:40:29: [SPAWN] id=28 name="Security" time=130.674 map=fy_snow players=30
L 10/01/2026 - 21:40:29: [SPAWN] id=28 name="Security" time=130.684 map=fy_snow players=30
L 10/01/2026 - 21:40:29: [SPAWN] id=28 name="Security" time=130.694 map=fy_snow players=30
L 10/01/2026 - 21:40:29: [SPAWN] id=28 name="Security" time=130.704 map=fy_snow players=30
L 10/01/2026 - 21:40:29: [SPAWN] id=28 name="Security" time=130.714 map=fy_snow players=30
L 10/01/2026 - 21:40:29: [SPAWN] id=28 name="Security" time=130.724 map=fy_snow players=30
L 10/01/2026 - 21:40:29: [SPAWN] id=28 name="Security" time=130.734 map=fy_snow players=30
L 10/01/2026 - 21:40:29: [SPAWN] id=28 name="Security" time=130.745 map=fy_snow players=30
L 10/01/2026 - 21:40:29: [SPAWN] id=28 name="Security" time=130.755 map=fy_snow players=30
L 10/01/2026 - 21:40:29: [SPAWN] id=28 name="Security" time=130.763 map=fy_snow players=30
L 10/01/2026 - 21:40:29: [SPAWN] id=28 name="Security" time=130.773 map=fy_snow players=30
L 10/01/2026 - 21:40:29: [SPAWN] id=28 name="Security" time=130.782 map=fy_snow players=30
L 10/01/2026 - 21:40:29: [SPAWN] id=28 name="Security" time=130.792 map=fy_snow players=30
L 10/01/2026 - 21:40:29: [SPAWN] id=28 name="Security" time=130.803 map=fy_snow players=30
L 10/01/2026 - 21:40:29: [SPAWN] id=28 name="Security" time=130.813 map=fy_snow players=30
L 10/01/2026 - 21:40:29: [SPAWN] id=28 name="Security" time=130.824 map=fy_snow players=30
L 10/01/2026 - 21:40:29: [SPAWN] id=28 name="Security" time=130.833 map=fy_snow players=30
L 10/01/2026 - 21:40:29: [SPAWN] id=28 name="Security" time=130.843 map=fy_snow players=30
L 10/01/2026 - 21:40:29: [SPAWN] id=28 name="Security" time=130.853 map=fy_snow players=30
L 10/01/2026 - 21:40:29: [SPAWN] id=28 name="Security" time=130.863 map=fy_snow players=30
L 10/01/2026 - 21:40:29: [SPAWN] id=28 name="Security" time=130.873 map=fy_snow players=30
L 10/01/2026 - 21:40:29: [SPAWN] id=28 name="Security" time=130.882 map=fy_snow players=30
L 10/01/2026 - 21:40:29: [SPAWN] id=28 name="Security" time=130.892 map=fy_snow players=30
L 10/01/2026 - 21:40:29: [SPAWN] id=28 name="Security" time=130.903 map=fy_snow players=30
L 10/01/2026 - 21:40:29: [SPAWN] id=28 name="Security" time=130.913 map=fy_snow players=30
L 10/01/2026 - 21:40:29: [SPAWN] id=15 name="KenZo -.-" time=130.916 map=fy_snow players=30
L 10/01/2026 - 21:40:29: [SPAWN] id=28 name="Security" time=130.923 map=fy_snow players=30
L 10/01/2026 - 21:40:29: [SPAWN] id=28 name="Security" time=130.933 map=fy_snow players=30
L 10/01/2026 - 21:40:29: [SPAWN] id=28 name="Security" time=130.941 map=fy_snow players=30
L 10/01/2026 - 21:40:29: [SPAWN] id=28 name="Security" time=130.951 map=fy_snow players=30
L 10/01/2026 - 21:40:29: [SPAWN] id=28 name="Security" time=130.962 map=fy_snow players=30
L 10/01/2026 - 21:40:29: [SPAWN] id=28 name="Security" time=130.972 map=fy_snow players=30
L 10/01/2026 - 21:40:29: [SPAWN] id=28 name="Security" time=130.981 map=fy_snow players=30
L 10/01/2026 - 21:40:29: [SPAWN] id=28 name="Security" time=130.991 map=fy_snow players=30
L 10/01/2026 - 21:40:29: [SPAWN] id=28 name="Security" time=131.002 map=fy_snow players=30
L 10/01/2026 - 21:40:29: [SPAWN] id=28 name="Security" time=131.012 map=fy_snow players=30
L 10/01/2026 - 21:40:29: [SPAWN] id=28 name="Security" time=131.022 map=fy_snow players=30
L 10/01/2026 - 21:40:29: [SPAWN] id=28 name="Security" time=131.032 map=fy_snow players=30
L 10/01/2026 - 21:40:29: [SPAWN] id=28 name="Security" time=131.041 map=fy_snow players=30
L 10/01/2026 - 21:40:29: [SPAWN] id=28 name="Security" time=131.051 map=fy_snow players=30
L 10/01/2026 - 21:40:30: [SPAWN] id=28 name="Security" time=131.062 map=fy_snow players=30
L 10/01/2026 - 21:40:30: [SPAWN] id=28 name="Security" time=131.072 map=fy_snow players=30
L 10/01/2026 - 21:40:30: [SPAWN] id=28 name="Security" time=131.085 map=fy_snow players=30
L 10/01/2026 - 21:40:30: [SPAWN] id=28 name="Security" time=131.095 map=fy_snow players=30
L 10/01/2026 - 21:40:30: [SPAWN] id=28 name="Security" time=131.101 map=fy_snow players=30
L 10/01/2026 - 21:40:30: [SPAWN] id=28 name="Security" time=131.111 map=fy_snow players=30
L 10/01/2026 - 21:40:30: [SPAWN] id=28 name="Security" time=131.121 map=fy_snow players=30
L 10/01/2026 - 21:40:30: [SPAWN] id=28 name="Security" time=131.131 map=fy_snow players=30
L 10/01/2026 - 21:40:30: [SPAWN] id=28 name="Security" time=131.141 map=fy_snow players=30
L 10/01/2026 - 21:40:30: [SPAWN] id=28 name="Security" time=131.151 map=fy_snow players=30
L 10/01/2026 - 21:40:30: [SPAWN] id=28 name="Security" time=131.160 map=fy_snow players=30
L 10/01/2026 - 21:40:30: [SPAWN] id=28 name="Security" time=131.170 map=fy_snow players=30
L 10/01/2026 - 21:40:30: [SPAWN] id=28 name="Security" time=131.181 map=fy_snow players=30
L 10/01/2026 - 21:40:30: [SPAWN] id=28 name="Security" time=131.191 map=fy_snow players=30
L 10/01/2026 - 21:40:30: [SPAWN] id=28 name="Security" time=131.200 map=fy_snow players=30
L 10/01/2026 - 21:40:30: [SPAWN] id=28 name="Security" time=131.210 map=fy_snow players=30
L 10/01/2026 - 21:40:30: [SPAWN] id=28 name="Security" time=131.221 map=fy_snow players=30
L 10/01/2026 - 21:40:30: [SPAWN] id=28 name="Security" time=131.231 map=fy_snow players=30
L 10/01/2026 - 21:40:30: [SPAWN] id=28 name="Security" time=131.240 map=fy_snow players=30
L 10/01/2026 - 21:40:30: [SPAWN] id=28 name="Security" time=131.250 map=fy_snow players=30
L 10/01/2026 - 21:40:30: [SPAWN] id=28 name="Security" time=131.261 map=fy_snow players=30
L 10/01/2026 - 21:40:30: [SPAWN] id=28 name="Security" time=131.271 map=fy_snow players=30
L 10/01/2026 - 21:40:30: [SPAWN] id=28 name="Security" time=131.281 map=fy_snow players=30
L 10/01/2026 - 21:40:30: [SPAWN] id=28 name="Security" time=131.291 map=fy_snow players=30
L 10/01/2026 - 21:40:30: [SPAWN] id=28 name="Security" time=131.301 map=fy_snow players=30
L 10/01/2026 - 21:40:30: [SPAWN] id=28 name="Security" time=131.311 map=fy_snow players=30
L 10/01/2026 - 21:40:30: [SPAWN] id=28 name="Security" time=131.320 map=fy_snow players=30
L 10/01/2026 - 21:40:30: [SPAWN] id=28 name="Security" time=131.330 map=fy_snow players=30
L 10/01/2026 - 21:40:30: [SPAWN] id=13 name="berserk (mariupol)" time=131.343 map=fy_snow players=30
L 10/01/2026 - 21:40:30: [SPAWN] id=28 name="Security" time=131.341 map=fy_snow players=30
L 10/01/2026 - 21:40:30: [SPAWN] id=28 name="Security" time=131.351 map=fy_snow players=30
L 10/01/2026 - 21:40:30: [SPAWN] id=28 name="Security" time=131.361 map=fy_snow players=30
L 10/01/2026 - 21:40:30: [SPAWN] id=28 name="Security" time=131.371 map=fy_snow players=30
L 10/01/2026 - 21:40:30: [SPAWN] id=14 name="p3rdun" time=131.379 map=fy_snow players=30
L 10/01/2026 - 21:40:30: [SPAWN] id=28 name="Security" time=131.380 map=fy_snow players=30
L 10/01/2026 - 21:40:30: [SPAWN] id=28 name="Security" time=131.390 map=fy_snow players=30
L 10/01/2026 - 21:40:30: [SPAWN] id=28 name="Security" time=131.400 map=fy_snow players=30
L 10/01/2026 - 21:40:30: [SPAWN] id=28 name="Security" time=131.410 map=fy_snow players=30
L 10/01/2026 - 21:40:30: [SPAWN] id=28 name="Security" time=131.419 map=fy_snow players=30
L 10/01/2026 - 21:40:30: [SPAWN] id=28 name="Security" time=131.430 map=fy_snow players=30
L 10/01/2026 - 21:40:30: [SPAWN] id=28 name="Security" time=131.439 map=fy_snow players=30
L 10/01/2026 - 21:40:30: [SPAWN] id=28 name="Security" time=131.449 map=fy_snow players=30
L 10/01/2026 - 21:40:30: [SPAWN] id=28 name="Security" time=131.460 map=fy_snow players=30
L 10/01/2026 - 21:40:30: [SPAWN] id=28 name="Security" time=131.470 map=fy_snow players=30
L 10/01/2026 - 21:40:30: [SPAWN] id=28 name="Security" time=131.479 map=fy_snow players=30
L 10/01/2026 - 21:40:30: [SPAWN] id=28 name="Security" time=131.489 map=fy_snow players=30
L 10/01/2026 - 21:40:30: [SPAWN] id=28 name="Security" time=131.500 map=fy_snow players=30
L 10/01/2026 - 21:40:30: [SPAWN] id=28 name="Security" time=131.510 map=fy_snow players=30
L 10/01/2026 - 21:40:30: [SPAWN] id=28 name="Security" time=131.519 map=fy_snow players=30
L 10/01/2026 - 21:40:30: [SPAWN] id=28 name="Security" time=131.529 map=fy_snow players=30
L 10/01/2026 - 21:40:30: [SPAWN] id=28 name="Security" time=131.540 map=fy_snow players=30
L 10/01/2026 - 21:40:30: [SPAWN] id=28 name="Security" time=131.550 map=fy_snow players=30
L 10/01/2026 - 21:40:30: [SPAWN] id=28 name="Security" time=131.560 map=fy_snow players=30
L 10/01/2026 - 21:40:30: [SPAWN] id=28 name="Security" time=131.570 map=fy_snow players=30
L 10/01/2026 - 21:40:30: [SPAWN] id=28 name="Security" time=131.579 map=fy_snow players=30
L 10/01/2026 - 21:40:30: [SPAWN] id=28 name="Security" time=131.589 map=fy_snow players=30
L 10/01/2026 - 21:40:30: [SPAWN] id=28 name="Security" time=131.599 map=fy_snow players=30
L 10/01/2026 - 21:40:30: [SPAWN] id=28 name="Security" time=131.609 map=fy_snow players=30
L 10/01/2026 - 21:40:30: [SPAWN] id=28 name="Security" time=131.618 map=fy_snow players=30
L 10/01/2026 - 21:40:30: [SPAWN] id=28 name="Security" time=131.628 map=fy_snow players=30
L 10/01/2026 - 21:40:30: [SPAWN] id=28 name="Security" time=131.638 map=fy_snow players=30
L 10/01/2026 - 21:40:30: [SPAWN] id=28 name="Security" time=131.648 map=fy_snow players=30
L 10/01/2026 - 21:40:30: [SPAWN] id=28 name="Security" time=131.659 map=fy_snow players=30
L 10/01/2026 - 21:40:30: [SPAWN] id=28 name="Security" time=131.669 map=fy_snow players=30
L 10/01/2026 - 21:40:30: [SPAWN] id=28 name="Security" time=131.678 map=fy_snow players=30
L 10/01/2026 - 21:40:30: [SPAWN] id=28 name="Security" time=131.688 map=fy_snow players=30
L 10/01/2026 - 21:40:30: [SPAWN] id=28 name="Security" time=131.699 map=fy_snow players=30
L 10/01/2026 - 21:40:30: [SPAWN] id=28 name="Security" time=131.709 map=fy_snow players=30
L 10/01/2026 - 21:40:30: [SPAWN] id=28 name="Security" time=131.718 map=fy_snow players=30
L 10/01/2026 - 21:40:30: [SPAWN] id=28 name="Security" time=131.728 map=fy_snow players=30
L 10/01/2026 - 21:40:30: [SPAWN] id=28 name="Security" time=131.739 map=fy_snow players=30
L 10/01/2026 - 21:40:30: [SPAWN] id=28 name="Security" time=131.749 map=fy_snow players=30
L 10/01/2026 - 21:40:30: [SPAWN] id=28 name="Security" time=131.758 map=fy_snow players=30
L 10/01/2026 - 21:40:30: [SPAWN] id=28 name="Security" time=131.768 map=fy_snow players=30
L 10/01/2026 - 21:40:30: [SPAWN] id=28 name="Security" time=131.778 map=fy_snow players=30
L 10/01/2026 - 21:40:30: [SPAWN] id=28 name="Security" time=131.788 map=fy_snow players=30
L 10/01/2026 - 21:40:30: [SPAWN] id=28 name="Security" time=131.798 map=fy_snow players=30
L 10/01/2026 - 21:40:30: [SPAWN] id=28 name="Security" time=131.808 map=fy_snow players=30
L 10/01/2026 - 21:40:30: [SPAWN] id=28 name="Security" time=131.818 map=fy_snow players=30
L 10/01/2026 - 21:40:30: [SPAWN] id=28 name="Security" time=131.828 map=fy_snow players=30
L 10/01/2026 - 21:40:30: [SPAWN] id=28 name="Security" time=131.838 map=fy_snow players=30
L 10/01/2026 - 21:40:30: [SPAWN] id=28 name="Security" time=131.848 map=fy_snow players=30
L 10/01/2026 - 21:40:30: [SPAWN] id=28 name="Security" time=131.858 map=fy_snow players=30
L 10/01/2026 - 21:40:30: [SPAWN] id=28 name="Security" time=131.867 map=fy_snow players=30
L 10/01/2026 - 21:40:30: [SPAWN] id=28 name="Security" time=131.877 map=fy_snow players=30
L 10/01/2026 - 21:40:30: [SPAWN] id=28 name="Security" time=131.887 map=fy_snow players=30
L 10/01/2026 - 21:40:30: [SPAWN] id=28 name="Security" time=131.898 map=fy_snow players=30
L 10/01/2026 - 21:40:30: [SPAWN] id=28 name="Security" time=131.908 map=fy_snow players=30
L 10/01/2026 - 21:40:30: [SPAWN] id=28 name="Security" time=131.918 map=fy_snow players=30
L 10/01/2026 - 21:40:30: [SPAWN] id=28 name="Security" time=131.928 map=fy_snow players=30
L 10/01/2026 - 21:40:30: [SPAWN] id=28 name="Security" time=131.938 map=fy_snow players=30
L 10/01/2026 - 21:40:30: [SPAWN] id=28 name="Security" time=131.948 map=fy_snow players=30
L 10/01/2026 - 21:40:30: [SPAWN] id=28 name="Security" time=131.957 map=fy_snow players=30
L 10/01/2026 - 21:40:30: [SPAWN] id=28 name="Security" time=131.967 map=fy_snow players=30
L 10/01/2026 - 21:40:30: [SPAWN] id=28 name="Security" time=131.977 map=fy_snow players=30
L 10/01/2026 - 21:40:30: [SPAWN] id=28 name="Security" time=131.987 map=fy_snow players=30
L 10/01/2026 - 21:40:30: [SPAWN] id=28 name="Security" time=131.997 map=fy_snow players=30
L 10/01/2026 - 21:40:30: [SPAWN] id=28 name="Security" time=132.007 map=fy_snow players=30
L 10/01/2026 - 21:40:30: [SPAWN] id=28 name="Security" time=132.016 map=fy_snow players=30
L 10/01/2026 - 21:40:30: [SPAWN] id=28 name="Security" time=132.026 map=fy_snow players=30
L 10/01/2026 - 21:40:30: [SPAWN] id=28 name="Security" time=132.037 map=fy_snow players=30
L 10/01/2026 - 21:40:30: [SPAWN] id=28 name="Security" time=132.047 map=fy_snow players=30
L 10/01/2026 - 21:40:30: [SPAWN] id=28 name="Security" time=132.058 map=fy_snow players=30
L 10/01/2026 - 21:40:30: [SPAWN] id=28 name="Security" time=132.067 map=fy_snow players=30
L 10/01/2026 - 21:40:31: [SPAWN] id=28 name="Security" time=132.076 map=fy_snow players=30
L 10/01/2026 - 21:40:31: [SPAWN] id=28 name="Security" time=132.086 map=fy_snow players=30
L 10/01/2026 - 21:40:31: [SPAWN] id=28 name="Security" time=132.097 map=fy_snow players=30
L 10/01/2026 - 21:40:31: [SPAWN] id=28 name="Security" time=132.107 map=fy_snow players=30
L 10/01/2026 - 21:40:31: [SPAWN] id=28 name="Security" time=132.116 map=fy_snow players=30
L 10/01/2026 - 21:40:31: [SPAWN] id=28 name="Security" time=132.126 map=fy_snow players=30
L 10/01/2026 - 21:40:31: [SPAWN] id=28 name="Security" time=132.137 map=fy_snow players=30
L 10/01/2026 - 21:40:31: [SPAWN] id=28 name="Security" time=132.147 map=fy_snow players=30
L 10/01/2026 - 21:40:31: [SPAWN] id=28 name="Security" time=132.156 map=fy_snow players=30
L 10/01/2026 - 21:40:31: [SPAWN] id=28 name="Security" time=132.166 map=fy_snow players=30
L 10/01/2026 - 21:40:31: [SPAWN] id=28 name="Security" time=132.176 map=fy_snow players=30
L 10/01/2026 - 21:40:31: [SPAWN] id=28 name="Security" time=132.186 map=fy_snow players=30
L 10/01/2026 - 21:40:31: [SPAWN] id=28 name="Security" time=132.196 map=fy_snow players=30
L 10/01/2026 - 21:40:31: [SPAWN] id=28 name="Security" time=132.206 map=fy_snow players=30
L 10/01/2026 - 21:40:31: [SPAWN] id=28 name="Security" time=132.216 map=fy_snow players=30
L 10/01/2026 - 21:40:31: [SPAWN] id=28 name="Security" time=132.226 map=fy_snow players=30
L 10/01/2026 - 21:40:31: [SPAWN] id=28 name="Security" time=132.235 map=fy_snow players=30
L 10/01/2026 - 21:40:31: [SPAWN] id=28 name="Security" time=132.245 map=fy_snow players=30
L 10/01/2026 - 21:40:31: [SPAWN] id=28 name="Security" time=132.256 map=fy_snow players=30
L 10/01/2026 - 21:40:31: [SPAWN] id=28 name="Security" time=132.266 map=fy_snow players=30
L 10/01/2026 - 21:40:31: [SPAWN] id=28 name="Security" time=132.277 map=fy_snow players=30
L 10/01/2026 - 21:40:31: [SPAWN] id=28 name="Security" time=132.287 map=fy_snow players=30
L 10/01/2026 - 21:40:31: [SPAWN] id=28 name="Security" time=132.296 map=fy_snow players=30
L 10/01/2026 - 21:40:31: [SPAWN] id=28 name="Security" time=132.306 map=fy_snow players=30
L 10/01/2026 - 21:40:31: [SPAWN] id=28 name="Security" time=132.315 map=fy_snow players=30
L 10/01/2026 - 21:40:31: [SPAWN] id=28 name="Security" time=132.325 map=fy_snow players=30
L 10/01/2026 - 21:40:31: [SPAWN] id=28 name="Security" time=132.336 map=fy_snow players=30
L 10/01/2026 - 21:40:31: [SPAWN] id=28 name="Security" time=132.346 map=fy_snow players=30
L 10/01/2026 - 21:40:31: [SPAWN] id=28 name="Security" time=132.355 map=fy_snow players=30
L 10/01/2026 - 21:40:31: [SPAWN] id=28 name="Security" time=132.365 map=fy_snow players=30
L 10/01/2026 - 21:40:31: [SPAWN] id=28 name="Security" time=132.375 map=fy_snow players=30
L 10/01/2026 - 21:40:31: [SPAWN] id=28 name="Security" time=132.385 map=fy_snow players=30
L 10/01/2026 - 21:40:31: [SPAWN] id=28 name="Security" time=132.395 map=fy_snow players=30
L 10/01/2026 - 21:40:31: [SPAWN] id=28 name="Security" time=132.405 map=fy_snow players=30
L 10/01/2026 - 21:40:31: [SPAWN] id=28 name="Security" time=132.417 map=fy_snow players=30
L 10/01/2026 - 21:40:31: [SPAWN] id=28 name="Security" time=132.427 map=fy_snow players=30
L 10/01/2026 - 21:40:31: [SPAWN] id=28 name="Security" time=132.435 map=fy_snow players=30
L 10/01/2026 - 21:40:31: [SPAWN] id=28 name="Security" time=132.445 map=fy_snow players=30
L 10/01/2026 - 21:40:31: [SPAWN] id=28 name="Security" time=132.455 map=fy_snow players=30
L 10/01/2026 - 21:40:31: [SPAWN] id=28 name="Security" time=132.465 map=fy_snow players=30
L 10/01/2026 - 21:40:31: [SPAWN] id=28 name="Security" time=132.475 map=fy_snow players=30
L 10/01/2026 - 21:40:31: [SPAWN] id=28 name="Security" time=132.485 map=fy_snow players=30
L 10/01/2026 - 21:40:31: [SPAWN] id=28 name="Security" time=132.494 map=fy_snow players=30
L 10/01/2026 - 21:40:31: [SPAWN] id=28 name="Security" time=132.504 map=fy_snow players=30
L 10/01/2026 - 21:40:31: [SPAWN] id=28 name="Security" time=132.515 map=fy_snow players=30
L 10/01/2026 - 21:40:31: [SPAWN] id=28 name="Security" time=132.525 map=fy_snow players=30
L 10/01/2026 - 21:40:31: [SPAWN] id=28 name="Security" time=132.534 map=fy_snow players=30
L 10/01/2026 - 21:40:31: [SPAWN] id=28 name="Security" time=132.544 map=fy_snow players=30
L 10/01/2026 - 21:40:31: [SPAWN] id=28 name="Security" time=132.555 map=fy_snow players=30
L 10/01/2026 - 21:40:31: [SPAWN] id=28 name="Security" time=132.565 map=fy_snow players=30
L 10/01/2026 - 21:40:31: [SPAWN] id=28 name="Security" time=132.574 map=fy_snow players=30
L 10/01/2026 - 21:40:31: [SPAWN] id=28 name="Security" time=132.584 map=fy_snow players=30
L 10/01/2026 - 21:40:31: [SPAWN] id=28 name="Security" time=132.594 map=fy_snow players=30
L 10/01/2026 - 21:40:31: [SPAWN] id=28 name="Security" time=132.604 map=fy_snow players=30
L 10/01/2026 - 21:40:31: [SPAWN] id=28 name="Security" time=132.614 map=fy_snow players=30
L 10/01/2026 - 21:40:31: [SPAWN] id=28 name="Security" time=132.624 map=fy_snow players=30
L 10/01/2026 - 21:40:31: [SPAWN] id=28 name="Security" time=132.633 map=fy_snow players=30
L 10/01/2026 - 21:40:31: [SPAWN] id=28 name="Security" time=132.643 map=fy_snow players=30
L 10/01/2026 - 21:40:31: [SPAWN] id=28 name="Security" time=132.654 map=fy_snow players=30
L 10/01/2026 - 21:40:31: [SPAWN] id=28 name="Security" time=132.664 map=fy_snow players=30
L 10/01/2026 - 21:40:31: [SPAWN] id=28 name="Security" time=132.673 map=fy_snow players=30
L 10/01/2026 - 21:40:31: [SPAWN] id=28 name="Security" time=132.683 map=fy_snow players=30
L 10/01/2026 - 21:40:31: [SPAWN] id=28 name="Security" time=132.693 map=fy_snow players=30
L 10/01/2026 - 21:40:31: [SPAWN] id=28 name="Security" time=132.703 map=fy_snow players=30
L 10/01/2026 - 21:40:31: [SPAWN] id=28 name="Security" time=132.714 map=fy_snow players=30
L 10/01/2026 - 21:40:31: [SPAWN] id=28 name="Security" time=132.724 map=fy_snow players=30
L 10/01/2026 - 21:40:31: [SPAWN] id=28 name="Security" time=132.734 map=fy_snow players=30
L 10/01/2026 - 21:40:31: [SPAWN] id=28 name="Security" time=132.744 map=fy_snow players=30
L 10/01/2026 - 21:40:31: [SPAWN] id=28 name="Security" time=132.754 map=fy_snow players=30
L 10/01/2026 - 21:40:31: [SPAWN] id=28 name="Security" time=132.764 map=fy_snow players=30
L 10/01/2026 - 21:40:31: [SPAWN] id=28 name="Security" time=132.774 map=fy_snow players=30
L 10/01/2026 - 21:40:31: [SPAWN] id=28 name="Security" time=132.784 map=fy_snow players=30
L 10/01/2026 - 21:40:31: [SPAWN] id=28 name="Security" time=132.793 map=fy_snow players=30
L 10/01/2026 - 21:40:31: [SPAWN] id=28 name="Security" time=132.803 map=fy_snow players=30
L 10/01/2026 - 21:40:31: [SPAWN] id=28 name="Security" time=132.813 map=fy_snow players=30
L 10/01/2026 - 21:40:31: [SPAWN] id=28 name="Security" time=132.823 map=fy_snow players=30
L 10/01/2026 - 21:40:31: [SPAWN] id=28 name="Security" time=132.833 map=fy_snow players=30
L 10/01/2026 - 21:40:31: [SPAWN] id=28 name="Security" time=132.843 map=fy_snow players=30
L 10/01/2026 - 21:40:31: [SPAWN] id=28 name="Security" time=132.853 map=fy_snow players=30
L 10/01/2026 - 21:40:31: [SPAWN] id=28 name="Security" time=132.863 map=fy_snow players=30
L 10/01/2026 - 21:40:31: [SPAWN] id=28 name="Security" time=132.874 map=fy_snow players=30
L 10/01/2026 - 21:40:31: [SPAWN] id=28 name="Security" time=132.883 map=fy_snow players=30
L 10/01/2026 - 21:40:31: [SPAWN] id=28 name="Security" time=132.894 map=fy_snow players=30
L 10/01/2026 - 21:40:31: [SPAWN] id=28 name="Security" time=132.904 map=fy_snow players=30
L 10/01/2026 - 21:40:31: [SPAWN] id=20 name="San" time=132.921 map=fy_snow players=30
L 10/01/2026 - 21:40:31: [SPAWN] id=28 name="Security" time=132.913 map=fy_snow players=30
L 10/01/2026 - 21:40:31: [SPAWN] id=28 name="Security" time=132.923 map=fy_snow players=30
L 10/01/2026 - 21:40:31: [SPAWN] id=28 name="Security" time=132.932 map=fy_snow players=30
L 10/01/2026 - 21:40:31: [SPAWN] id=28 name="Security" time=132.942 map=fy_snow players=30
L 10/01/2026 - 21:40:31: [SPAWN] id=28 name="Security" time=132.953 map=fy_snow players=30
L 10/01/2026 - 21:40:31: [SPAWN] id=28 name="Security" time=132.962 map=fy_snow players=30
L 10/01/2026 - 21:40:31: [SPAWN] id=28 name="Security" time=132.972 map=fy_snow players=30
L 10/01/2026 - 21:40:31: [SPAWN] id=28 name="Security" time=132.982 map=fy_snow players=30
L 10/01/2026 - 21:40:31: [SPAWN] id=28 name="Security" time=132.992 map=fy_snow players=30
L 10/01/2026 - 21:40:31: [SPAWN] id=28 name="Security" time=133.002 map=fy_snow players=30
L 10/01/2026 - 21:40:31: [SPAWN] id=28 name="Security" time=133.012 map=fy_snow players=30
L 10/01/2026 - 21:40:31: [SPAWN] id=28 name="Security" time=133.022 map=fy_snow players=30
L 10/01/2026 - 21:40:31: [SPAWN] id=28 name="Security" time=133.031 map=fy_snow players=30
L 10/01/2026 - 21:40:31: [SPAWN] id=28 name="Security" time=133.042 map=fy_snow players=30
L 10/01/2026 - 21:40:31: [SPAWN] id=28 name="Security" time=133.052 map=fy_snow players=30
L 10/01/2026 - 21:40:32: [SPAWN] id=28 name="Security" time=133.061 map=fy_snow players=30
L 10/01/2026 - 21:40:32: [SPAWN] id=28 name="Security" time=133.071 map=fy_snow players=30
L 10/01/2026 - 21:40:32: [SPAWN] id=28 name="Security" time=133.082 map=fy_snow players=30
L 10/01/2026 - 21:40:32: [SPAWN] id=28 name="Security" time=133.092 map=fy_snow players=30
L 10/01/2026 - 21:40:32: [SPAWN] id=28 name="Security" time=133.101 map=fy_snow players=30
L 10/01/2026 - 21:40:32: [SPAWN] id=28 name="Security" time=133.111 map=fy_snow players=30
L 10/01/2026 - 21:40:32: [SPAWN] id=28 name="Security" time=133.122 map=fy_snow players=30
L 10/01/2026 - 21:40:32: [SPAWN] id=28 name="Security" time=133.132 map=fy_snow players=30
L 10/01/2026 - 21:40:32: [SPAWN] id=28 name="Security" time=133.143 map=fy_snow players=30
L 10/01/2026 - 21:40:32: [SPAWN] id=28 name="Security" time=133.153 map=fy_snow players=30
L 10/01/2026 - 21:40:32: [SPAWN] id=28 name="Security" time=133.161 map=fy_snow players=30
L 10/01/2026 - 21:40:32: [SPAWN] id=28 name="Security" time=133.171 map=fy_snow players=30
L 10/01/2026 - 21:40:32: [SPAWN] id=28 name="Security" time=133.182 map=fy_snow players=30
L 10/01/2026 - 21:40:32: [SPAWN] id=28 name="Security" time=133.192 map=fy_snow players=30
L 10/01/2026 - 21:40:32: [SPAWN] id=28 name="Security" time=133.201 map=fy_snow players=30
L 10/01/2026 - 21:40:32: [SPAWN] id=28 name="Security" time=133.211 map=fy_snow players=30
L 10/01/2026 - 21:40:32: [SPAWN] id=28 name="Security" time=133.221 map=fy_snow players=30
L 10/01/2026 - 21:40:32: [SPAWN] id=28 name="Security" time=133.231 map=fy_snow players=30
L 10/01/2026 - 21:40:32: [SPAWN] id=28 name="Security" time=133.242 map=fy_snow players=30
L 10/01/2026 - 21:40:32: [SPAWN] id=28 name="Security" time=133.252 map=fy_snow players=30
L 10/01/2026 - 21:40:32: [SPAWN] id=28 name="Security" time=133.261 map=fy_snow players=30
L 10/01/2026 - 21:40:32: [SPAWN] id=28 name="Security" time=133.271 map=fy_snow players=30
L 10/01/2026 - 21:40:32: [SPAWN] id=28 name="Security" time=133.280 map=fy_snow players=30
L 10/01/2026 - 21:40:32: [SPAWN] id=28 name="Security" time=133.290 map=fy_snow players=30
L 10/01/2026 - 21:40:32: [SPAWN] id=28 name="Security" time=133.301 map=fy_snow players=30
L 10/01/2026 - 21:40:32: [SPAWN] id=28 name="Security" time=133.311 map=fy_snow players=30
L 10/01/2026 - 21:40:32: [SPAWN] id=28 name="Security" time=133.320 map=fy_snow players=30
L 10/01/2026 - 21:40:32: [SPAWN] id=28 name="Security" time=133.330 map=fy_snow players=30
L 10/01/2026 - 21:40:32: [SPAWN] id=28 name="Security" time=133.353 map=fy_snow players=30
L 10/01/2026 - 21:40:32: [SPAWN] id=28 name="Security" time=133.363 map=fy_snow players=30
L 10/01/2026 - 21:40:32: [SPAWN] id=28 name="Security" time=133.360 map=fy_snow players=30
L 10/01/2026 - 21:40:32: [SPAWN] id=28 name="Security" time=133.370 map=fy_snow players=30
L 10/01/2026 - 21:40:32: [SPAWN] id=28 name="Security" time=133.380 map=fy_snow players=30
L 10/01/2026 - 21:40:32: [SPAWN] id=28 name="Security" time=133.390 map=fy_snow players=30
L 10/01/2026 - 21:40:32: [SPAWN] id=28 name="Security" time=133.400 map=fy_snow players=30
L 10/01/2026 - 21:40:32: [SPAWN] id=28 name="Security" time=133.410 map=fy_snow players=30
L 10/01/2026 - 21:40:32: [SPAWN] id=28 name="Security" time=133.420 map=fy_snow players=30
L 10/01/2026 - 21:40:32: [SPAWN] id=28 name="Security" time=133.430 map=fy_snow players=30
L 10/01/2026 - 21:40:32: [SPAWN] id=28 name="Security" time=133.441 map=fy_snow players=30
L 10/01/2026 - 21:40:32: [SPAWN] id=28 name="Security" time=133.451 map=fy_snow players=30
L 10/01/2026 - 21:40:32: [SPAWN] id=28 name="Security" time=133.460 map=fy_snow players=30
L 10/01/2026 - 21:40:32: [SPAWN] id=28 name="Security" time=133.470 map=fy_snow players=30
L 10/01/2026 - 21:40:32: [SPAWN] id=28 name="Security" time=133.481 map=fy_snow players=30
L 10/01/2026 - 21:40:32: [SPAWN] id=28 name="Security" time=133.491 map=fy_snow players=30
L 10/01/2026 - 21:40:32: [SPAWN] id=28 name="Security" time=133.500 map=fy_snow players=30
L 10/01/2026 - 21:40:32: [SPAWN] id=28 name="Security" time=133.510 map=fy_snow players=30
L 10/01/2026 - 21:40:32: [SPAWN] id=28 name="Security" time=133.520 map=fy_snow players=30
L 10/01/2026 - 21:40:32: [SPAWN] id=28 name="Security" time=133.529 map=fy_snow players=30
L 10/01/2026 - 21:40:32: [SPAWN] id=28 name="Security" time=133.540 map=fy_snow players=30
L 10/01/2026 - 21:40:32: [SPAWN] id=28 name="Security" time=133.550 map=fy_snow players=30
L 10/01/2026 - 21:40:32: [SPAWN] id=28 name="Security" time=133.560 map=fy_snow players=30
L 10/01/2026 - 21:40:32: [SPAWN] id=28 name="Security" time=133.570 map=fy_snow players=30
L 10/01/2026 - 21:40:32: [SPAWN] id=28 name="Security" time=133.579 map=fy_snow players=30
L 10/01/2026 - 21:40:32: [SPAWN] id=28 name="Security" time=133.589 map=fy_snow players=30
L 10/01/2026 - 21:40:32: [SPAWN] id=28 name="Security" time=133.599 map=fy_snow players=30
L 10/01/2026 - 21:40:32: [SPAWN] id=28 name="Security" time=133.609 map=fy_snow players=30
L 10/01/2026 - 21:40:32: [SPAWN] id=28 name="Security" time=133.619 map=fy_snow players=30
L 10/01/2026 - 21:40:32: [SPAWN] id=28 name="Security" time=133.629 map=fy_snow players=30
L 10/01/2026 - 21:40:32: [SPAWN] id=28 name="Security" time=133.639 map=fy_snow players=30
L 10/01/2026 - 21:40:32: [SPAWN] id=28 name="Security" time=133.649 map=fy_snow players=30
L 10/01/2026 - 21:40:32: [SPAWN] id=28 name="Security" time=133.659 map=fy_snow players=30
L 10/01/2026 - 21:40:32: [SPAWN] id=28 name="Security" time=133.669 map=fy_snow players=30
L 10/01/2026 - 21:40:32: [SPAWN] id=28 name="Security" time=133.679 map=fy_snow players=30
L 10/01/2026 - 21:40:32: [SPAWN] id=28 name="Security" time=133.689 map=fy_snow players=30
L 10/01/2026 - 21:40:32: [SPAWN] id=28 name="Security" time=133.698 map=fy_snow players=30
L 10/01/2026 - 21:40:32: [SPAWN] id=28 name="Security" time=133.708 map=fy_snow players=30
L 10/01/2026 - 21:40:32: [SPAWN] id=28 name="Security" time=133.719 map=fy_snow players=30
L 10/01/2026 - 21:40:32: [SPAWN] id=28 name="Security" time=133.729 map=fy_snow players=30
L 10/01/2026 - 21:40:32: [SPAWN] id=28 name="Security" time=133.739 map=fy_snow players=30
L 10/01/2026 - 21:40:32: [SPAWN] id=28 name="Security" time=133.748 map=fy_snow players=30
L 10/01/2026 - 21:40:32: [SPAWN] id=28 name="Security" time=133.759 map=fy_snow players=30
L 10/01/2026 - 21:40:32: [SPAWN] id=28 name="Security" time=133.769 map=fy_snow players=30
L 10/01/2026 - 21:40:32: [SPAWN] id=28 name="Security" time=133.779 map=fy_snow players=30
L 10/01/2026 - 21:40:32: [SPAWN] id=28 name="Security" time=133.789 map=fy_snow players=30
L 10/01/2026 - 21:40:32: [SPAWN] id=28 name="Security" time=133.798 map=fy_snow players=30
L 10/01/2026 - 21:40:32: [SPAWN] id=28 name="Security" time=133.808 map=fy_snow players=30
L 10/01/2026 - 21:40:32: [SPAWN] id=28 name="Security" time=133.818 map=fy_snow players=30
L 10/01/2026 - 21:40:32: [SPAWN] id=28 name="Security" time=133.828 map=fy_snow players=30
L 10/01/2026 - 21:40:32: [SPAWN] id=28 name="Security" time=133.839 map=fy_snow players=30
L 10/01/2026 - 21:40:32: [SPAWN] id=28 name="Security" time=133.849 map=fy_snow players=30
L 10/01/2026 - 21:40:32: [SPAWN] id=28 name="Security" time=133.858 map=fy_snow players=30
L 10/01/2026 - 21:40:32: [SPAWN] id=28 name="Security" time=133.868 map=fy_snow players=30
L 10/01/2026 - 21:40:32: [SPAWN] id=28 name="Security" time=133.879 map=fy_snow players=30
L 10/01/2026 - 21:40:32: [SPAWN] id=28 name="Security" time=133.889 map=fy_snow players=30
L 10/01/2026 - 21:40:32: [SPAWN] id=28 name="Security" time=133.898 map=fy_snow players=30
L 10/01/2026 - 21:40:32: [SPAWN] id=28 name="Security" time=133.908 map=fy_snow players=30
L 10/01/2026 - 21:40:32: [SPAWN] id=28 name="Security" time=133.918 map=fy_snow players=30
L 10/01/2026 - 21:40:32: [SPAWN] id=28 name="Security" time=133.928 map=fy_snow players=30
L 10/01/2026 - 21:40:32: [SPAWN] id=28 name="Security" time=133.939 map=fy_snow players=30
L 10/01/2026 - 21:40:32: [SPAWN] id=28 name="Security" time=133.948 map=fy_snow players=30
L 10/01/2026 - 21:40:32: [SPAWN] id=28 name="Security" time=133.958 map=fy_snow players=30
L 10/01/2026 - 21:40:32: [SPAWN] id=28 name="Security" time=133.968 map=fy_snow players=30
L 10/01/2026 - 21:40:32: [SPAWN] id=28 name="Security" time=133.977 map=fy_snow players=30
L 10/01/2026 - 21:40:32: [SPAWN] id=28 name="Security" time=133.987 map=fy_snow players=30
L 10/01/2026 - 21:40:32: [SPAWN] id=28 name="Security" time=133.998 map=fy_snow players=30
L 10/01/2026 - 21:40:32: [SPAWN] id=28 name="Security" time=134.008 map=fy_snow players=30
L 10/01/2026 - 21:40:32: [SPAWN] id=28 name="Security" time=134.017 map=fy_snow players=30
L 10/01/2026 - 21:40:32: [SPAWN] id=28 name="Security" time=134.027 map=fy_snow players=30
L 10/01/2026 - 21:40:32: [SPAWN] id=28 name="Security" time=134.037 map=fy_snow players=30
L 10/01/2026 - 21:40:32: [SPAWN] id=28 name="Security" time=134.047 map=fy_snow players=30
L 10/01/2026 - 21:40:33: [SPAWN] id=28 name="Security" time=134.058 map=fy_snow players=30
L 10/01/2026 - 21:40:33: [SPAWN] id=28 name="Security" time=134.068 map=fy_snow players=30
L 10/01/2026 - 21:40:33: [SPAWN] id=28 name="Security" time=134.077 map=fy_snow players=30
L 10/01/2026 - 21:40:33: [SPAWN] id=28 name="Security" time=134.087 map=fy_snow players=30
L 10/01/2026 - 21:40:33: [SPAWN] id=28 name="Security" time=134.097 map=fy_snow players=30
L 10/01/2026 - 21:40:33: [SPAWN] id=28 name="Security" time=134.107 map=fy_snow players=30
L 10/01/2026 - 21:40:33: [SPAWN] id=28 name="Security" time=134.117 map=fy_snow players=30
L 10/01/2026 - 21:40:33: [SPAWN] id=28 name="Security" time=134.127 map=fy_snow players=30
L 10/01/2026 - 21:40:33: [SPAWN] id=28 name="Security" time=134.136 map=fy_snow players=30
L 10/01/2026 - 21:40:33: [SPAWN] id=28 name="Security" time=134.146 map=fy_snow players=30
L 10/01/2026 - 21:40:33: [SPAWN] id=28 name="Security" time=134.157 map=fy_snow players=30
L 10/01/2026 - 21:40:33: [SPAWN] id=28 name="Security" time=134.167 map=fy_snow players=30
L 10/01/2026 - 21:40:33: [SPAWN] id=28 name="Security" time=134.176 map=fy_snow players=30
L 10/01/2026 - 21:40:33: [SPAWN] id=28 name="Security" time=134.186 map=fy_snow players=30
L 10/01/2026 - 21:40:33: [SPAWN] id=28 name="Security" time=134.198 map=fy_snow players=30
L 10/01/2026 - 21:40:33: [SPAWN] id=28 name="Security" time=134.208 map=fy_snow players=30
L 10/01/2026 - 21:40:33: [SPAWN] id=28 name="Security" time=134.216 map=fy_snow players=30
L 10/01/2026 - 21:40:33: [SPAWN] id=28 name="Security" time=134.226 map=fy_snow players=30
L 10/01/2026 - 21:40:33: [SPAWN] id=28 name="Security" time=134.236 map=fy_snow players=30
L 10/01/2026 - 21:40:33: [SPAWN] id=28 name="Security" time=134.246 map=fy_snow players=30
L 10/01/2026 - 21:40:33: [SPAWN] id=28 name="Security" time=134.256 map=fy_snow players=30
L 10/01/2026 - 21:40:33: [SPAWN] id=28 name="Security" time=134.266 map=fy_snow players=30
L 10/01/2026 - 21:40:33: [SPAWN] id=28 name="Security" time=134.276 map=fy_snow players=30
L 10/01/2026 - 21:40:33: [SPAWN] id=28 name="Security" time=134.286 map=fy_snow players=30
L 10/01/2026 - 21:40:33: [SPAWN] id=28 name="Security" time=134.296 map=fy_snow players=30
L 10/01/2026 - 21:40:33: [SPAWN] id=28 name="Security" time=134.306 map=fy_snow players=30
L 10/01/2026 - 21:40:33: [SPAWN] id=28 name="Security" time=134.316 map=fy_snow players=30
L 10/01/2026 - 21:40:33: [SPAWN] id=28 name="Security" time=134.326 map=fy_snow players=30
L 10/01/2026 - 21:40:33: [SPAWN] id=28 name="Security" time=134.336 map=fy_snow players=30
L 10/01/2026 - 21:40:33: [SPAWN] id=28 name="Security" time=134.346 map=fy_snow players=30
L 10/01/2026 - 21:40:33: [SPAWN] id=28 name="Security" time=134.356 map=fy_snow players=30
L 10/01/2026 - 21:40:33: [SPAWN] id=28 name="Security" time=134.366 map=fy_snow players=30
L 10/01/2026 - 21:40:33: [SPAWN] id=28 name="Security" time=134.376 map=fy_snow players=30
L 10/01/2026 - 21:40:33: [SPAWN] id=28 name="Security" time=134.385 map=fy_snow players=30
L 10/01/2026 - 21:40:33: [SPAWN] id=28 name="Security" time=134.395 map=fy_snow players=30
L 10/01/2026 - 21:40:33: [SPAWN] id=28 name="Security" time=134.405 map=fy_snow players=30
L 10/01/2026 - 21:40:33: [SPAWN] id=28 name="Security" time=134.415 map=fy_snow players=30
L 10/01/2026 - 21:40:33: [SPAWN] id=28 name="Security" time=134.426 map=fy_snow players=30
L 10/01/2026 - 21:40:33: [SPAWN] id=28 name="Security" time=134.436 map=fy_snow players=30
L 10/01/2026 - 21:40:33: [SPAWN] id=28 name="Security" time=134.445 map=fy_snow players=30
L 10/01/2026 - 21:40:33: [SPAWN] id=28 name="Security" time=134.455 map=fy_snow players=30
